[2m2026-09-04T07:51:50.862806Z[0m [32m INFO[0m starting copperdb [3mversion[0m[2m=[0mv0.1.0
[2m2026-09-04T07:51:50.862933Z[0m [33m WARN[0m authentication disabled by explicit --no-auth override
[2m2026-09-04T07:51:50.869287Z[0m [32m INFO[0m Recovering LSM-tree at /Users/timothysweet/src/copperDB/target/northwind-benchmark/copperdb-auth/keyspaces/0
[2m2026-09-04T07:51:50.869594Z[0m [32m INFO[0m Recovering current manifest at /Users/timothysweet/src/copperDB/target/northwind-benchmark/copperdb-auth/keyspaces/0/v6
[2m2026-09-04T07:51:50.870741Z[0m [32m INFO[0m Recovering LSM-tree at /Users/timothysweet/src/copperDB/target/northwind-benchmark/copperdb-auth/keyspaces/1
[2m2026-09-04T07:51:50.870926Z[0m [32m INFO[0m Recovering current manifest at /Users/timothysweet/src/copperDB/target/northwind-benchmark/copperdb-auth/keyspaces/1/v0
[2m2026-09-04T07:51:50.871253Z[0m [32m INFO[0m Recovering LSM-tree at /Users/timothysweet/src/copperDB/target/northwind-benchmark/copperdb-auth/keyspaces/4
[2m2026-09-04T07:51:50.871301Z[0m [32m INFO[0m Recovering current manifest at /Users/timothysweet/src/copperDB/target/northwind-benchmark/copperdb-auth/keyspaces/4/v0
[2m2026-09-04T07:51:50.871623Z[0m [32m INFO[0m Recovering LSM-tree at /Users/timothysweet/src/copperDB/target/northwind-benchmark/copperdb-auth/keyspaces/3
[2m2026-09-04T07:51:50.871818Z[0m [32m INFO[0m Recovering current manifest at /Users/timothysweet/src/copperDB/target/northwind-benchmark/copperdb-auth/keyspaces/3/v0
[2m2026-09-04T07:51:50.872220Z[0m [32m INFO[0m Recovering LSM-tree at /Users/timothysweet/src/copperDB/target/northwind-benchmark/copperdb-auth/keyspaces/2
[2m2026-09-04T07:51:50.872361Z[0m [32m INFO[0m Recovering current manifest at /Users/timothysweet/src/copperDB/target/northwind-benchmark/copperdb-auth/keyspaces/2/v0
[2m2026-09-04T07:51:50.959059Z[0m [32m INFO[0m Finished ingestion writer
[2m2026-09-04T07:51:51.033025Z[0m [32m INFO[0m Finished ingestion writer
[2m2026-09-04T07:51:51.079951Z[0m [32m INFO[0m Finished ingestion writer
[2m2026-09-04T07:51:51.148069Z[0m [32m INFO[0m Finished ingestion writer
[2m2026-09-04T07:51:51.177241Z[0m [32m INFO[0m Recovering LSM-tree at /Users/timothysweet/src/copperDB/target/northwind-benchmark/copperdb-data/copperdb-multidb/keyspaces/0
[2m2026-09-04T07:51:51.177268Z[0m [32m INFO[0m Recovering current manifest at /Users/timothysweet/src/copperDB/target/northwind-benchmark/copperdb-data/copperdb-multidb/keyspaces/0/v6
[2m2026-09-04T07:51:51.177849Z[0m [32m INFO[0m Recovering LSM-tree at /Users/timothysweet/src/copperDB/target/northwind-benchmark/copperdb-data/copperdb-multidb/keyspaces/1
[2m2026-09-04T07:51:51.177865Z[0m [32m INFO[0m Recovering current manifest at /Users/timothysweet/src/copperDB/target/northwind-benchmark/copperdb-data/copperdb-multidb/keyspaces/1/v0
[2m2026-09-04T07:51:51.178029Z[0m [32m INFO[0m Recovering LSM-tree at /Users/timothysweet/src/copperDB/target/northwind-benchmark/copperdb-data/copperdb-multidb/keyspaces/4
[2m2026-09-04T07:51:51.178045Z[0m [32m INFO[0m Recovering current manifest at /Users/timothysweet/src/copperDB/target/northwind-benchmark/copperdb-data/copperdb-multidb/keyspaces/4/v0
[2m2026-09-04T07:51:51.178213Z[0m [32m INFO[0m Recovering LSM-tree at /Users/timothysweet/src/copperDB/target/northwind-benchmark/copperdb-data/copperdb-multidb/keyspaces/3
[2m2026-09-04T07:51:51.178238Z[0m [32m INFO[0m Recovering current manifest at /Users/timothysweet/src/copperDB/target/northwind-benchmark/copperdb-data/copperdb-multidb/keyspaces/3/v0
[2m2026-09-04T07:51:51.178548Z[0m [32m INFO[0m Recovering LSM-tree at /Users/timothysweet/src/copperDB/target/northwind-benchmark/copperdb-data/copperdb-multidb/keyspaces/2
[2m2026-09-04T07:51:51.178576Z[0m [32m INFO[0m Recovering current manifest at /Users/timothysweet/src/copperDB/target/northwind-benchmark/copperdb-data/copperdb-multidb/keyspaces/2/v0
[2m2026-09-04T07:51:51.249080Z[0m [32m INFO[0m Finished ingestion writer
[2m2026-09-04T07:51:51.313068Z[0m [32m INFO[0m Finished ingestion writer
[2m2026-09-04T07:51:51.360093Z[0m [32m INFO[0m Finished ingestion writer
[2m2026-09-04T07:51:51.428104Z[0m [32m INFO[0m Finished ingestion writer
[2m2026-09-04T07:51:51.450068Z[0m [32m INFO[0m copperdb Bolt server listening [3mlisten_addr[0m[2m=[0m127.0.0.1:17688
[2m2026-09-04T07:51:51.450122Z[0m [32m INFO[0m copperdb telemetry listener listening [3mlisten_addr[0m[2m=[0m127.0.0.1:9090
[2m2026-09-04T07:51:51.450145Z[0m [32m INFO[0m copperdb HTTP server listening [3mlisten_addr[0m[2m=[0m127.0.0.1:17475
[2m2026-09-04T07:51:52.201735Z[0m [32m INFO[0m bolt tcp session started [3mevent_id[0m[2m=[0m"bolt.log.hello" [3mpeer[0m[2m=[0m127.0.0.1:50703 [3mtransport[0m[2m=[0m"tcp"
[2m2026-09-04T07:51:52.201835Z[0m [33m WARN[0m bolt tcp failed [3mevent_id[0m[2m=[0m"bolt.log.message_handling_error" [3mpeer_addr[0m[2m=[0m127.0.0.1:50703 [3merror[0m[2m=[0mIO error: early eof
[2m2026-09-04T07:51:52.214983Z[0m [32m INFO[0m bolt tcp session started [3mevent_id[0m[2m=[0m"bolt.log.hello" [3mpeer[0m[2m=[0m127.0.0.1:50704 [3mtransport[0m[2m=[0m"tcp"
[2m2026-09-04T07:51:52.215020Z[0m [32m INFO[0m bolt tcp version sent [3mevent_id[0m[2m=[0m"bolt.log.hello" [3mpeer[0m[2m=[0m127.0.0.1:50704 [3mtransport[0m[2m=[0m"tcp" [3mprotocol_version[0m[2m=[0m"4.4"
[2m2026-09-04T07:51:52.215146Z[0m [32m INFO[0m bolt message received [3mevent_id[0m[2m=[0m"bolt.log.run" [3msignature[0m[2m=[0m"0x01"
[2m2026-09-04T07:51:52.215159Z[0m [32m INFO[0m bolt HELLO succeeded [3mevent_id[0m[2m=[0m"bolt.log.hello" [3mauthenticated[0m[2m=[0mtrue
[2m2026-09-04T07:51:52.215188Z[0m [32m INFO[0m bolt sending responses [3mevent_id[0m[2m=[0m"bolt.log.run" [3mresponse_count[0m[2m=[0m1 [3mresponse_bytes[0m[2m=[0m75 [3mtransport[0m[2m=[0m"tcp"
[2m2026-09-04T07:51:52.215347Z[0m [32m INFO[0m bolt message received [3mevent_id[0m[2m=[0m"bolt.log.run" [3msignature[0m[2m=[0m"0x10"
[2m2026-09-04T07:51:52.305696Z[0m [32m INFO[0m [1mnornicdb.bolt.run[0m:[1mnornicdb.cypher.execute[0m: Finished ingestion writer [2m[3mdb.system[0m[2m=[0m"neo4j"[0m [2m[3mdb.operation.name[0m[2m=[0m"read"[0m
[2m2026-09-04T07:51:52.379742Z[0m [32m INFO[0m [1mnornicdb.bolt.run[0m:[1mnornicdb.cypher.execute[0m: Finished ingestion writer [2m[3mdb.system[0m[2m=[0m"neo4j"[0m [2m[3mdb.operation.name[0m[2m=[0m"read"[0m
[2m2026-09-04T07:51:52.442808Z[0m [32m INFO[0m [1mnornicdb.bolt.run[0m:[1mnornicdb.cypher.execute[0m: Finished ingestion writer [2m[3mdb.system[0m[2m=[0m"neo4j"[0m [2m[3mdb.operation.name[0m[2m=[0m"read"[0m
[2m2026-09-04T07:51:52.527887Z[0m [32m INFO[0m [1mnornicdb.bolt.run[0m:[1mnornicdb.cypher.execute[0m: Finished ingestion writer [2m[3mdb.system[0m[2m=[0m"neo4j"[0m [2m[3mdb.operation.name[0m[2m=[0m"read"[0m
[2m2026-09-04T07:51:52.556772Z[0m [32m INFO[0m [1mnornicdb.bolt.run[0m:[1mnornicdb.cypher.execute[0m: query phase breakdown [3mquery_hash[0m[2m=[0m11314201847142228220 [3mphase_parse_cache_us[0m[2m=[0m283 [3mphase_compliance_us[0m[2m=[0m68 [3mphase_pattern_us[0m[2m=[0m97 [3mphase_eval_us[0m[2m=[0m746 [3mphase_audit_us[0m[2m=[0m1313 [3mphase_total_us[0m[2m=[0m2507 [2m[3mdb.system[0m[2m=[0m"neo4j"[0m [2m[3mdb.operation.name[0m[2m=[0m"read"[0m
[2m2026-09-04T07:51:52.557062Z[0m [32m INFO[0m bolt RUN executed [3mevent_id[0m[2m=[0m"bolt.log.query" [3mquery[0m[2m=[0mMATCH (n) DETACH DELETE n [3mfields[0m[2m=[0m[]
[2m2026-09-04T07:51:52.557131Z[0m [32m INFO[0m bolt message received [3mevent_id[0m[2m=[0m"bolt.log.run" [3msignature[0m[2m=[0m"0x3F"
[2m2026-09-04T07:51:52.557156Z[0m [32m INFO[0m bolt sending responses [3mevent_id[0m[2m=[0m"bolt.log.run" [3mresponse_count[0m[2m=[0m2 [3mresponse_bytes[0m[2m=[0m58 [3mtransport[0m[2m=[0m"tcp"
[2m2026-09-04T07:51:52.557732Z[0m [32m INFO[0m bolt message received [3mevent_id[0m[2m=[0m"bolt.log.run" [3msignature[0m[2m=[0m"0x10"
[2m2026-09-04T07:51:52.559318Z[0m [32m INFO[0m [1mnornicdb.bolt.run[0m:[1mnornicdb.cypher.execute[0m: query phase breakdown [3mquery_hash[0m[2m=[0m6089842656786068637 [3mphase_parse_cache_us[0m[2m=[0m67 [3mphase_compliance_us[0m[2m=[0m3 [3mphase_pattern_us[0m[2m=[0m20 [3mphase_eval_us[0m[2m=[0m195 [3mphase_audit_us[0m[2m=[0m1113 [3mphase_total_us[0m[2m=[0m1398 [2m[3mdb.system[0m[2m=[0m"neo4j"[0m [2m[3mdb.operation.name[0m[2m=[0m"schema"[0m
[2m2026-09-04T07:51:52.559367Z[0m [32m INFO[0m bolt RUN executed [3mevent_id[0m[2m=[0m"bolt.log.query" [3mquery[0m[2m=[0mCREATE INDEX category_id IF NOT EXISTS FOR (n:Category) ON (n.categoryID) [3mfields[0m[2m=[0m[]
[2m2026-09-04T07:51:52.559393Z[0m [32m INFO[0m bolt message received [3mevent_id[0m[2m=[0m"bolt.log.run" [3msignature[0m[2m=[0m"0x3F"
[2m2026-09-04T07:51:52.559412Z[0m [32m INFO[0m bolt sending responses [3mevent_id[0m[2m=[0m"bolt.log.run" [3mresponse_count[0m[2m=[0m2 [3mresponse_bytes[0m[2m=[0m58 [3mtransport[0m[2m=[0m"tcp"
[2m2026-09-04T07:51:52.559608Z[0m [32m INFO[0m bolt message received [3mevent_id[0m[2m=[0m"bolt.log.run" [3msignature[0m[2m=[0m"0x10"
[2m2026-09-04T07:51:52.560516Z[0m [32m INFO[0m [1mnornicdb.bolt.run[0m:[1mnornicdb.cypher.execute[0m: query phase breakdown [3mquery_hash[0m[2m=[0m9506247021969260077 [3mphase_parse_cache_us[0m[2m=[0m16 [3mphase_compliance_us[0m[2m=[0m1 [3mphase_pattern_us[0m[2m=[0m18 [3mphase_eval_us[0m[2m=[0m75 [3mphase_audit_us[0m[2m=[0m742 [3mphase_total_us[0m[2m=[0m852 [2m[3mdb.system[0m[2m=[0m"neo4j"[0m [2m[3mdb.operation.name[0m[2m=[0m"schema"[0m
[2m2026-09-04T07:51:52.560552Z[0m [32m INFO[0m bolt RUN executed [3mevent_id[0m[2m=[0m"bolt.log.query" [3mquery[0m[2m=[0mCREATE INDEX supplier_id IF NOT EXISTS FOR (n:Supplier) ON (n.supplierID) [3mfields[0m[2m=[0m[]
[2m2026-09-04T07:51:52.560573Z[0m [32m INFO[0m bolt message received [3mevent_id[0m[2m=[0m"bolt.log.run" [3msignature[0m[2m=[0m"0x3F"
[2m2026-09-04T07:51:52.560590Z[0m [32m INFO[0m bolt sending responses [3mevent_id[0m[2m=[0m"bolt.log.run" [3mresponse_count[0m[2m=[0m2 [3mresponse_bytes[0m[2m=[0m58 [3mtransport[0m[2m=[0m"tcp"
[2m2026-09-04T07:51:52.560758Z[0m [32m INFO[0m bolt message received [3mevent_id[0m[2m=[0m"bolt.log.run" [3msignature[0m[2m=[0m"0x10"
[2m2026-09-04T07:51:52.561358Z[0m [32m INFO[0m [1mnornicdb.bolt.run[0m:[1mnornicdb.cypher.execute[0m: query phase breakdown [3mquery_hash[0m[2m=[0m4048038535781300645 [3mphase_parse_cache_us[0m[2m=[0m11 [3mphase_compliance_us[0m[2m=[0m0 [3mphase_pattern_us[0m[2m=[0m13 [3mphase_eval_us[0m[2m=[0m50 [3mphase_audit_us[0m[2m=[0m502 [3mphase_total_us[0m[2m=[0m576 [2m[3mdb.system[0m[2m=[0m"neo4j"[0m [2m[3mdb.operation.name[0m[2m=[0m"schema"[0m
[2m2026-09-04T07:51:52.561382Z[0m [32m INFO[0m bolt RUN executed [3mevent_id[0m[2m=[0m"bolt.log.query" [3mquery[0m[2m=[0mCREATE INDEX customer_id IF NOT EXISTS FOR (n:Customer) ON (n.customerID) [3mfields[0m[2m=[0m[]
[2m2026-09-04T07:51:52.561397Z[0m [32m INFO[0m bolt message received [3mevent_id[0m[2m=[0m"bolt.log.run" [3msignature[0m[2m=[0m"0x3F"
[2m2026-09-04T07:51:52.561408Z[0m [32m INFO[0m bolt sending responses [3mevent_id[0m[2m=[0m"bolt.log.run" [3mresponse_count[0m[2m=[0m2 [3mresponse_bytes[0m[2m=[0m58 [3mtransport[0m[2m=[0m"tcp"
[2m2026-09-04T07:51:52.561639Z[0m [32m INFO[0m bolt message received [3mevent_id[0m[2m=[0m"bolt.log.run" [3msignature[0m[2m=[0m"0x10"
[2m2026-09-04T07:51:52.562355Z[0m [32m INFO[0m [1mnornicdb.bolt.run[0m:[1mnornicdb.cypher.execute[0m: query phase breakdown [3mquery_hash[0m[2m=[0m1135486239137880024 [3mphase_parse_cache_us[0m[2m=[0m7 [3mphase_compliance_us[0m[2m=[0m0 [3mphase_pattern_us[0m[2m=[0m12 [3mphase_eval_us[0m[2m=[0m57 [3mphase_audit_us[0m[2m=[0m615 [3mphase_total_us[0m[2m=[0m691 [2m[3mdb.system[0m[2m=[0m"neo4j"[0m [2m[3mdb.operation.name[0m[2m=[0m"schema"[0m
[2m2026-09-04T07:51:52.562384Z[0m [32m INFO[0m bolt RUN executed [3mevent_id[0m[2m=[0m"bolt.log.query" [3mquery[0m[2m=[0mCREATE INDEX product_id IF NOT EXISTS FOR (n:Product) ON (n.productID) [3mfields[0m[2m=[0m[]
[2m2026-09-04T07:51:52.562396Z[0m [32m INFO[0m bolt message received [3mevent_id[0m[2m=[0m"bolt.log.run" [3msignature[0m[2m=[0m"0x3F"
[2m2026-09-04T07:51:52.562408Z[0m [32m INFO[0m bolt sending responses [3mevent_id[0m[2m=[0m"bolt.log.run" [3mresponse_count[0m[2m=[0m2 [3mresponse_bytes[0m[2m=[0m58 [3mtransport[0m[2m=[0m"tcp"
[2m2026-09-04T07:51:52.562633Z[0m [32m INFO[0m bolt message received [3mevent_id[0m[2m=[0m"bolt.log.run" [3msignature[0m[2m=[0m"0x10"
[2m2026-09-04T07:51:52.563246Z[0m [32m INFO[0m [1mnornicdb.bolt.run[0m:[1mnornicdb.cypher.execute[0m: query phase breakdown [3mquery_hash[0m[2m=[0m10764349625560619799 [3mphase_parse_cache_us[0m[2m=[0m7 [3mphase_compliance_us[0m[2m=[0m0 [3mphase_pattern_us[0m[2m=[0m11 [3mphase_eval_us[0m[2m=[0m59 [3mphase_audit_us[0m[2m=[0m511 [3mphase_total_us[0m[2m=[0m588 [2m[3mdb.system[0m[2m=[0m"neo4j"[0m [2m[3mdb.operation.name[0m[2m=[0m"schema"[0m
[2m2026-09-04T07:51:52.563265Z[0m [32m INFO[0m bolt RUN executed [3mevent_id[0m[2m=[0m"bolt.log.query" [3mquery[0m[2m=[0mCREATE INDEX order_id IF NOT EXISTS FOR (n:Order) ON (n.orderID) [3mfields[0m[2m=[0m[]
[2m2026-09-04T07:51:52.563276Z[0m [32m INFO[0m bolt message received [3mevent_id[0m[2m=[0m"bolt.log.run" [3msignature[0m[2m=[0m"0x3F"
[2m2026-09-04T07:51:52.563286Z[0m [32m INFO[0m bolt sending responses [3mevent_id[0m[2m=[0m"bolt.log.run" [3mresponse_count[0m[2m=[0m2 [3mresponse_bytes[0m[2m=[0m58 [3mtransport[0m[2m=[0m"tcp"
[2m2026-09-04T07:51:52.563537Z[0m [32m INFO[0m bolt message received [3mevent_id[0m[2m=[0m"bolt.log.run" [3msignature[0m[2m=[0m"0x10"
[2m2026-09-04T07:51:52.564374Z[0m [32m INFO[0m [1mnornicdb.bolt.run[0m:[1mnornicdb.cypher.execute[0m: query phase breakdown [3mquery_hash[0m[2m=[0m8090245429026906811 [3mphase_parse_cache_us[0m[2m=[0m6 [3mphase_compliance_us[0m[2m=[0m0 [3mphase_pattern_us[0m[2m=[0m16 [3mphase_eval_us[0m[2m=[0m96 [3mphase_audit_us[0m[2m=[0m646 [3mphase_total_us[0m[2m=[0m764 [2m[3mdb.system[0m[2m=[0m"neo4j"[0m [2m[3mdb.operation.name[0m[2m=[0m"schema"[0m
[2m2026-09-04T07:51:52.564405Z[0m [32m INFO[0m bolt RUN executed [3mevent_id[0m[2m=[0m"bolt.log.query" [3mquery[0m[2m=[0mCREATE INDEX product_category_fk IF NOT EXISTS FOR (n:Product) ON (n._categoryID) [3mfields[0m[2m=[0m[]
[2m2026-09-04T07:51:52.564423Z[0m [32m INFO[0m bolt message received [3mevent_id[0m[2m=[0m"bolt.log.run" [3msignature[0m[2m=[0m"0x3F"
[2m2026-09-04T07:51:52.564435Z[0m [32m INFO[0m bolt sending responses [3mevent_id[0m[2m=[0m"bolt.log.run" [3mresponse_count[0m[2m=[0m2 [3mresponse_bytes[0m[2m=[0m58 [3mtransport[0m[2m=[0m"tcp"
[2m2026-09-04T07:51:52.564761Z[0m [32m INFO[0m bolt message received [3mevent_id[0m[2m=[0m"bolt.log.run" [3msignature[0m[2m=[0m"0x10"
[2m2026-09-04T07:51:52.565411Z[0m [32m INFO[0m [1mnornicdb.bolt.run[0m:[1mnornicdb.cypher.execute[0m: query phase breakdown [3mquery_hash[0m[2m=[0m217313013306946643 [3mphase_parse_cache_us[0m[2m=[0m4 [3mphase_compliance_us[0m[2m=[0m0 [3mphase_pattern_us[0m[2m=[0m13 [3mphase_eval_us[0m[2m=[0m75 [3mphase_audit_us[0m[2m=[0m534 [3mphase_total_us[0m[2m=[0m626 [2m[3mdb.system[0m[2m=[0m"neo4j"[0m [2m[3mdb.operation.name[0m[2m=[0m"schema"[0m
[2m2026-09-04T07:51:52.565431Z[0m [32m INFO[0m bolt RUN executed [3mevent_id[0m[2m=[0m"bolt.log.query" [3mquery[0m[2m=[0mCREATE INDEX product_supplier_fk IF NOT EXISTS FOR (n:Product) ON (n._supplierID) [3mfields[0m[2m=[0m[]
[2m2026-09-04T07:51:52.565443Z[0m [32m INFO[0m bolt message received [3mevent_id[0m[2m=[0m"bolt.log.run" [3msignature[0m[2m=[0m"0x3F"
[2m2026-09-04T07:51:52.565463Z[0m [32m INFO[0m bolt sending responses [3mevent_id[0m[2m=[0m"bolt.log.run" [3mresponse_count[0m[2m=[0m2 [3mresponse_bytes[0m[2m=[0m58 [3mtransport[0m[2m=[0m"tcp"
[2m2026-09-04T07:51:52.565708Z[0m [32m INFO[0m bolt message received [3mevent_id[0m[2m=[0m"bolt.log.run" [3msignature[0m[2m=[0m"0x10"
[2m2026-09-04T07:51:52.566277Z[0m [32m INFO[0m [1mnornicdb.bolt.run[0m:[1mnornicdb.cypher.execute[0m: query phase breakdown [3mquery_hash[0m[2m=[0m1007633684323272585 [3mphase_parse_cache_us[0m[2m=[0m7 [3mphase_compliance_us[0m[2m=[0m0 [3mphase_pattern_us[0m[2m=[0m13 [3mphase_eval_us[0m[2m=[0m80 [3mphase_audit_us[0m[2m=[0m448 [3mphase_total_us[0m[2m=[0m548 [2m[3mdb.system[0m[2m=[0m"neo4j"[0m [2m[3mdb.operation.name[0m[2m=[0m"schema"[0m
[2m2026-09-04T07:51:52.566295Z[0m [32m INFO[0m bolt RUN executed [3mevent_id[0m[2m=[0m"bolt.log.query" [3mquery[0m[2m=[0mCREATE INDEX order_customer_fk IF NOT EXISTS FOR (n:Order) ON (n._customerID) [3mfields[0m[2m=[0m[]
[2m2026-09-04T07:51:52.566306Z[0m [32m INFO[0m bolt message received [3mevent_id[0m[2m=[0m"bolt.log.run" [3msignature[0m[2m=[0m"0x3F"
[2m2026-09-04T07:51:52.566316Z[0m [32m INFO[0m bolt sending responses [3mevent_id[0m[2m=[0m"bolt.log.run" [3mresponse_count[0m[2m=[0m2 [3mresponse_bytes[0m[2m=[0m58 [3mtransport[0m[2m=[0m"tcp"
[2m2026-09-04T07:51:52.566553Z[0m [32m INFO[0m bolt message received [3mevent_id[0m[2m=[0m"bolt.log.run" [3msignature[0m[2m=[0m"0x10"
[2m2026-09-04T07:51:52.567088Z[0m [32m INFO[0m [1mnornicdb.bolt.run[0m:[1mnornicdb.cypher.execute[0m: query phase breakdown [3mquery_hash[0m[2m=[0m16169962372838902036 [3mphase_parse_cache_us[0m[2m=[0m3 [3mphase_compliance_us[0m[2m=[0m0 [3mphase_pattern_us[0m[2m=[0m12 [3mphase_eval_us[0m[2m=[0m88 [3mphase_audit_us[0m[2m=[0m404 [3mphase_total_us[0m[2m=[0m507 [2m[3mdb.system[0m[2m=[0m"neo4j"[0m [2m[3mdb.operation.name[0m[2m=[0m"schema"[0m
[2m2026-09-04T07:51:52.567105Z[0m [32m INFO[0m bolt RUN executed [3mevent_id[0m[2m=[0m"bolt.log.query" [3mquery[0m[2m=[0mCREATE INDEX product_name IF NOT EXISTS FOR (n:Product) ON (n.productName) [3mfields[0m[2m=[0m[]
[2m2026-09-04T07:51:52.567115Z[0m [32m INFO[0m bolt message received [3mevent_id[0m[2m=[0m"bolt.log.run" [3msignature[0m[2m=[0m"0x3F"
[2m2026-09-04T07:51:52.567123Z[0m [32m INFO[0m bolt sending responses [3mevent_id[0m[2m=[0m"bolt.log.run" [3mresponse_count[0m[2m=[0m2 [3mresponse_bytes[0m[2m=[0m58 [3mtransport[0m[2m=[0m"tcp"
[2m2026-09-04T07:51:52.567348Z[0m [32m INFO[0m bolt message received [3mevent_id[0m[2m=[0m"bolt.log.run" [3msignature[0m[2m=[0m"0x10"
[2m2026-09-04T07:51:52.567915Z[0m [32m INFO[0m [1mnornicdb.bolt.run[0m:[1mnornicdb.cypher.execute[0m: query phase breakdown [3mquery_hash[0m[2m=[0m11488688587909063162 [3mphase_parse_cache_us[0m[2m=[0m3 [3mphase_compliance_us[0m[2m=[0m0 [3mphase_pattern_us[0m[2m=[0m11 [3mphase_eval_us[0m[2m=[0m81 [3mphase_audit_us[0m[2m=[0m450 [3mphase_total_us[0m[2m=[0m545 [2m[3mdb.system[0m[2m=[0m"neo4j"[0m [2m[3mdb.operation.name[0m[2m=[0m"schema"[0m
[2m2026-09-04T07:51:52.567930Z[0m [32m INFO[0m bolt RUN executed [3mevent_id[0m[2m=[0m"bolt.log.query" [3mquery[0m[2m=[0mCREATE INDEX customer_name IF NOT EXISTS FOR (n:Customer) ON (n.companyName) [3mfields[0m[2m=[0m[]
[2m2026-09-04T07:51:52.567939Z[0m [32m INFO[0m bolt message received [3mevent_id[0m[2m=[0m"bolt.log.run" [3msignature[0m[2m=[0m"0x3F"
[2m2026-09-04T07:51:52.567947Z[0m [32m INFO[0m bolt sending responses [3mevent_id[0m[2m=[0m"bolt.log.run" [3mresponse_count[0m[2m=[0m2 [3mresponse_bytes[0m[2m=[0m58 [3mtransport[0m[2m=[0m"tcp"
[2m2026-09-04T07:51:52.568164Z[0m [32m INFO[0m bolt message received [3mevent_id[0m[2m=[0m"bolt.log.run" [3msignature[0m[2m=[0m"0x10"
[2m2026-09-04T07:51:52.568818Z[0m [32m INFO[0m [1mnornicdb.bolt.run[0m:[1mnornicdb.cypher.execute[0m: query phase breakdown [3mquery_hash[0m[2m=[0m9198279057515687141 [3mphase_parse_cache_us[0m[2m=[0m5 [3mphase_compliance_us[0m[2m=[0m0 [3mphase_pattern_us[0m[2m=[0m10 [3mphase_eval_us[0m[2m=[0m87 [3mphase_audit_us[0m[2m=[0m506 [3mphase_total_us[0m[2m=[0m608 [2m[3mdb.system[0m[2m=[0m"neo4j"[0m [2m[3mdb.operation.name[0m[2m=[0m"schema"[0m
[2m2026-09-04T07:51:52.568833Z[0m [32m INFO[0m bolt RUN executed [3mevent_id[0m[2m=[0m"bolt.log.query" [3mquery[0m[2m=[0mCREATE INDEX category_name IF NOT EXISTS FOR (n:Category) ON (n.categoryName) [3mfields[0m[2m=[0m[]
[2m2026-09-04T07:51:52.568842Z[0m [32m INFO[0m bolt message received [3mevent_id[0m[2m=[0m"bolt.log.run" [3msignature[0m[2m=[0m"0x3F"
[2m2026-09-04T07:51:52.568850Z[0m [32m INFO[0m bolt sending responses [3mevent_id[0m[2m=[0m"bolt.log.run" [3mresponse_count[0m[2m=[0m2 [3mresponse_bytes[0m[2m=[0m58 [3mtransport[0m[2m=[0m"tcp"
[2m2026-09-04T07:51:52.569776Z[0m [32m INFO[0m bolt tcp session started [3mevent_id[0m[2m=[0m"bolt.log.hello" [3mpeer[0m[2m=[0m127.0.0.1:50705 [3mtransport[0m[2m=[0m"tcp"
[2m2026-09-04T07:51:52.569798Z[0m [32m INFO[0m bolt tcp version sent [3mevent_id[0m[2m=[0m"bolt.log.hello" [3mpeer[0m[2m=[0m127.0.0.1:50705 [3mtransport[0m[2m=[0m"tcp" [3mprotocol_version[0m[2m=[0m"4.4"
[2m2026-09-04T07:51:52.570133Z[0m [32m INFO[0m bolt message received [3mevent_id[0m[2m=[0m"bolt.log.run" [3msignature[0m[2m=[0m"0x01"
[2m2026-09-04T07:51:52.570146Z[0m [32m INFO[0m bolt HELLO succeeded [3mevent_id[0m[2m=[0m"bolt.log.hello" [3mauthenticated[0m[2m=[0mtrue
[2m2026-09-04T07:51:52.570157Z[0m [32m INFO[0m bolt sending responses [3mevent_id[0m[2m=[0m"bolt.log.run" [3mresponse_count[0m[2m=[0m1 [3mresponse_bytes[0m[2m=[0m75 [3mtransport[0m[2m=[0m"tcp"
[2m2026-09-04T07:51:52.570609Z[0m [32m INFO[0m bolt message received [3mevent_id[0m[2m=[0m"bolt.log.run" [3msignature[0m[2m=[0m"0x10"
[2m2026-09-04T07:51:52.575346Z[0m [32m INFO[0m [1mnornicdb.bolt.run[0m:[1mnornicdb.cypher.execute[0m: query phase breakdown [3mquery_hash[0m[2m=[0m12272685731465873341 [3mphase_parse_cache_us[0m[2m=[0m43 [3mphase_compliance_us[0m[2m=[0m47 [3mphase_pattern_us[0m[2m=[0m18 [3mphase_eval_us[0m[2m=[0m4338 [3mphase_audit_us[0m[2m=[0m191 [3mphase_total_us[0m[2m=[0m4637 [2m[3mdb.system[0m[2m=[0m"neo4j"[0m [2m[3mdb.operation.name[0m[2m=[0m"read"[0m
[2m2026-09-04T07:51:52.575419Z[0m [32m INFO[0m bolt RUN executed [3mevent_id[0m[2m=[0m"bolt.log.query" [3mquery[0m[2m=[0mUNWIND $rows AS row
		 CREATE (:Category {categoryID: row.categoryID, categoryName: row.categoryName, description: row.description}) [3mfields[0m[2m=[0m[]
[2m2026-09-04T07:51:52.575462Z[0m [32m INFO[0m bolt message received [3mevent_id[0m[2m=[0m"bolt.log.run" [3msignature[0m[2m=[0m"0x3F"
[2m2026-09-04T07:51:52.575474Z[0m [32m INFO[0m bolt sending responses [3mevent_id[0m[2m=[0m"bolt.log.run" [3mresponse_count[0m[2m=[0m2 [3mresponse_bytes[0m[2m=[0m161 [3mtransport[0m[2m=[0m"tcp"
[2m2026-09-04T07:51:52.576699Z[0m [32m INFO[0m bolt message received [3mevent_id[0m[2m=[0m"bolt.log.run" [3msignature[0m[2m=[0m"0x10"
[2m2026-09-04T07:51:52.582182Z[0m [32m INFO[0m [1mnornicdb.bolt.run[0m:[1mnornicdb.cypher.execute[0m: query phase breakdown [3mquery_hash[0m[2m=[0m12404659330019016553 [3mphase_parse_cache_us[0m[2m=[0m8 [3mphase_compliance_us[0m[2m=[0m1 [3mphase_pattern_us[0m[2m=[0m24 [3mphase_eval_us[0m[2m=[0m5094 [3mphase_audit_us[0m[2m=[0m189 [3mphase_total_us[0m[2m=[0m5316 [2m[3mdb.system[0m[2m=[0m"neo4j"[0m [2m[3mdb.operation.name[0m[2m=[0m"read"[0m
[2m2026-09-04T07:51:52.582328Z[0m [32m INFO[0m bolt RUN executed [3mevent_id[0m[2m=[0m"bolt.log.query" [3mquery[0m[2m=[0mUNWIND $rows AS row
		 CREATE (:Supplier {supplierID: row.supplierID, companyName: row.companyName, contactName: row.contactName,
		                    country: row.country, region: row.region, phone: row.phone, notes: row.notes}) [3mfields[0m[2m=[0m[]
[2m2026-09-04T07:51:52.582426Z[0m [32m INFO[0m bolt message received [3mevent_id[0m[2m=[0m"bolt.log.run" [3msignature[0m[2m=[0m"0x3F"
[2m2026-09-04T07:51:52.582437Z[0m [32m INFO[0m bolt sending responses [3mevent_id[0m[2m=[0m"bolt.log.run" [3mresponse_count[0m[2m=[0m2 [3mresponse_bytes[0m[2m=[0m163 [3mtransport[0m[2m=[0m"tcp"
[2m2026-09-04T07:51:52.584933Z[0m [32m INFO[0m bolt message received [3mevent_id[0m[2m=[0m"bolt.log.run" [3msignature[0m[2m=[0m"0x10"
[2m2026-09-04T07:51:52.585208Z[0m [32m INFO[0m bolt tcp session started [3mevent_id[0m[2m=[0m"bolt.log.hello" [3mpeer[0m[2m=[0m127.0.0.1:50706 [3mtransport[0m[2m=[0m"tcp"
[2m2026-09-04T07:51:52.585227Z[0m [32m INFO[0m bolt tcp version sent [3mevent_id[0m[2m=[0m"bolt.log.hello" [3mpeer[0m[2m=[0m127.0.0.1:50706 [3mtransport[0m[2m=[0m"tcp" [3mprotocol_version[0m[2m=[0m"4.4"
[2m2026-09-04T07:51:52.585254Z[0m [32m INFO[0m bolt tcp session started [3mevent_id[0m[2m=[0m"bolt.log.hello" [3mpeer[0m[2m=[0m127.0.0.1:50707 [3mtransport[0m[2m=[0m"tcp"
[2m2026-09-04T07:51:52.585269Z[0m [32m INFO[0m bolt tcp version sent [3mevent_id[0m[2m=[0m"bolt.log.hello" [3mpeer[0m[2m=[0m127.0.0.1:50707 [3mtransport[0m[2m=[0m"tcp" [3mprotocol_version[0m[2m=[0m"4.4"
[2m2026-09-04T07:51:52.585372Z[0m [32m INFO[0m bolt message received [3mevent_id[0m[2m=[0m"bolt.log.run" [3msignature[0m[2m=[0m"0x01"
[2m2026-09-04T07:51:52.585379Z[0m [32m INFO[0m bolt HELLO succeeded [3mevent_id[0m[2m=[0m"bolt.log.hello" [3mauthenticated[0m[2m=[0mtrue
[2m2026-09-04T07:51:52.585387Z[0m [32m INFO[0m bolt sending responses [3mevent_id[0m[2m=[0m"bolt.log.run" [3mresponse_count[0m[2m=[0m1 [3mresponse_bytes[0m[2m=[0m75 [3mtransport[0m[2m=[0m"tcp"
[2m2026-09-04T07:51:52.585412Z[0m [32m INFO[0m bolt message received [3mevent_id[0m[2m=[0m"bolt.log.run" [3msignature[0m[2m=[0m"0x01"
[2m2026-09-04T07:51:52.585418Z[0m [32m INFO[0m bolt HELLO succeeded [3mevent_id[0m[2m=[0m"bolt.log.hello" [3mauthenticated[0m[2m=[0mtrue
[2m2026-09-04T07:51:52.585426Z[0m [32m INFO[0m bolt sending responses [3mevent_id[0m[2m=[0m"bolt.log.run" [3mresponse_count[0m[2m=[0m1 [3mresponse_bytes[0m[2m=[0m75 [3mtransport[0m[2m=[0m"tcp"
[2m2026-09-04T07:51:52.586299Z[0m [32m INFO[0m bolt message received [3mevent_id[0m[2m=[0m"bolt.log.run" [3msignature[0m[2m=[0m"0x10"
[2m2026-09-04T07:51:52.587442Z[0m [32m INFO[0m bolt message received [3mevent_id[0m[2m=[0m"bolt.log.run" [3msignature[0m[2m=[0m"0x10"
[2m2026-09-04T07:51:52.594646Z[0m [32m INFO[0m [1mnornicdb.bolt.run[0m:[1mnornicdb.cypher.execute[0m: query phase breakdown [3mquery_hash[0m[2m=[0m14884748091919901335 [3mphase_parse_cache_us[0m[2m=[0m26 [3mphase_compliance_us[0m[2m=[0m2 [3mphase_pattern_us[0m[2m=[0m22 [3mphase_eval_us[0m[2m=[0m7661 [3mphase_audit_us[0m[2m=[0m272 [3mphase_total_us[0m[2m=[0m7983 [2m[3mdb.system[0m[2m=[0m"neo4j"[0m [2m[3mdb.operation.name[0m[2m=[0m"read"[0m
[2m2026-09-04T07:51:52.594812Z[0m [32m INFO[0m bolt RUN executed [3mevent_id[0m[2m=[0m"bolt.log.query" [3mquery[0m[2m=[0mUNWIND $rows AS row
		 CREATE (:Customer {customerID: row.customerID, companyName: row.companyName, contactName: row.contactName,
		                    country: row.country, city: row.city, address: row.address}) [3mfields[0m[2m=[0m[]
[2m2026-09-04T07:51:52.594903Z[0m [32m INFO[0m bolt message received [3mevent_id[0m[2m=[0m"bolt.log.run" [3msignature[0m[2m=[0m"0x3F"
[2m2026-09-04T07:51:52.594913Z[0m [32m INFO[0m bolt sending responses [3mevent_id[0m[2m=[0m"bolt.log.run" [3mresponse_count[0m[2m=[0m2 [3mresponse_bytes[0m[2m=[0m163 [3mtransport[0m[2m=[0m"tcp"
[2m2026-09-04T07:51:52.604562Z[0m [32m INFO[0m [1mnornicdb.bolt.run[0m:[1mnornicdb.cypher.execute[0m: query phase breakdown [3mquery_hash[0m[2m=[0m14884748091919901335 [3mphase_parse_cache_us[0m[2m=[0m7 [3mphase_compliance_us[0m[2m=[0m1 [3mphase_pattern_us[0m[2m=[0m20 [3mphase_eval_us[0m[2m=[0m18839 [3mphase_audit_us[0m[2m=[0m300 [3mphase_total_us[0m[2m=[0m19167 [2m[3mdb.system[0m[2m=[0m"neo4j"[0m [2m[3mdb.operation.name[0m[2m=[0m"read"[0m
[2m2026-09-04T07:51:52.604863Z[0m [32m INFO[0m bolt RUN executed [3mevent_id[0m[2m=[0m"bolt.log.query" [3mquery[0m[2m=[0mUNWIND $rows AS row
		 CREATE (:Customer {customerID: row.customerID, companyName: row.companyName, contactName: row.contactName,
		                    country: row.country, city: row.city, address: row.address}) [3mfields[0m[2m=[0m[]
[2m2026-09-04T07:51:52.605055Z[0m [32m INFO[0m bolt message received [3mevent_id[0m[2m=[0m"bolt.log.run" [3msignature[0m[2m=[0m"0x3F"
[2m2026-09-04T07:51:52.605062Z[0m [32m INFO[0m bolt sending responses [3mevent_id[0m[2m=[0m"bolt.log.run" [3mresponse_count[0m[2m=[0m2 [3mresponse_bytes[0m[2m=[0m163 [3mtransport[0m[2m=[0m"tcp"
[2m2026-09-04T07:51:52.613108Z[0m [32m INFO[0m [1mnornicdb.bolt.run[0m:[1mnornicdb.cypher.execute[0m: query phase breakdown [3mquery_hash[0m[2m=[0m14884748091919901335 [3mphase_parse_cache_us[0m[2m=[0m2 [3mphase_compliance_us[0m[2m=[0m1 [3mphase_pattern_us[0m[2m=[0m22 [3mphase_eval_us[0m[2m=[0m24742 [3mphase_audit_us[0m[2m=[0m334 [3mphase_total_us[0m[2m=[0m25101 [2m[3mdb.system[0m[2m=[0m"neo4j"[0m [2m[3mdb.operation.name[0m[2m=[0m"read"[0m
[2m2026-09-04T07:51:52.613384Z[0m [32m INFO[0m bolt RUN executed [3mevent_id[0m[2m=[0m"bolt.log.query" [3mquery[0m[2m=[0mUNWIND $rows AS row
		 CREATE (:Customer {customerID: row.customerID, companyName: row.companyName, contactName: row.contactName,
		                    country: row.country, city: row.city, address: row.address}) [3mfields[0m[2m=[0m[]
[2m2026-09-04T07:51:52.613556Z[0m [32m INFO[0m bolt message received [3mevent_id[0m[2m=[0m"bolt.log.run" [3msignature[0m[2m=[0m"0x3F"
[2m2026-09-04T07:51:52.613565Z[0m [32m INFO[0m bolt sending responses [3mevent_id[0m[2m=[0m"bolt.log.run" [3mresponse_count[0m[2m=[0m2 [3mresponse_bytes[0m[2m=[0m163 [3mtransport[0m[2m=[0m"tcp"
[2m2026-09-04T07:51:52.673414Z[0m [32m INFO[0m bolt tcp session started [3mevent_id[0m[2m=[0m"bolt.log.hello" [3mpeer[0m[2m=[0m127.0.0.1:50708 [3mtransport[0m[2m=[0m"tcp"
[2m2026-09-04T07:51:52.673455Z[0m [32m INFO[0m bolt tcp version sent [3mevent_id[0m[2m=[0m"bolt.log.hello" [3mpeer[0m[2m=[0m127.0.0.1:50708 [3mtransport[0m[2m=[0m"tcp" [3mprotocol_version[0m[2m=[0m"4.4"
[2m2026-09-04T07:51:52.673596Z[0m [32m INFO[0m bolt message received [3mevent_id[0m[2m=[0m"bolt.log.run" [3msignature[0m[2m=[0m"0x01"
[2m2026-09-04T07:51:52.673623Z[0m [32m INFO[0m bolt HELLO succeeded [3mevent_id[0m[2m=[0m"bolt.log.hello" [3mauthenticated[0m[2m=[0mtrue
[2m2026-09-04T07:51:52.673639Z[0m [32m INFO[0m bolt sending responses [3mevent_id[0m[2m=[0m"bolt.log.run" [3mresponse_count[0m[2m=[0m1 [3mresponse_bytes[0m[2m=[0m75 [3mtransport[0m[2m=[0m"tcp"
[2m2026-09-04T07:51:52.674350Z[0m [32m INFO[0m bolt message received [3mevent_id[0m[2m=[0m"bolt.log.run" [3msignature[0m[2m=[0m"0x10"
[2m2026-09-04T07:51:52.674355Z[0m [32m INFO[0m bolt message received [3mevent_id[0m[2m=[0m"bolt.log.run" [3msignature[0m[2m=[0m"0x10"
[2m2026-09-04T07:51:52.674362Z[0m [32m INFO[0m bolt message received [3mevent_id[0m[2m=[0m"bolt.log.run" [3msignature[0m[2m=[0m"0x10"
[2m2026-09-04T07:51:52.675078Z[0m [32m INFO[0m bolt message received [3mevent_id[0m[2m=[0m"bolt.log.run" [3msignature[0m[2m=[0m"0x10"
[2m2026-09-04T07:51:52.742881Z[0m [32m INFO[0m [1mnornicdb.bolt.run[0m:[1mnornicdb.cypher.execute[0m: query phase breakdown [3mquery_hash[0m[2m=[0m10865397794136016792 [3mphase_parse_cache_us[0m[2m=[0m7 [3mphase_compliance_us[0m[2m=[0m1 [3mphase_pattern_us[0m[2m=[0m47 [3mphase_eval_us[0m[2m=[0m67228 [3mphase_audit_us[0m[2m=[0m456 [3mphase_total_us[0m[2m=[0m67739 [2m[3mdb.system[0m[2m=[0m"neo4j"[0m [2m[3mdb.operation.name[0m[2m=[0m"read"[0m
[2m2026-09-04T07:51:52.743386Z[0m [32m INFO[0m bolt RUN executed [3mevent_id[0m[2m=[0m"bolt.log.query" [3mquery[0m[2m=[0mUNWIND $rows AS row
		 MATCH (c:Category {categoryID: row.categoryID})
		 MATCH (s:Supplier {supplierID: row.supplierID})
		 CREATE (p:Product {productID: row.productID, productName: row.productName, sku: row.sku,
		                    unitPrice: row.unitPrice, unitsInStock: row.unitsInStock, discontinued: row.discontinued,
		                    description: row.description, tags: row.tags})
		 CREATE (p)-[:PART_OF]->(c)
		 CREATE (s)-[:SUPPLIES]->(p) [3mfields[0m[2m=[0m[]
[2m2026-09-04T07:51:52.743706Z[0m [32m INFO[0m bolt message received [3mevent_id[0m[2m=[0m"bolt.log.run" [3msignature[0m[2m=[0m"0x3F"
[2m2026-09-04T07:51:52.743715Z[0m [32m INFO[0m bolt sending responses [3mevent_id[0m[2m=[0m"bolt.log.run" [3mresponse_count[0m[2m=[0m2 [3mresponse_bytes[0m[2m=[0m165 [3mtransport[0m[2m=[0m"tcp"
[2m2026-09-04T07:51:52.744845Z[0m [32m INFO[0m bolt message received [3mevent_id[0m[2m=[0m"bolt.log.run" [3msignature[0m[2m=[0m"0x10"
[2m2026-09-04T07:51:52.762398Z[0m [32m INFO[0m [1mnornicdb.bolt.run[0m:[1mnornicdb.cypher.execute[0m: query phase breakdown [3mquery_hash[0m[2m=[0m10865397794136016792 [3mphase_parse_cache_us[0m[2m=[0m6 [3mphase_compliance_us[0m[2m=[0m2 [3mphase_pattern_us[0m[2m=[0m53 [3mphase_eval_us[0m[2m=[0m86061 [3mphase_audit_us[0m[2m=[0m507 [3mphase_total_us[0m[2m=[0m86629 [2m[3mdb.system[0m[2m=[0m"neo4j"[0m [2m[3mdb.operation.name[0m[2m=[0m"read"[0m
[2m2026-09-04T07:51:52.762794Z[0m [32m INFO[0m bolt RUN executed [3mevent_id[0m[2m=[0m"bolt.log.query" [3mquery[0m[2m=[0mUNWIND $rows AS row
		 MATCH (c:Category {categoryID: row.categoryID})
		 MATCH (s:Supplier {supplierID: row.supplierID})
		 CREATE (p:Product {productID: row.productID, productName: row.productName, sku: row.sku,
		                    unitPrice: row.unitPrice, unitsInStock: row.unitsInStock, discontinued: row.discontinued,
		                    description: row.description, tags: row.tags})
		 CREATE (p)-[:PART_OF]->(c)
		 CREATE (s)-[:SUPPLIES]->(p) [3mfields[0m[2m=[0m[]
[2m2026-09-04T07:51:52.763079Z[0m [32m INFO[0m bolt message received [3mevent_id[0m[2m=[0m"bolt.log.run" [3msignature[0m[2m=[0m"0x3F"
[2m2026-09-04T07:51:52.763088Z[0m [32m INFO[0m bolt sending responses [3mevent_id[0m[2m=[0m"bolt.log.run" [3mresponse_count[0m[2m=[0m2 [3mresponse_bytes[0m[2m=[0m165 [3mtransport[0m[2m=[0m"tcp"
[2m2026-09-04T07:51:52.764444Z[0m [32m INFO[0m bolt message received [3mevent_id[0m[2m=[0m"bolt.log.run" [3msignature[0m[2m=[0m"0x10"
[2m2026-09-04T07:51:52.783316Z[0m [32m INFO[0m [1mnornicdb.bolt.run[0m:[1mnornicdb.cypher.execute[0m: query phase breakdown [3mquery_hash[0m[2m=[0m10865397794136016792 [3mphase_parse_cache_us[0m[2m=[0m3 [3mphase_compliance_us[0m[2m=[0m1 [3mphase_pattern_us[0m[2m=[0m54 [3mphase_eval_us[0m[2m=[0m107605 [3mphase_audit_us[0m[2m=[0m511 [3mphase_total_us[0m[2m=[0m108174 [2m[3mdb.system[0m[2m=[0m"neo4j"[0m [2m[3mdb.operation.name[0m[2m=[0m"read"[0m
[2m2026-09-04T07:51:52.783841Z[0m [32m INFO[0m bolt RUN executed [3mevent_id[0m[2m=[0m"bolt.log.query" [3mquery[0m[2m=[0mUNWIND $rows AS row
		 MATCH (c:Category {categoryID: row.categoryID})
		 MATCH (s:Supplier {supplierID: row.supplierID})
		 CREATE (p:Product {productID: row.productID, productName: row.productName, sku: row.sku,
		                    unitPrice: row.unitPrice, unitsInStock: row.unitsInStock, discontinued: row.discontinued,
		                    description: row.description, tags: row.tags})
		 CREATE (p)-[:PART_OF]->(c)
		 CREATE (s)-[:SUPPLIES]->(p) [3mfields[0m[2m=[0m[]
[2m2026-09-04T07:51:52.784218Z[0m [32m INFO[0m bolt message received [3mevent_id[0m[2m=[0m"bolt.log.run" [3msignature[0m[2m=[0m"0x3F"
[2m2026-09-04T07:51:52.784233Z[0m [32m INFO[0m bolt sending responses [3mevent_id[0m[2m=[0m"bolt.log.run" [3mresponse_count[0m[2m=[0m2 [3mresponse_bytes[0m[2m=[0m165 [3mtransport[0m[2m=[0m"tcp"
[2m2026-09-04T07:51:52.785460Z[0m [32m INFO[0m bolt message received [3mevent_id[0m[2m=[0m"bolt.log.run" [3msignature[0m[2m=[0m"0x10"
[2m2026-09-04T07:51:52.803945Z[0m [32m INFO[0m [1mnornicdb.bolt.run[0m:[1mnornicdb.cypher.execute[0m: query phase breakdown [3mquery_hash[0m[2m=[0m10865397794136016792 [3mphase_parse_cache_us[0m[2m=[0m17 [3mphase_compliance_us[0m[2m=[0m3 [3mphase_pattern_us[0m[2m=[0m48 [3mphase_eval_us[0m[2m=[0m128398 [3mphase_audit_us[0m[2m=[0m468 [3mphase_total_us[0m[2m=[0m128934 [2m[3mdb.system[0m[2m=[0m"neo4j"[0m [2m[3mdb.operation.name[0m[2m=[0m"read"[0m
[2m2026-09-04T07:51:52.804445Z[0m [32m INFO[0m bolt RUN executed [3mevent_id[0m[2m=[0m"bolt.log.query" [3mquery[0m[2m=[0mUNWIND $rows AS row
		 MATCH (c:Category {categoryID: row.categoryID})
		 MATCH (s:Supplier {supplierID: row.supplierID})
		 CREATE (p:Product {productID: row.productID, productName: row.productName, sku: row.sku,
		                    unitPrice: row.unitPrice, unitsInStock: row.unitsInStock, discontinued: row.discontinued,
		                    description: row.description, tags: row.tags})
		 CREATE (p)-[:PART_OF]->(c)
		 CREATE (s)-[:SUPPLIES]->(p) [3mfields[0m[2m=[0m[]
[2m2026-09-04T07:51:52.804777Z[0m [32m INFO[0m bolt message received [3mevent_id[0m[2m=[0m"bolt.log.run" [3msignature[0m[2m=[0m"0x3F"
[2m2026-09-04T07:51:52.804789Z[0m [32m INFO[0m bolt sending responses [3mevent_id[0m[2m=[0m"bolt.log.run" [3mresponse_count[0m[2m=[0m2 [3mresponse_bytes[0m[2m=[0m165 [3mtransport[0m[2m=[0m"tcp"
[2m2026-09-04T07:51:52.805994Z[0m [32m INFO[0m bolt message received [3mevent_id[0m[2m=[0m"bolt.log.run" [3msignature[0m[2m=[0m"0x10"
[2m2026-09-04T07:51:52.826766Z[0m [32m INFO[0m [1mnornicdb.bolt.run[0m:[1mnornicdb.cypher.execute[0m: query phase breakdown [3mquery_hash[0m[2m=[0m10865397794136016792 [3mphase_parse_cache_us[0m[2m=[0m4 [3mphase_compliance_us[0m[2m=[0m2 [3mphase_pattern_us[0m[2m=[0m48 [3mphase_eval_us[0m[2m=[0m81081 [3mphase_audit_us[0m[2m=[0m366 [3mphase_total_us[0m[2m=[0m81501 [2m[3mdb.system[0m[2m=[0m"neo4j"[0m [2m[3mdb.operation.name[0m[2m=[0m"read"[0m
[2m2026-09-04T07:51:52.827407Z[0m [32m INFO[0m bolt RUN executed [3mevent_id[0m[2m=[0m"bolt.log.query" [3mquery[0m[2m=[0mUNWIND $rows AS row
		 MATCH (c:Category {categoryID: row.categoryID})
		 MATCH (s:Supplier {supplierID: row.supplierID})
		 CREATE (p:Product {productID: row.productID, productName: row.productName, sku: row.sku,
		                    unitPrice: row.unitPrice, unitsInStock: row.unitsInStock, discontinued: row.discontinued,
		                    description: row.description, tags: row.tags})
		 CREATE (p)-[:PART_OF]->(c)
		 CREATE (s)-[:SUPPLIES]->(p) [3mfields[0m[2m=[0m[]
[2m2026-09-04T07:51:52.827836Z[0m [32m INFO[0m bolt message received [3mevent_id[0m[2m=[0m"bolt.log.run" [3msignature[0m[2m=[0m"0x3F"
[2m2026-09-04T07:51:52.827848Z[0m [32m INFO[0m bolt sending responses [3mevent_id[0m[2m=[0m"bolt.log.run" [3mresponse_count[0m[2m=[0m2 [3mresponse_bytes[0m[2m=[0m165 [3mtransport[0m[2m=[0m"tcp"
[2m2026-09-04T07:51:52.829123Z[0m [32m INFO[0m bolt message received [3mevent_id[0m[2m=[0m"bolt.log.run" [3msignature[0m[2m=[0m"0x10"
[2m2026-09-04T07:51:52.848723Z[0m [32m INFO[0m [1mnornicdb.bolt.run[0m:[1mnornicdb.cypher.execute[0m: query phase breakdown [3mquery_hash[0m[2m=[0m10865397794136016792 [3mphase_parse_cache_us[0m[2m=[0m4 [3mphase_compliance_us[0m[2m=[0m2 [3mphase_pattern_us[0m[2m=[0m43 [3mphase_eval_us[0m[2m=[0m83356 [3mphase_audit_us[0m[2m=[0m379 [3mphase_total_us[0m[2m=[0m83784 [2m[3mdb.system[0m[2m=[0m"neo4j"[0m [2m[3mdb.operation.name[0m[2m=[0m"read"[0m
[2m2026-09-04T07:51:52.849281Z[0m [32m INFO[0m bolt RUN executed [3mevent_id[0m[2m=[0m"bolt.log.query" [3mquery[0m[2m=[0mUNWIND $rows AS row
		 MATCH (c:Category {categoryID: row.categoryID})
		 MATCH (s:Supplier {supplierID: row.supplierID})
		 CREATE (p:Product {productID: row.productID, productName: row.productName, sku: row.sku,
		                    unitPrice: row.unitPrice, unitsInStock: row.unitsInStock, discontinued: row.discontinued,
		                    description: row.description, tags: row.tags})
		 CREATE (p)-[:PART_OF]->(c)
		 CREATE (s)-[:SUPPLIES]->(p) [3mfields[0m[2m=[0m[]
[2m2026-09-04T07:51:52.849620Z[0m [32m INFO[0m bolt message received [3mevent_id[0m[2m=[0m"bolt.log.run" [3msignature[0m[2m=[0m"0x3F"
[2m2026-09-04T07:51:52.849635Z[0m [32m INFO[0m bolt sending responses [3mevent_id[0m[2m=[0m"bolt.log.run" [3mresponse_count[0m[2m=[0m2 [3mresponse_bytes[0m[2m=[0m165 [3mtransport[0m[2m=[0m"tcp"
[2m2026-09-04T07:51:52.851068Z[0m [32m INFO[0m bolt message received [3mevent_id[0m[2m=[0m"bolt.log.run" [3msignature[0m[2m=[0m"0x10"
[2m2026-09-04T07:51:52.870727Z[0m [32m INFO[0m [1mnornicdb.bolt.run[0m:[1mnornicdb.cypher.execute[0m: query phase breakdown [3mquery_hash[0m[2m=[0m10865397794136016792 [3mphase_parse_cache_us[0m[2m=[0m3 [3mphase_compliance_us[0m[2m=[0m2 [3mphase_pattern_us[0m[2m=[0m46 [3mphase_eval_us[0m[2m=[0m84338 [3mphase_audit_us[0m[2m=[0m388 [3mphase_total_us[0m[2m=[0m84777 [2m[3mdb.system[0m[2m=[0m"neo4j"[0m [2m[3mdb.operation.name[0m[2m=[0m"read"[0m
[2m2026-09-04T07:51:52.871335Z[0m [32m INFO[0m bolt RUN executed [3mevent_id[0m[2m=[0m"bolt.log.query" [3mquery[0m[2m=[0mUNWIND $rows AS row
		 MATCH (c:Category {categoryID: row.categoryID})
		 MATCH (s:Supplier {supplierID: row.supplierID})
		 CREATE (p:Product {productID: row.productID, productName: row.productName, sku: row.sku,
		                    unitPrice: row.unitPrice, unitsInStock: row.unitsInStock, discontinued: row.discontinued,
		                    description: row.description, tags: row.tags})
		 CREATE (p)-[:PART_OF]->(c)
		 CREATE (s)-[:SUPPLIES]->(p) [3mfields[0m[2m=[0m[]
[2m2026-09-04T07:51:52.871739Z[0m [32m INFO[0m bolt message received [3mevent_id[0m[2m=[0m"bolt.log.run" [3msignature[0m[2m=[0m"0x3F"
[2m2026-09-04T07:51:52.871750Z[0m [32m INFO[0m bolt sending responses [3mevent_id[0m[2m=[0m"bolt.log.run" [3mresponse_count[0m[2m=[0m2 [3mresponse_bytes[0m[2m=[0m165 [3mtransport[0m[2m=[0m"tcp"
[2m2026-09-04T07:51:52.873093Z[0m [32m INFO[0m bolt message received [3mevent_id[0m[2m=[0m"bolt.log.run" [3msignature[0m[2m=[0m"0x10"
[2m2026-09-04T07:51:52.893453Z[0m [32m INFO[0m [1mnornicdb.bolt.run[0m:[1mnornicdb.cypher.execute[0m: query phase breakdown [3mquery_hash[0m[2m=[0m10865397794136016792 [3mphase_parse_cache_us[0m[2m=[0m4 [3mphase_compliance_us[0m[2m=[0m2 [3mphase_pattern_us[0m[2m=[0m46 [3mphase_eval_us[0m[2m=[0m86557 [3mphase_audit_us[0m[2m=[0m390 [3mphase_total_us[0m[2m=[0m86999 [2m[3mdb.system[0m[2m=[0m"neo4j"[0m [2m[3mdb.operation.name[0m[2m=[0m"read"[0m
[2m2026-09-04T07:51:52.894037Z[0m [32m INFO[0m bolt RUN executed [3mevent_id[0m[2m=[0m"bolt.log.query" [3mquery[0m[2m=[0mUNWIND $rows AS row
		 MATCH (c:Category {categoryID: row.categoryID})
		 MATCH (s:Supplier {supplierID: row.supplierID})
		 CREATE (p:Product {productID: row.productID, productName: row.productName, sku: row.sku,
		                    unitPrice: row.unitPrice, unitsInStock: row.unitsInStock, discontinued: row.discontinued,
		                    description: row.description, tags: row.tags})
		 CREATE (p)-[:PART_OF]->(c)
		 CREATE (s)-[:SUPPLIES]->(p) [3mfields[0m[2m=[0m[]
[2m2026-09-04T07:51:52.894418Z[0m [32m INFO[0m bolt message received [3mevent_id[0m[2m=[0m"bolt.log.run" [3msignature[0m[2m=[0m"0x3F"
[2m2026-09-04T07:51:52.894435Z[0m [32m INFO[0m bolt sending responses [3mevent_id[0m[2m=[0m"bolt.log.run" [3mresponse_count[0m[2m=[0m2 [3mresponse_bytes[0m[2m=[0m165 [3mtransport[0m[2m=[0m"tcp"
[2m2026-09-04T07:51:52.895700Z[0m [32m INFO[0m bolt message received [3mevent_id[0m[2m=[0m"bolt.log.run" [3msignature[0m[2m=[0m"0x10"
[2m2026-09-04T07:51:52.917816Z[0m [32m INFO[0m [1mnornicdb.bolt.run[0m:[1mnornicdb.cypher.execute[0m: query phase breakdown [3mquery_hash[0m[2m=[0m10865397794136016792 [3mphase_parse_cache_us[0m[2m=[0m6 [3mphase_compliance_us[0m[2m=[0m3 [3mphase_pattern_us[0m[2m=[0m48 [3mphase_eval_us[0m[2m=[0m87685 [3mphase_audit_us[0m[2m=[0m404 [3mphase_total_us[0m[2m=[0m88146 [2m[3mdb.system[0m[2m=[0m"neo4j"[0m [2m[3mdb.operation.name[0m[2m=[0m"read"[0m
[2m2026-09-04T07:51:52.918362Z[0m [32m INFO[0m bolt RUN executed [3mevent_id[0m[2m=[0m"bolt.log.query" [3mquery[0m[2m=[0mUNWIND $rows AS row
		 MATCH (c:Category {categoryID: row.categoryID})
		 MATCH (s:Supplier {supplierID: row.supplierID})
		 CREATE (p:Product {productID: row.productID, productName: row.productName, sku: row.sku,
		                    unitPrice: row.unitPrice, unitsInStock: row.unitsInStock, discontinued: row.discontinued,
		                    description: row.description, tags: row.tags})
		 CREATE (p)-[:PART_OF]->(c)
		 CREATE (s)-[:SUPPLIES]->(p) [3mfields[0m[2m=[0m[]
[2m2026-09-04T07:51:52.918702Z[0m [32m INFO[0m bolt message received [3mevent_id[0m[2m=[0m"bolt.log.run" [3msignature[0m[2m=[0m"0x3F"
[2m2026-09-04T07:51:52.918714Z[0m [32m INFO[0m bolt sending responses [3mevent_id[0m[2m=[0m"bolt.log.run" [3mresponse_count[0m[2m=[0m2 [3mresponse_bytes[0m[2m=[0m165 [3mtransport[0m[2m=[0m"tcp"
[2m2026-09-04T07:51:52.919981Z[0m [32m INFO[0m bolt message received [3mevent_id[0m[2m=[0m"bolt.log.run" [3msignature[0m[2m=[0m"0x10"
[2m2026-09-04T07:51:52.942483Z[0m [32m INFO[0m [1mnornicdb.bolt.run[0m:[1mnornicdb.cypher.execute[0m: query phase breakdown [3mquery_hash[0m[2m=[0m10865397794136016792 [3mphase_parse_cache_us[0m[2m=[0m5 [3mphase_compliance_us[0m[2m=[0m4 [3mphase_pattern_us[0m[2m=[0m47 [3mphase_eval_us[0m[2m=[0m90351 [3mphase_audit_us[0m[2m=[0m398 [3mphase_total_us[0m[2m=[0m90805 [2m[3mdb.system[0m[2m=[0m"neo4j"[0m [2m[3mdb.operation.name[0m[2m=[0m"read"[0m
[2m2026-09-04T07:51:52.942998Z[0m [32m INFO[0m bolt RUN executed [3mevent_id[0m[2m=[0m"bolt.log.query" [3mquery[0m[2m=[0mUNWIND $rows AS row
		 MATCH (c:Category {categoryID: row.categoryID})
		 MATCH (s:Supplier {supplierID: row.supplierID})
		 CREATE (p:Product {productID: row.productID, productName: row.productName, sku: row.sku,
		                    unitPrice: row.unitPrice, unitsInStock: row.unitsInStock, discontinued: row.discontinued,
		                    description: row.description, tags: row.tags})
		 CREATE (p)-[:PART_OF]->(c)
		 CREATE (s)-[:SUPPLIES]->(p) [3mfields[0m[2m=[0m[]
[2m2026-09-04T07:51:52.943402Z[0m [32m INFO[0m bolt message received [3mevent_id[0m[2m=[0m"bolt.log.run" [3msignature[0m[2m=[0m"0x3F"
[2m2026-09-04T07:51:52.943412Z[0m [32m INFO[0m bolt sending responses [3mevent_id[0m[2m=[0m"bolt.log.run" [3mresponse_count[0m[2m=[0m2 [3mresponse_bytes[0m[2m=[0m165 [3mtransport[0m[2m=[0m"tcp"
[2m2026-09-04T07:51:52.944812Z[0m [32m INFO[0m bolt message received [3mevent_id[0m[2m=[0m"bolt.log.run" [3msignature[0m[2m=[0m"0x10"
[2m2026-09-04T07:51:52.967777Z[0m [32m INFO[0m [1mnornicdb.bolt.run[0m:[1mnornicdb.cypher.execute[0m: query phase breakdown [3mquery_hash[0m[2m=[0m10865397794136016792 [3mphase_parse_cache_us[0m[2m=[0m5 [3mphase_compliance_us[0m[2m=[0m2 [3mphase_pattern_us[0m[2m=[0m49 [3mphase_eval_us[0m[2m=[0m93614 [3mphase_audit_us[0m[2m=[0m476 [3mphase_total_us[0m[2m=[0m94146 [2m[3mdb.system[0m[2m=[0m"neo4j"[0m [2m[3mdb.operation.name[0m[2m=[0m"read"[0m
[2m2026-09-04T07:51:52.968411Z[0m [32m INFO[0m bolt RUN executed [3mevent_id[0m[2m=[0m"bolt.log.query" [3mquery[0m[2m=[0mUNWIND $rows AS row
		 MATCH (c:Category {categoryID: row.categoryID})
		 MATCH (s:Supplier {supplierID: row.supplierID})
		 CREATE (p:Product {productID: row.productID, productName: row.productName, sku: row.sku,
		                    unitPrice: row.unitPrice, unitsInStock: row.unitsInStock, discontinued: row.discontinued,
		                    description: row.description, tags: row.tags})
		 CREATE (p)-[:PART_OF]->(c)
		 CREATE (s)-[:SUPPLIES]->(p) [3mfields[0m[2m=[0m[]
[2m2026-09-04T07:51:52.968832Z[0m [32m INFO[0m bolt message received [3mevent_id[0m[2m=[0m"bolt.log.run" [3msignature[0m[2m=[0m"0x3F"
[2m2026-09-04T07:51:52.968843Z[0m [32m INFO[0m bolt sending responses [3mevent_id[0m[2m=[0m"bolt.log.run" [3mresponse_count[0m[2m=[0m2 [3mresponse_bytes[0m[2m=[0m165 [3mtransport[0m[2m=[0m"tcp"
[2m2026-09-04T07:51:52.970055Z[0m [32m INFO[0m bolt message received [3mevent_id[0m[2m=[0m"bolt.log.run" [3msignature[0m[2m=[0m"0x10"
[2m2026-09-04T07:51:52.991819Z[0m [32m INFO[0m [1mnornicdb.bolt.run[0m:[1mnornicdb.cypher.execute[0m: query phase breakdown [3mquery_hash[0m[2m=[0m10865397794136016792 [3mphase_parse_cache_us[0m[2m=[0m8 [3mphase_compliance_us[0m[2m=[0m2 [3mphase_pattern_us[0m[2m=[0m51 [3mphase_eval_us[0m[2m=[0m95192 [3mphase_audit_us[0m[2m=[0m384 [3mphase_total_us[0m[2m=[0m95637 [2m[3mdb.system[0m[2m=[0m"neo4j"[0m [2m[3mdb.operation.name[0m[2m=[0m"read"[0m
[2m2026-09-04T07:51:52.992388Z[0m [32m INFO[0m bolt RUN executed [3mevent_id[0m[2m=[0m"bolt.log.query" [3mquery[0m[2m=[0mUNWIND $rows AS row
		 MATCH (c:Category {categoryID: row.categoryID})
		 MATCH (s:Supplier {supplierID: row.supplierID})
		 CREATE (p:Product {productID: row.productID, productName: row.productName, sku: row.sku,
		                    unitPrice: row.unitPrice, unitsInStock: row.unitsInStock, discontinued: row.discontinued,
		                    description: row.description, tags: row.tags})
		 CREATE (p)-[:PART_OF]->(c)
		 CREATE (s)-[:SUPPLIES]->(p) [3mfields[0m[2m=[0m[]
[2m2026-09-04T07:51:52.992745Z[0m [32m INFO[0m bolt message received [3mevent_id[0m[2m=[0m"bolt.log.run" [3msignature[0m[2m=[0m"0x3F"
[2m2026-09-04T07:51:52.992757Z[0m [32m INFO[0m bolt sending responses [3mevent_id[0m[2m=[0m"bolt.log.run" [3mresponse_count[0m[2m=[0m2 [3mresponse_bytes[0m[2m=[0m165 [3mtransport[0m[2m=[0m"tcp"
[2m2026-09-04T07:51:52.993965Z[0m [32m INFO[0m bolt message received [3mevent_id[0m[2m=[0m"bolt.log.run" [3msignature[0m[2m=[0m"0x10"
[2m2026-09-04T07:51:53.015025Z[0m [32m INFO[0m [1mnornicdb.bolt.run[0m:[1mnornicdb.cypher.execute[0m: query phase breakdown [3mquery_hash[0m[2m=[0m10865397794136016792 [3mphase_parse_cache_us[0m[2m=[0m4 [3mphase_compliance_us[0m[2m=[0m2 [3mphase_pattern_us[0m[2m=[0m46 [3mphase_eval_us[0m[2m=[0m94098 [3mphase_audit_us[0m[2m=[0m389 [3mphase_total_us[0m[2m=[0m94539 [2m[3mdb.system[0m[2m=[0m"neo4j"[0m [2m[3mdb.operation.name[0m[2m=[0m"read"[0m
[2m2026-09-04T07:51:53.015632Z[0m [32m INFO[0m bolt RUN executed [3mevent_id[0m[2m=[0m"bolt.log.query" [3mquery[0m[2m=[0mUNWIND $rows AS row
		 MATCH (c:Category {categoryID: row.categoryID})
		 MATCH (s:Supplier {supplierID: row.supplierID})
		 CREATE (p:Product {productID: row.productID, productName: row.productName, sku: row.sku,
		                    unitPrice: row.unitPrice, unitsInStock: row.unitsInStock, discontinued: row.discontinued,
		                    description: row.description, tags: row.tags})
		 CREATE (p)-[:PART_OF]->(c)
		 CREATE (s)-[:SUPPLIES]->(p) [3mfields[0m[2m=[0m[]
[2m2026-09-04T07:51:53.016005Z[0m [32m INFO[0m bolt message received [3mevent_id[0m[2m=[0m"bolt.log.run" [3msignature[0m[2m=[0m"0x3F"
[2m2026-09-04T07:51:53.016023Z[0m [32m INFO[0m bolt sending responses [3mevent_id[0m[2m=[0m"bolt.log.run" [3mresponse_count[0m[2m=[0m2 [3mresponse_bytes[0m[2m=[0m165 [3mtransport[0m[2m=[0m"tcp"
[2m2026-09-04T07:51:53.017214Z[0m [32m INFO[0m bolt message received [3mevent_id[0m[2m=[0m"bolt.log.run" [3msignature[0m[2m=[0m"0x10"
[2m2026-09-04T07:51:53.039481Z[0m [32m INFO[0m [1mnornicdb.bolt.run[0m:[1mnornicdb.cypher.execute[0m: query phase breakdown [3mquery_hash[0m[2m=[0m10865397794136016792 [3mphase_parse_cache_us[0m[2m=[0m6 [3mphase_compliance_us[0m[2m=[0m3 [3mphase_pattern_us[0m[2m=[0m48 [3mphase_eval_us[0m[2m=[0m93627 [3mphase_audit_us[0m[2m=[0m421 [3mphase_total_us[0m[2m=[0m94105 [2m[3mdb.system[0m[2m=[0m"neo4j"[0m [2m[3mdb.operation.name[0m[2m=[0m"read"[0m
[2m2026-09-04T07:51:53.040009Z[0m [32m INFO[0m bolt RUN executed [3mevent_id[0m[2m=[0m"bolt.log.query" [3mquery[0m[2m=[0mUNWIND $rows AS row
		 MATCH (c:Category {categoryID: row.categoryID})
		 MATCH (s:Supplier {supplierID: row.supplierID})
		 CREATE (p:Product {productID: row.productID, productName: row.productName, sku: row.sku,
		                    unitPrice: row.unitPrice, unitsInStock: row.unitsInStock, discontinued: row.discontinued,
		                    description: row.description, tags: row.tags})
		 CREATE (p)-[:PART_OF]->(c)
		 CREATE (s)-[:SUPPLIES]->(p) [3mfields[0m[2m=[0m[]
[2m2026-09-04T07:51:53.040373Z[0m [32m INFO[0m bolt message received [3mevent_id[0m[2m=[0m"bolt.log.run" [3msignature[0m[2m=[0m"0x3F"
[2m2026-09-04T07:51:53.040384Z[0m [32m INFO[0m bolt sending responses [3mevent_id[0m[2m=[0m"bolt.log.run" [3mresponse_count[0m[2m=[0m2 [3mresponse_bytes[0m[2m=[0m165 [3mtransport[0m[2m=[0m"tcp"
[2m2026-09-04T07:51:53.041784Z[0m [32m INFO[0m bolt message received [3mevent_id[0m[2m=[0m"bolt.log.run" [3msignature[0m[2m=[0m"0x10"
[2m2026-09-04T07:51:53.065694Z[0m [32m INFO[0m [1mnornicdb.bolt.run[0m:[1mnornicdb.cypher.execute[0m: query phase breakdown [3mquery_hash[0m[2m=[0m10865397794136016792 [3mphase_parse_cache_us[0m[2m=[0m5 [3mphase_compliance_us[0m[2m=[0m3 [3mphase_pattern_us[0m[2m=[0m55 [3mphase_eval_us[0m[2m=[0m94169 [3mphase_audit_us[0m[2m=[0m838 [3mphase_total_us[0m[2m=[0m95070 [2m[3mdb.system[0m[2m=[0m"neo4j"[0m [2m[3mdb.operation.name[0m[2m=[0m"read"[0m
[2m2026-09-04T07:51:53.066294Z[0m [32m INFO[0m bolt RUN executed [3mevent_id[0m[2m=[0m"bolt.log.query" [3mquery[0m[2m=[0mUNWIND $rows AS row
		 MATCH (c:Category {categoryID: row.categoryID})
		 MATCH (s:Supplier {supplierID: row.supplierID})
		 CREATE (p:Product {productID: row.productID, productName: row.productName, sku: row.sku,
		                    unitPrice: row.unitPrice, unitsInStock: row.unitsInStock, discontinued: row.discontinued,
		                    description: row.description, tags: row.tags})
		 CREATE (p)-[:PART_OF]->(c)
		 CREATE (s)-[:SUPPLIES]->(p) [3mfields[0m[2m=[0m[]
[2m2026-09-04T07:51:53.066681Z[0m [32m INFO[0m bolt message received [3mevent_id[0m[2m=[0m"bolt.log.run" [3msignature[0m[2m=[0m"0x3F"
[2m2026-09-04T07:51:53.066693Z[0m [32m INFO[0m bolt sending responses [3mevent_id[0m[2m=[0m"bolt.log.run" [3mresponse_count[0m[2m=[0m2 [3mresponse_bytes[0m[2m=[0m165 [3mtransport[0m[2m=[0m"tcp"
[2m2026-09-04T07:51:53.067932Z[0m [32m INFO[0m bolt message received [3mevent_id[0m[2m=[0m"bolt.log.run" [3msignature[0m[2m=[0m"0x10"
[2m2026-09-04T07:51:53.090552Z[0m [32m INFO[0m [1mnornicdb.bolt.run[0m:[1mnornicdb.cypher.execute[0m: query phase breakdown [3mquery_hash[0m[2m=[0m10865397794136016792 [3mphase_parse_cache_us[0m[2m=[0m4 [3mphase_compliance_us[0m[2m=[0m2 [3mphase_pattern_us[0m[2m=[0m46 [3mphase_eval_us[0m[2m=[0m95575 [3mphase_audit_us[0m[2m=[0m463 [3mphase_total_us[0m[2m=[0m96090 [2m[3mdb.system[0m[2m=[0m"neo4j"[0m [2m[3mdb.operation.name[0m[2m=[0m"read"[0m
[2m2026-09-04T07:51:53.091112Z[0m [32m INFO[0m bolt RUN executed [3mevent_id[0m[2m=[0m"bolt.log.query" [3mquery[0m[2m=[0mUNWIND $rows AS row
		 MATCH (c:Category {categoryID: row.categoryID})
		 MATCH (s:Supplier {supplierID: row.supplierID})
		 CREATE (p:Product {productID: row.productID, productName: row.productName, sku: row.sku,
		                    unitPrice: row.unitPrice, unitsInStock: row.unitsInStock, discontinued: row.discontinued,
		                    description: row.description, tags: row.tags})
		 CREATE (p)-[:PART_OF]->(c)
		 CREATE (s)-[:SUPPLIES]->(p) [3mfields[0m[2m=[0m[]
[2m2026-09-04T07:51:53.091490Z[0m [32m INFO[0m bolt message received [3mevent_id[0m[2m=[0m"bolt.log.run" [3msignature[0m[2m=[0m"0x3F"
[2m2026-09-04T07:51:53.091501Z[0m [32m INFO[0m bolt sending responses [3mevent_id[0m[2m=[0m"bolt.log.run" [3mresponse_count[0m[2m=[0m2 [3mresponse_bytes[0m[2m=[0m165 [3mtransport[0m[2m=[0m"tcp"
[2m2026-09-04T07:51:53.092863Z[0m [32m INFO[0m bolt message received [3mevent_id[0m[2m=[0m"bolt.log.run" [3msignature[0m[2m=[0m"0x10"
[2m2026-09-04T07:51:53.116707Z[0m [32m INFO[0m [1mnornicdb.bolt.run[0m:[1mnornicdb.cypher.execute[0m: query phase breakdown [3mquery_hash[0m[2m=[0m10865397794136016792 [3mphase_parse_cache_us[0m[2m=[0m4 [3mphase_compliance_us[0m[2m=[0m2 [3mphase_pattern_us[0m[2m=[0m58 [3mphase_eval_us[0m[2m=[0m98513 [3mphase_audit_us[0m[2m=[0m406 [3mphase_total_us[0m[2m=[0m98983 [2m[3mdb.system[0m[2m=[0m"neo4j"[0m [2m[3mdb.operation.name[0m[2m=[0m"read"[0m
[2m2026-09-04T07:51:53.117320Z[0m [32m INFO[0m bolt RUN executed [3mevent_id[0m[2m=[0m"bolt.log.query" [3mquery[0m[2m=[0mUNWIND $rows AS row
		 MATCH (c:Category {categoryID: row.categoryID})
		 MATCH (s:Supplier {supplierID: row.supplierID})
		 CREATE (p:Product {productID: row.productID, productName: row.productName, sku: row.sku,
		                    unitPrice: row.unitPrice, unitsInStock: row.unitsInStock, discontinued: row.discontinued,
		                    description: row.description, tags: row.tags})
		 CREATE (p)-[:PART_OF]->(c)
		 CREATE (s)-[:SUPPLIES]->(p) [3mfields[0m[2m=[0m[]
[2m2026-09-04T07:51:53.117687Z[0m [32m INFO[0m bolt message received [3mevent_id[0m[2m=[0m"bolt.log.run" [3msignature[0m[2m=[0m"0x3F"
[2m2026-09-04T07:51:53.117697Z[0m [32m INFO[0m bolt sending responses [3mevent_id[0m[2m=[0m"bolt.log.run" [3mresponse_count[0m[2m=[0m2 [3mresponse_bytes[0m[2m=[0m165 [3mtransport[0m[2m=[0m"tcp"
[2m2026-09-04T07:51:53.118947Z[0m [32m INFO[0m bolt message received [3mevent_id[0m[2m=[0m"bolt.log.run" [3msignature[0m[2m=[0m"0x10"
[2m2026-09-04T07:51:53.141229Z[0m [32m INFO[0m [1mnornicdb.bolt.run[0m:[1mnornicdb.cypher.execute[0m: query phase breakdown [3mquery_hash[0m[2m=[0m10865397794136016792 [3mphase_parse_cache_us[0m[2m=[0m5 [3mphase_compliance_us[0m[2m=[0m2 [3mphase_pattern_us[0m[2m=[0m53 [3mphase_eval_us[0m[2m=[0m97966 [3mphase_audit_us[0m[2m=[0m510 [3mphase_total_us[0m[2m=[0m98536 [2m[3mdb.system[0m[2m=[0m"neo4j"[0m [2m[3mdb.operation.name[0m[2m=[0m"read"[0m
[2m2026-09-04T07:51:53.141819Z[0m [32m INFO[0m bolt RUN executed [3mevent_id[0m[2m=[0m"bolt.log.query" [3mquery[0m[2m=[0mUNWIND $rows AS row
		 MATCH (c:Category {categoryID: row.categoryID})
		 MATCH (s:Supplier {supplierID: row.supplierID})
		 CREATE (p:Product {productID: row.productID, productName: row.productName, sku: row.sku,
		                    unitPrice: row.unitPrice, unitsInStock: row.unitsInStock, discontinued: row.discontinued,
		                    description: row.description, tags: row.tags})
		 CREATE (p)-[:PART_OF]->(c)
		 CREATE (s)-[:SUPPLIES]->(p) [3mfields[0m[2m=[0m[]
[2m2026-09-04T07:51:53.142164Z[0m [32m INFO[0m bolt message received [3mevent_id[0m[2m=[0m"bolt.log.run" [3msignature[0m[2m=[0m"0x3F"
[2m2026-09-04T07:51:53.142175Z[0m [32m INFO[0m bolt sending responses [3mevent_id[0m[2m=[0m"bolt.log.run" [3mresponse_count[0m[2m=[0m2 [3mresponse_bytes[0m[2m=[0m165 [3mtransport[0m[2m=[0m"tcp"
[2m2026-09-04T07:51:53.143464Z[0m [32m INFO[0m bolt message received [3mevent_id[0m[2m=[0m"bolt.log.run" [3msignature[0m[2m=[0m"0x10"
[2m2026-09-04T07:51:53.167938Z[0m [32m INFO[0m [1mnornicdb.bolt.run[0m:[1mnornicdb.cypher.execute[0m: query phase breakdown [3mquery_hash[0m[2m=[0m10865397794136016792 [3mphase_parse_cache_us[0m[2m=[0m4 [3mphase_compliance_us[0m[2m=[0m3 [3mphase_pattern_us[0m[2m=[0m54 [3mphase_eval_us[0m[2m=[0m98533 [3mphase_audit_us[0m[2m=[0m512 [3mphase_total_us[0m[2m=[0m99106 [2m[3mdb.system[0m[2m=[0m"neo4j"[0m [2m[3mdb.operation.name[0m[2m=[0m"read"[0m
[2m2026-09-04T07:51:53.168635Z[0m [32m INFO[0m bolt RUN executed [3mevent_id[0m[2m=[0m"bolt.log.query" [3mquery[0m[2m=[0mUNWIND $rows AS row
		 MATCH (c:Category {categoryID: row.categoryID})
		 MATCH (s:Supplier {supplierID: row.supplierID})
		 CREATE (p:Product {productID: row.productID, productName: row.productName, sku: row.sku,
		                    unitPrice: row.unitPrice, unitsInStock: row.unitsInStock, discontinued: row.discontinued,
		                    description: row.description, tags: row.tags})
		 CREATE (p)-[:PART_OF]->(c)
		 CREATE (s)-[:SUPPLIES]->(p) [3mfields[0m[2m=[0m[]
[2m2026-09-04T07:51:53.169019Z[0m [32m INFO[0m bolt message received [3mevent_id[0m[2m=[0m"bolt.log.run" [3msignature[0m[2m=[0m"0x3F"
[2m2026-09-04T07:51:53.169030Z[0m [32m INFO[0m bolt sending responses [3mevent_id[0m[2m=[0m"bolt.log.run" [3mresponse_count[0m[2m=[0m2 [3mresponse_bytes[0m[2m=[0m165 [3mtransport[0m[2m=[0m"tcp"
[2m2026-09-04T07:51:53.171210Z[0m [32m INFO[0m bolt message received [3mevent_id[0m[2m=[0m"bolt.log.run" [3msignature[0m[2m=[0m"0x10"
[2m2026-09-04T07:51:53.194942Z[0m [32m INFO[0m [1mnornicdb.bolt.run[0m:[1mnornicdb.cypher.execute[0m: query phase breakdown [3mquery_hash[0m[2m=[0m10865397794136016792 [3mphase_parse_cache_us[0m[2m=[0m5 [3mphase_compliance_us[0m[2m=[0m2 [3mphase_pattern_us[0m[2m=[0m47 [3mphase_eval_us[0m[2m=[0m100936 [3mphase_audit_us[0m[2m=[0m501 [3mphase_total_us[0m[2m=[0m101491 [2m[3mdb.system[0m[2m=[0m"neo4j"[0m [2m[3mdb.operation.name[0m[2m=[0m"read"[0m
[2m2026-09-04T07:51:53.195564Z[0m [32m INFO[0m bolt RUN executed [3mevent_id[0m[2m=[0m"bolt.log.query" [3mquery[0m[2m=[0mUNWIND $rows AS row
		 MATCH (c:Category {categoryID: row.categoryID})
		 MATCH (s:Supplier {supplierID: row.supplierID})
		 CREATE (p:Product {productID: row.productID, productName: row.productName, sku: row.sku,
		                    unitPrice: row.unitPrice, unitsInStock: row.unitsInStock, discontinued: row.discontinued,
		                    description: row.description, tags: row.tags})
		 CREATE (p)-[:PART_OF]->(c)
		 CREATE (s)-[:SUPPLIES]->(p) [3mfields[0m[2m=[0m[]
[2m2026-09-04T07:51:53.195924Z[0m [32m INFO[0m bolt message received [3mevent_id[0m[2m=[0m"bolt.log.run" [3msignature[0m[2m=[0m"0x3F"
[2m2026-09-04T07:51:53.195935Z[0m [32m INFO[0m bolt sending responses [3mevent_id[0m[2m=[0m"bolt.log.run" [3mresponse_count[0m[2m=[0m2 [3mresponse_bytes[0m[2m=[0m165 [3mtransport[0m[2m=[0m"tcp"
[2m2026-09-04T07:51:53.197251Z[0m [32m INFO[0m bolt message received [3mevent_id[0m[2m=[0m"bolt.log.run" [3msignature[0m[2m=[0m"0x10"
[2m2026-09-04T07:51:53.221843Z[0m [32m INFO[0m [1mnornicdb.bolt.run[0m:[1mnornicdb.cypher.execute[0m: query phase breakdown [3mquery_hash[0m[2m=[0m10865397794136016792 [3mphase_parse_cache_us[0m[2m=[0m4 [3mphase_compliance_us[0m[2m=[0m2 [3mphase_pattern_us[0m[2m=[0m48 [3mphase_eval_us[0m[2m=[0m101800 [3mphase_audit_us[0m[2m=[0m442 [3mphase_total_us[0m[2m=[0m102296 [2m[3mdb.system[0m[2m=[0m"neo4j"[0m [2m[3mdb.operation.name[0m[2m=[0m"read"[0m
[2m2026-09-04T07:51:53.222446Z[0m [32m INFO[0m bolt RUN executed [3mevent_id[0m[2m=[0m"bolt.log.query" [3mquery[0m[2m=[0mUNWIND $rows AS row
		 MATCH (c:Category {categoryID: row.categoryID})
		 MATCH (s:Supplier {supplierID: row.supplierID})
		 CREATE (p:Product {productID: row.productID, productName: row.productName, sku: row.sku,
		                    unitPrice: row.unitPrice, unitsInStock: row.unitsInStock, discontinued: row.discontinued,
		                    description: row.description, tags: row.tags})
		 CREATE (p)-[:PART_OF]->(c)
		 CREATE (s)-[:SUPPLIES]->(p) [3mfields[0m[2m=[0m[]
[2m2026-09-04T07:51:53.222811Z[0m [32m INFO[0m bolt message received [3mevent_id[0m[2m=[0m"bolt.log.run" [3msignature[0m[2m=[0m"0x3F"
[2m2026-09-04T07:51:53.222824Z[0m [32m INFO[0m bolt sending responses [3mevent_id[0m[2m=[0m"bolt.log.run" [3mresponse_count[0m[2m=[0m2 [3mresponse_bytes[0m[2m=[0m165 [3mtransport[0m[2m=[0m"tcp"
[2m2026-09-04T07:51:53.224062Z[0m [32m INFO[0m bolt message received [3mevent_id[0m[2m=[0m"bolt.log.run" [3msignature[0m[2m=[0m"0x10"
[2m2026-09-04T07:51:53.247936Z[0m [32m INFO[0m [1mnornicdb.bolt.run[0m:[1mnornicdb.cypher.execute[0m: query phase breakdown [3mquery_hash[0m[2m=[0m10865397794136016792 [3mphase_parse_cache_us[0m[2m=[0m3 [3mphase_compliance_us[0m[2m=[0m1 [3mphase_pattern_us[0m[2m=[0m45 [3mphase_eval_us[0m[2m=[0m103458 [3mphase_audit_us[0m[2m=[0m363 [3mphase_total_us[0m[2m=[0m103870 [2m[3mdb.system[0m[2m=[0m"neo4j"[0m [2m[3mdb.operation.name[0m[2m=[0m"read"[0m
[2m2026-09-04T07:51:53.248566Z[0m [32m INFO[0m bolt RUN executed [3mevent_id[0m[2m=[0m"bolt.log.query" [3mquery[0m[2m=[0mUNWIND $rows AS row
		 MATCH (c:Category {categoryID: row.categoryID})
		 MATCH (s:Supplier {supplierID: row.supplierID})
		 CREATE (p:Product {productID: row.productID, productName: row.productName, sku: row.sku,
		                    unitPrice: row.unitPrice, unitsInStock: row.unitsInStock, discontinued: row.discontinued,
		                    description: row.description, tags: row.tags})
		 CREATE (p)-[:PART_OF]->(c)
		 CREATE (s)-[:SUPPLIES]->(p) [3mfields[0m[2m=[0m[]
[2m2026-09-04T07:51:53.248896Z[0m [32m INFO[0m bolt message received [3mevent_id[0m[2m=[0m"bolt.log.run" [3msignature[0m[2m=[0m"0x3F"
[2m2026-09-04T07:51:53.248905Z[0m [32m INFO[0m bolt sending responses [3mevent_id[0m[2m=[0m"bolt.log.run" [3mresponse_count[0m[2m=[0m2 [3mresponse_bytes[0m[2m=[0m165 [3mtransport[0m[2m=[0m"tcp"
[2m2026-09-04T07:51:53.249950Z[0m [32m INFO[0m bolt message received [3mevent_id[0m[2m=[0m"bolt.log.run" [3msignature[0m[2m=[0m"0x10"
[2m2026-09-04T07:51:53.275015Z[0m [32m INFO[0m [1mnornicdb.bolt.run[0m:[1mnornicdb.cypher.execute[0m: query phase breakdown [3mquery_hash[0m[2m=[0m10865397794136016792 [3mphase_parse_cache_us[0m[2m=[0m7 [3mphase_compliance_us[0m[2m=[0m2 [3mphase_pattern_us[0m[2m=[0m48 [3mphase_eval_us[0m[2m=[0m102681 [3mphase_audit_us[0m[2m=[0m505 [3mphase_total_us[0m[2m=[0m103243 [2m[3mdb.system[0m[2m=[0m"neo4j"[0m [2m[3mdb.operation.name[0m[2m=[0m"read"[0m
[2m2026-09-04T07:51:53.275690Z[0m [32m INFO[0m bolt RUN executed [3mevent_id[0m[2m=[0m"bolt.log.query" [3mquery[0m[2m=[0mUNWIND $rows AS row
		 MATCH (c:Category {categoryID: row.categoryID})
		 MATCH (s:Supplier {supplierID: row.supplierID})
		 CREATE (p:Product {productID: row.productID, productName: row.productName, sku: row.sku,
		                    unitPrice: row.unitPrice, unitsInStock: row.unitsInStock, discontinued: row.discontinued,
		                    description: row.description, tags: row.tags})
		 CREATE (p)-[:PART_OF]->(c)
		 CREATE (s)-[:SUPPLIES]->(p) [3mfields[0m[2m=[0m[]
[2m2026-09-04T07:51:53.276075Z[0m [32m INFO[0m bolt message received [3mevent_id[0m[2m=[0m"bolt.log.run" [3msignature[0m[2m=[0m"0x3F"
[2m2026-09-04T07:51:53.276086Z[0m [32m INFO[0m bolt sending responses [3mevent_id[0m[2m=[0m"bolt.log.run" [3mresponse_count[0m[2m=[0m2 [3mresponse_bytes[0m[2m=[0m165 [3mtransport[0m[2m=[0m"tcp"
[2m2026-09-04T07:51:53.277229Z[0m [32m INFO[0m bolt message received [3mevent_id[0m[2m=[0m"bolt.log.run" [3msignature[0m[2m=[0m"0x10"
[2m2026-09-04T07:51:53.302851Z[0m [32m INFO[0m [1mnornicdb.bolt.run[0m:[1mnornicdb.cypher.execute[0m: query phase breakdown [3mquery_hash[0m[2m=[0m10865397794136016792 [3mphase_parse_cache_us[0m[2m=[0m5 [3mphase_compliance_us[0m[2m=[0m3 [3mphase_pattern_us[0m[2m=[0m45 [3mphase_eval_us[0m[2m=[0m104543 [3mphase_audit_us[0m[2m=[0m445 [3mphase_total_us[0m[2m=[0m105041 [2m[3mdb.system[0m[2m=[0m"neo4j"[0m [2m[3mdb.operation.name[0m[2m=[0m"read"[0m
[2m2026-09-04T07:51:53.303411Z[0m [32m INFO[0m bolt RUN executed [3mevent_id[0m[2m=[0m"bolt.log.query" [3mquery[0m[2m=[0mUNWIND $rows AS row
		 MATCH (c:Category {categoryID: row.categoryID})
		 MATCH (s:Supplier {supplierID: row.supplierID})
		 CREATE (p:Product {productID: row.productID, productName: row.productName, sku: row.sku,
		                    unitPrice: row.unitPrice, unitsInStock: row.unitsInStock, discontinued: row.discontinued,
		                    description: row.description, tags: row.tags})
		 CREATE (p)-[:PART_OF]->(c)
		 CREATE (s)-[:SUPPLIES]->(p) [3mfields[0m[2m=[0m[]
[2m2026-09-04T07:51:53.303767Z[0m [32m INFO[0m bolt message received [3mevent_id[0m[2m=[0m"bolt.log.run" [3msignature[0m[2m=[0m"0x3F"
[2m2026-09-04T07:51:53.303776Z[0m [32m INFO[0m bolt sending responses [3mevent_id[0m[2m=[0m"bolt.log.run" [3mresponse_count[0m[2m=[0m2 [3mresponse_bytes[0m[2m=[0m165 [3mtransport[0m[2m=[0m"tcp"
[2m2026-09-04T07:51:53.304861Z[0m [32m INFO[0m bolt message received [3mevent_id[0m[2m=[0m"bolt.log.run" [3msignature[0m[2m=[0m"0x10"
[2m2026-09-04T07:51:53.329519Z[0m [32m INFO[0m [1mnornicdb.bolt.run[0m:[1mnornicdb.cypher.execute[0m: query phase breakdown [3mquery_hash[0m[2m=[0m10865397794136016792 [3mphase_parse_cache_us[0m[2m=[0m5 [3mphase_compliance_us[0m[2m=[0m3 [3mphase_pattern_us[0m[2m=[0m46 [3mphase_eval_us[0m[2m=[0m104429 [3mphase_audit_us[0m[2m=[0m431 [3mphase_total_us[0m[2m=[0m104914 [2m[3mdb.system[0m[2m=[0m"neo4j"[0m [2m[3mdb.operation.name[0m[2m=[0m"read"[0m
[2m2026-09-04T07:51:53.330150Z[0m [32m INFO[0m bolt RUN executed [3mevent_id[0m[2m=[0m"bolt.log.query" [3mquery[0m[2m=[0mUNWIND $rows AS row
		 MATCH (c:Category {categoryID: row.categoryID})
		 MATCH (s:Supplier {supplierID: row.supplierID})
		 CREATE (p:Product {productID: row.productID, productName: row.productName, sku: row.sku,
		                    unitPrice: row.unitPrice, unitsInStock: row.unitsInStock, discontinued: row.discontinued,
		                    description: row.description, tags: row.tags})
		 CREATE (p)-[:PART_OF]->(c)
		 CREATE (s)-[:SUPPLIES]->(p) [3mfields[0m[2m=[0m[]
[2m2026-09-04T07:51:53.330537Z[0m [32m INFO[0m bolt message received [3mevent_id[0m[2m=[0m"bolt.log.run" [3msignature[0m[2m=[0m"0x3F"
[2m2026-09-04T07:51:53.330548Z[0m [32m INFO[0m bolt sending responses [3mevent_id[0m[2m=[0m"bolt.log.run" [3mresponse_count[0m[2m=[0m2 [3mresponse_bytes[0m[2m=[0m165 [3mtransport[0m[2m=[0m"tcp"
[2m2026-09-04T07:51:53.331677Z[0m [32m INFO[0m bolt message received [3mevent_id[0m[2m=[0m"bolt.log.run" [3msignature[0m[2m=[0m"0x10"
[2m2026-09-04T07:51:53.356653Z[0m [32m INFO[0m [1mnornicdb.bolt.run[0m:[1mnornicdb.cypher.execute[0m: query phase breakdown [3mquery_hash[0m[2m=[0m10865397794136016792 [3mphase_parse_cache_us[0m[2m=[0m3 [3mphase_compliance_us[0m[2m=[0m2 [3mphase_pattern_us[0m[2m=[0m43 [3mphase_eval_us[0m[2m=[0m105796 [3mphase_audit_us[0m[2m=[0m378 [3mphase_total_us[0m[2m=[0m106222 [2m[3mdb.system[0m[2m=[0m"neo4j"[0m [2m[3mdb.operation.name[0m[2m=[0m"read"[0m
[2m2026-09-04T07:51:53.357247Z[0m [32m INFO[0m bolt RUN executed [3mevent_id[0m[2m=[0m"bolt.log.query" [3mquery[0m[2m=[0mUNWIND $rows AS row
		 MATCH (c:Category {categoryID: row.categoryID})
		 MATCH (s:Supplier {supplierID: row.supplierID})
		 CREATE (p:Product {productID: row.productID, productName: row.productName, sku: row.sku,
		                    unitPrice: row.unitPrice, unitsInStock: row.unitsInStock, discontinued: row.discontinued,
		                    description: row.description, tags: row.tags})
		 CREATE (p)-[:PART_OF]->(c)
		 CREATE (s)-[:SUPPLIES]->(p) [3mfields[0m[2m=[0m[]
[2m2026-09-04T07:51:53.357600Z[0m [32m INFO[0m bolt message received [3mevent_id[0m[2m=[0m"bolt.log.run" [3msignature[0m[2m=[0m"0x3F"
[2m2026-09-04T07:51:53.357610Z[0m [32m INFO[0m bolt sending responses [3mevent_id[0m[2m=[0m"bolt.log.run" [3mresponse_count[0m[2m=[0m2 [3mresponse_bytes[0m[2m=[0m165 [3mtransport[0m[2m=[0m"tcp"
[2m2026-09-04T07:51:53.358686Z[0m [32m INFO[0m bolt message received [3mevent_id[0m[2m=[0m"bolt.log.run" [3msignature[0m[2m=[0m"0x10"
[2m2026-09-04T07:51:53.383580Z[0m [32m INFO[0m [1mnornicdb.bolt.run[0m:[1mnornicdb.cypher.execute[0m: query phase breakdown [3mquery_hash[0m[2m=[0m10865397794136016792 [3mphase_parse_cache_us[0m[2m=[0m4 [3mphase_compliance_us[0m[2m=[0m2 [3mphase_pattern_us[0m[2m=[0m46 [3mphase_eval_us[0m[2m=[0m105339 [3mphase_audit_us[0m[2m=[0m436 [3mphase_total_us[0m[2m=[0m105827 [2m[3mdb.system[0m[2m=[0m"neo4j"[0m [2m[3mdb.operation.name[0m[2m=[0m"read"[0m
[2m2026-09-04T07:51:53.384145Z[0m [32m INFO[0m bolt RUN executed [3mevent_id[0m[2m=[0m"bolt.log.query" [3mquery[0m[2m=[0mUNWIND $rows AS row
		 MATCH (c:Category {categoryID: row.categoryID})
		 MATCH (s:Supplier {supplierID: row.supplierID})
		 CREATE (p:Product {productID: row.productID, productName: row.productName, sku: row.sku,
		                    unitPrice: row.unitPrice, unitsInStock: row.unitsInStock, discontinued: row.discontinued,
		                    description: row.description, tags: row.tags})
		 CREATE (p)-[:PART_OF]->(c)
		 CREATE (s)-[:SUPPLIES]->(p) [3mfields[0m[2m=[0m[]
[2m2026-09-04T07:51:53.384510Z[0m [32m INFO[0m bolt message received [3mevent_id[0m[2m=[0m"bolt.log.run" [3msignature[0m[2m=[0m"0x3F"
[2m2026-09-04T07:51:53.384522Z[0m [32m INFO[0m bolt sending responses [3mevent_id[0m[2m=[0m"bolt.log.run" [3mresponse_count[0m[2m=[0m2 [3mresponse_bytes[0m[2m=[0m165 [3mtransport[0m[2m=[0m"tcp"
[2m2026-09-04T07:51:53.385605Z[0m [32m INFO[0m bolt message received [3mevent_id[0m[2m=[0m"bolt.log.run" [3msignature[0m[2m=[0m"0x10"
[2m2026-09-04T07:51:53.410366Z[0m [32m INFO[0m [1mnornicdb.bolt.run[0m:[1mnornicdb.cypher.execute[0m: query phase breakdown [3mquery_hash[0m[2m=[0m10865397794136016792 [3mphase_parse_cache_us[0m[2m=[0m3 [3mphase_compliance_us[0m[2m=[0m1 [3mphase_pattern_us[0m[2m=[0m44 [3mphase_eval_us[0m[2m=[0m104631 [3mphase_audit_us[0m[2m=[0m377 [3mphase_total_us[0m[2m=[0m105056 [2m[3mdb.system[0m[2m=[0m"neo4j"[0m [2m[3mdb.operation.name[0m[2m=[0m"read"[0m
[2m2026-09-04T07:51:53.410973Z[0m [32m INFO[0m bolt RUN executed [3mevent_id[0m[2m=[0m"bolt.log.query" [3mquery[0m[2m=[0mUNWIND $rows AS row
		 MATCH (c:Category {categoryID: row.categoryID})
		 MATCH (s:Supplier {supplierID: row.supplierID})
		 CREATE (p:Product {productID: row.productID, productName: row.productName, sku: row.sku,
		                    unitPrice: row.unitPrice, unitsInStock: row.unitsInStock, discontinued: row.discontinued,
		                    description: row.description, tags: row.tags})
		 CREATE (p)-[:PART_OF]->(c)
		 CREATE (s)-[:SUPPLIES]->(p) [3mfields[0m[2m=[0m[]
[2m2026-09-04T07:51:53.411361Z[0m [32m INFO[0m bolt message received [3mevent_id[0m[2m=[0m"bolt.log.run" [3msignature[0m[2m=[0m"0x3F"
[2m2026-09-04T07:51:53.411373Z[0m [32m INFO[0m bolt sending responses [3mevent_id[0m[2m=[0m"bolt.log.run" [3mresponse_count[0m[2m=[0m2 [3mresponse_bytes[0m[2m=[0m165 [3mtransport[0m[2m=[0m"tcp"
[2m2026-09-04T07:51:53.412538Z[0m [32m INFO[0m bolt message received [3mevent_id[0m[2m=[0m"bolt.log.run" [3msignature[0m[2m=[0m"0x10"
[2m2026-09-04T07:51:53.441293Z[0m [32m INFO[0m [1mnornicdb.bolt.run[0m:[1mnornicdb.cypher.execute[0m: query phase breakdown [3mquery_hash[0m[2m=[0m10865397794136016792 [3mphase_parse_cache_us[0m[2m=[0m3 [3mphase_compliance_us[0m[2m=[0m2 [3mphase_pattern_us[0m[2m=[0m44 [3mphase_eval_us[0m[2m=[0m108637 [3mphase_audit_us[0m[2m=[0m397 [3mphase_total_us[0m[2m=[0m109083 [2m[3mdb.system[0m[2m=[0m"neo4j"[0m [2m[3mdb.operation.name[0m[2m=[0m"read"[0m
[2m2026-09-04T07:51:53.441832Z[0m [32m INFO[0m bolt RUN executed [3mevent_id[0m[2m=[0m"bolt.log.query" [3mquery[0m[2m=[0mUNWIND $rows AS row
		 MATCH (c:Category {categoryID: row.categoryID})
		 MATCH (s:Supplier {supplierID: row.supplierID})
		 CREATE (p:Product {productID: row.productID, productName: row.productName, sku: row.sku,
		                    unitPrice: row.unitPrice, unitsInStock: row.unitsInStock, discontinued: row.discontinued,
		                    description: row.description, tags: row.tags})
		 CREATE (p)-[:PART_OF]->(c)
		 CREATE (s)-[:SUPPLIES]->(p) [3mfields[0m[2m=[0m[]
[2m2026-09-04T07:51:53.442143Z[0m [32m INFO[0m bolt message received [3mevent_id[0m[2m=[0m"bolt.log.run" [3msignature[0m[2m=[0m"0x3F"
[2m2026-09-04T07:51:53.442154Z[0m [32m INFO[0m bolt sending responses [3mevent_id[0m[2m=[0m"bolt.log.run" [3mresponse_count[0m[2m=[0m2 [3mresponse_bytes[0m[2m=[0m165 [3mtransport[0m[2m=[0m"tcp"
[2m2026-09-04T07:51:53.443392Z[0m [32m INFO[0m bolt message received [3mevent_id[0m[2m=[0m"bolt.log.run" [3msignature[0m[2m=[0m"0x10"
[2m2026-09-04T07:51:53.467627Z[0m [32m INFO[0m [1mnornicdb.bolt.run[0m:[1mnornicdb.cypher.execute[0m: query phase breakdown [3mquery_hash[0m[2m=[0m10865397794136016792 [3mphase_parse_cache_us[0m[2m=[0m3 [3mphase_compliance_us[0m[2m=[0m1 [3mphase_pattern_us[0m[2m=[0m42 [3mphase_eval_us[0m[2m=[0m108029 [3mphase_audit_us[0m[2m=[0m391 [3mphase_total_us[0m[2m=[0m108466 [2m[3mdb.system[0m[2m=[0m"neo4j"[0m [2m[3mdb.operation.name[0m[2m=[0m"read"[0m
[2m2026-09-04T07:51:53.468213Z[0m [32m INFO[0m bolt RUN executed [3mevent_id[0m[2m=[0m"bolt.log.query" [3mquery[0m[2m=[0mUNWIND $rows AS row
		 MATCH (c:Category {categoryID: row.categoryID})
		 MATCH (s:Supplier {supplierID: row.supplierID})
		 CREATE (p:Product {productID: row.productID, productName: row.productName, sku: row.sku,
		                    unitPrice: row.unitPrice, unitsInStock: row.unitsInStock, discontinued: row.discontinued,
		                    description: row.description, tags: row.tags})
		 CREATE (p)-[:PART_OF]->(c)
		 CREATE (s)-[:SUPPLIES]->(p) [3mfields[0m[2m=[0m[]
[2m2026-09-04T07:51:53.468582Z[0m [32m INFO[0m bolt message received [3mevent_id[0m[2m=[0m"bolt.log.run" [3msignature[0m[2m=[0m"0x3F"
[2m2026-09-04T07:51:53.468593Z[0m [32m INFO[0m bolt sending responses [3mevent_id[0m[2m=[0m"bolt.log.run" [3mresponse_count[0m[2m=[0m2 [3mresponse_bytes[0m[2m=[0m165 [3mtransport[0m[2m=[0m"tcp"
[2m2026-09-04T07:51:53.469840Z[0m [32m INFO[0m bolt message received [3mevent_id[0m[2m=[0m"bolt.log.run" [3msignature[0m[2m=[0m"0x10"
[2m2026-09-04T07:51:53.516580Z[0m [32m INFO[0m [1mnornicdb.bolt.run[0m:[1mnornicdb.cypher.execute[0m: query phase breakdown [3mquery_hash[0m[2m=[0m10865397794136016792 [3mphase_parse_cache_us[0m[2m=[0m7 [3mphase_compliance_us[0m[2m=[0m2 [3mphase_pattern_us[0m[2m=[0m46 [3mphase_eval_us[0m[2m=[0m129575 [3mphase_audit_us[0m[2m=[0m779 [3mphase_total_us[0m[2m=[0m130409 [2m[3mdb.system[0m[2m=[0m"neo4j"[0m [2m[3mdb.operation.name[0m[2m=[0m"read"[0m
[2m2026-09-04T07:51:53.519071Z[0m [32m INFO[0m bolt RUN executed [3mevent_id[0m[2m=[0m"bolt.log.query" [3mquery[0m[2m=[0mUNWIND $rows AS row
		 MATCH (c:Category {categoryID: row.categoryID})
		 MATCH (s:Supplier {supplierID: row.supplierID})
		 CREATE (p:Product {productID: row.productID, productName: row.productName, sku: row.sku,
		                    unitPrice: row.unitPrice, unitsInStock: row.unitsInStock, discontinued: row.discontinued,
		                    description: row.description, tags: row.tags})
		 CREATE (p)-[:PART_OF]->(c)
		 CREATE (s)-[:SUPPLIES]->(p) [3mfields[0m[2m=[0m[]
[2m2026-09-04T07:51:53.520085Z[0m [32m INFO[0m bolt message received [3mevent_id[0m[2m=[0m"bolt.log.run" [3msignature[0m[2m=[0m"0x3F"
[2m2026-09-04T07:51:53.520138Z[0m [32m INFO[0m bolt sending responses [3mevent_id[0m[2m=[0m"bolt.log.run" [3mresponse_count[0m[2m=[0m2 [3mresponse_bytes[0m[2m=[0m165 [3mtransport[0m[2m=[0m"tcp"
[2m2026-09-04T07:51:53.522981Z[0m [32m INFO[0m bolt message received [3mevent_id[0m[2m=[0m"bolt.log.run" [3msignature[0m[2m=[0m"0x10"
[2m2026-09-04T07:51:53.579090Z[0m [32m INFO[0m [1mnornicdb.bolt.run[0m:[1mnornicdb.cypher.execute[0m: query phase breakdown [3mquery_hash[0m[2m=[0m10865397794136016792 [3mphase_parse_cache_us[0m[2m=[0m4 [3mphase_compliance_us[0m[2m=[0m2 [3mphase_pattern_us[0m[2m=[0m45 [3mphase_eval_us[0m[2m=[0m165099 [3mphase_audit_us[0m[2m=[0m834 [3mphase_total_us[0m[2m=[0m165984 [2m[3mdb.system[0m[2m=[0m"neo4j"[0m [2m[3mdb.operation.name[0m[2m=[0m"read"[0m
[2m2026-09-04T07:51:53.580009Z[0m [32m INFO[0m bolt RUN executed [3mevent_id[0m[2m=[0m"bolt.log.query" [3mquery[0m[2m=[0mUNWIND $rows AS row
		 MATCH (c:Category {categoryID: row.categoryID})
		 MATCH (s:Supplier {supplierID: row.supplierID})
		 CREATE (p:Product {productID: row.productID, productName: row.productName, sku: row.sku,
		                    unitPrice: row.unitPrice, unitsInStock: row.unitsInStock, discontinued: row.discontinued,
		                    description: row.description, tags: row.tags})
		 CREATE (p)-[:PART_OF]->(c)
		 CREATE (s)-[:SUPPLIES]->(p) [3mfields[0m[2m=[0m[]
[2m2026-09-04T07:51:53.580727Z[0m [32m INFO[0m bolt message received [3mevent_id[0m[2m=[0m"bolt.log.run" [3msignature[0m[2m=[0m"0x3F"
[2m2026-09-04T07:51:53.580775Z[0m [32m INFO[0m bolt sending responses [3mevent_id[0m[2m=[0m"bolt.log.run" [3mresponse_count[0m[2m=[0m2 [3mresponse_bytes[0m[2m=[0m165 [3mtransport[0m[2m=[0m"tcp"
[2m2026-09-04T07:51:53.582117Z[0m [32m INFO[0m bolt message received [3mevent_id[0m[2m=[0m"bolt.log.run" [3msignature[0m[2m=[0m"0x10"
[2m2026-09-04T07:51:53.613209Z[0m [32m INFO[0m [1mnornicdb.bolt.run[0m:[1mnornicdb.cypher.execute[0m: query phase breakdown [3mquery_hash[0m[2m=[0m10865397794136016792 [3mphase_parse_cache_us[0m[2m=[0m7 [3mphase_compliance_us[0m[2m=[0m2 [3mphase_pattern_us[0m[2m=[0m43 [3mphase_eval_us[0m[2m=[0m168932 [3mphase_audit_us[0m[2m=[0m396 [3mphase_total_us[0m[2m=[0m169380 [2m[3mdb.system[0m[2m=[0m"neo4j"[0m [2m[3mdb.operation.name[0m[2m=[0m"read"[0m
[2m2026-09-04T07:51:53.613831Z[0m [32m INFO[0m bolt RUN executed [3mevent_id[0m[2m=[0m"bolt.log.query" [3mquery[0m[2m=[0mUNWIND $rows AS row
		 MATCH (c:Category {categoryID: row.categoryID})
		 MATCH (s:Supplier {supplierID: row.supplierID})
		 CREATE (p:Product {productID: row.productID, productName: row.productName, sku: row.sku,
		                    unitPrice: row.unitPrice, unitsInStock: row.unitsInStock, discontinued: row.discontinued,
		                    description: row.description, tags: row.tags})
		 CREATE (p)-[:PART_OF]->(c)
		 CREATE (s)-[:SUPPLIES]->(p) [3mfields[0m[2m=[0m[]
[2m2026-09-04T07:51:53.614241Z[0m [32m INFO[0m bolt message received [3mevent_id[0m[2m=[0m"bolt.log.run" [3msignature[0m[2m=[0m"0x3F"
[2m2026-09-04T07:51:53.614255Z[0m [32m INFO[0m bolt sending responses [3mevent_id[0m[2m=[0m"bolt.log.run" [3mresponse_count[0m[2m=[0m2 [3mresponse_bytes[0m[2m=[0m165 [3mtransport[0m[2m=[0m"tcp"
[2m2026-09-04T07:51:53.616760Z[0m [32m INFO[0m bolt message received [3mevent_id[0m[2m=[0m"bolt.log.run" [3msignature[0m[2m=[0m"0x10"
[2m2026-09-04T07:51:53.644411Z[0m [32m INFO[0m [1mnornicdb.bolt.run[0m:[1mnornicdb.cypher.execute[0m: query phase breakdown [3mquery_hash[0m[2m=[0m10865397794136016792 [3mphase_parse_cache_us[0m[2m=[0m4 [3mphase_compliance_us[0m[2m=[0m2 [3mphase_pattern_us[0m[2m=[0m46 [3mphase_eval_us[0m[2m=[0m173626 [3mphase_audit_us[0m[2m=[0m399 [3mphase_total_us[0m[2m=[0m174077 [2m[3mdb.system[0m[2m=[0m"neo4j"[0m [2m[3mdb.operation.name[0m[2m=[0m"read"[0m
[2m2026-09-04T07:51:53.645080Z[0m [32m INFO[0m bolt RUN executed [3mevent_id[0m[2m=[0m"bolt.log.query" [3mquery[0m[2m=[0mUNWIND $rows AS row
		 MATCH (c:Category {categoryID: row.categoryID})
		 MATCH (s:Supplier {supplierID: row.supplierID})
		 CREATE (p:Product {productID: row.productID, productName: row.productName, sku: row.sku,
		                    unitPrice: row.unitPrice, unitsInStock: row.unitsInStock, discontinued: row.discontinued,
		                    description: row.description, tags: row.tags})
		 CREATE (p)-[:PART_OF]->(c)
		 CREATE (s)-[:SUPPLIES]->(p) [3mfields[0m[2m=[0m[]
[2m2026-09-04T07:51:53.645449Z[0m [32m INFO[0m bolt message received [3mevent_id[0m[2m=[0m"bolt.log.run" [3msignature[0m[2m=[0m"0x3F"
[2m2026-09-04T07:51:53.645462Z[0m [32m INFO[0m bolt sending responses [3mevent_id[0m[2m=[0m"bolt.log.run" [3mresponse_count[0m[2m=[0m2 [3mresponse_bytes[0m[2m=[0m165 [3mtransport[0m[2m=[0m"tcp"
[2m2026-09-04T07:51:53.646797Z[0m [32m INFO[0m bolt message received [3mevent_id[0m[2m=[0m"bolt.log.run" [3msignature[0m[2m=[0m"0x10"
[2m2026-09-04T07:51:53.672262Z[0m [32m INFO[0m [1mnornicdb.bolt.run[0m:[1mnornicdb.cypher.execute[0m: query phase breakdown [3mquery_hash[0m[2m=[0m10865397794136016792 [3mphase_parse_cache_us[0m[2m=[0m11 [3mphase_compliance_us[0m[2m=[0m5 [3mphase_pattern_us[0m[2m=[0m86 [3mphase_eval_us[0m[2m=[0m147070 [3mphase_audit_us[0m[2m=[0m848 [3mphase_total_us[0m[2m=[0m148020 [2m[3mdb.system[0m[2m=[0m"neo4j"[0m [2m[3mdb.operation.name[0m[2m=[0m"read"[0m
[2m2026-09-04T07:51:53.672860Z[0m [32m INFO[0m bolt RUN executed [3mevent_id[0m[2m=[0m"bolt.log.query" [3mquery[0m[2m=[0mUNWIND $rows AS row
		 MATCH (c:Category {categoryID: row.categoryID})
		 MATCH (s:Supplier {supplierID: row.supplierID})
		 CREATE (p:Product {productID: row.productID, productName: row.productName, sku: row.sku,
		                    unitPrice: row.unitPrice, unitsInStock: row.unitsInStock, discontinued: row.discontinued,
		                    description: row.description, tags: row.tags})
		 CREATE (p)-[:PART_OF]->(c)
		 CREATE (s)-[:SUPPLIES]->(p) [3mfields[0m[2m=[0m[]
[2m2026-09-04T07:51:53.673232Z[0m [32m INFO[0m bolt message received [3mevent_id[0m[2m=[0m"bolt.log.run" [3msignature[0m[2m=[0m"0x3F"
[2m2026-09-04T07:51:53.673242Z[0m [32m INFO[0m bolt sending responses [3mevent_id[0m[2m=[0m"bolt.log.run" [3mresponse_count[0m[2m=[0m2 [3mresponse_bytes[0m[2m=[0m165 [3mtransport[0m[2m=[0m"tcp"
[2m2026-09-04T07:51:53.674548Z[0m [32m INFO[0m bolt message received [3mevent_id[0m[2m=[0m"bolt.log.run" [3msignature[0m[2m=[0m"0x10"
[2m2026-09-04T07:51:53.699620Z[0m [32m INFO[0m [1mnornicdb.bolt.run[0m:[1mnornicdb.cypher.execute[0m: query phase breakdown [3mquery_hash[0m[2m=[0m10865397794136016792 [3mphase_parse_cache_us[0m[2m=[0m5 [3mphase_compliance_us[0m[2m=[0m3 [3mphase_pattern_us[0m[2m=[0m48 [3mphase_eval_us[0m[2m=[0m116335 [3mphase_audit_us[0m[2m=[0m452 [3mphase_total_us[0m[2m=[0m116843 [2m[3mdb.system[0m[2m=[0m"neo4j"[0m [2m[3mdb.operation.name[0m[2m=[0m"read"[0m
[2m2026-09-04T07:51:53.700224Z[0m [32m INFO[0m bolt RUN executed [3mevent_id[0m[2m=[0m"bolt.log.query" [3mquery[0m[2m=[0mUNWIND $rows AS row
		 MATCH (c:Category {categoryID: row.categoryID})
		 MATCH (s:Supplier {supplierID: row.supplierID})
		 CREATE (p:Product {productID: row.productID, productName: row.productName, sku: row.sku,
		                    unitPrice: row.unitPrice, unitsInStock: row.unitsInStock, discontinued: row.discontinued,
		                    description: row.description, tags: row.tags})
		 CREATE (p)-[:PART_OF]->(c)
		 CREATE (s)-[:SUPPLIES]->(p) [3mfields[0m[2m=[0m[]
[2m2026-09-04T07:51:53.700584Z[0m [32m INFO[0m bolt message received [3mevent_id[0m[2m=[0m"bolt.log.run" [3msignature[0m[2m=[0m"0x3F"
[2m2026-09-04T07:51:53.700595Z[0m [32m INFO[0m bolt sending responses [3mevent_id[0m[2m=[0m"bolt.log.run" [3mresponse_count[0m[2m=[0m2 [3mresponse_bytes[0m[2m=[0m165 [3mtransport[0m[2m=[0m"tcp"
[2m2026-09-04T07:51:53.701864Z[0m [32m INFO[0m bolt message received [3mevent_id[0m[2m=[0m"bolt.log.run" [3msignature[0m[2m=[0m"0x10"
[2m2026-09-04T07:51:53.726268Z[0m [32m INFO[0m [1mnornicdb.bolt.run[0m:[1mnornicdb.cypher.execute[0m: query phase breakdown [3mquery_hash[0m[2m=[0m10865397794136016792 [3mphase_parse_cache_us[0m[2m=[0m12 [3mphase_compliance_us[0m[2m=[0m6 [3mphase_pattern_us[0m[2m=[0m79 [3mphase_eval_us[0m[2m=[0m107011 [3mphase_audit_us[0m[2m=[0m825 [3mphase_total_us[0m[2m=[0m107933 [2m[3mdb.system[0m[2m=[0m"neo4j"[0m [2m[3mdb.operation.name[0m[2m=[0m"read"[0m
[2m2026-09-04T07:51:53.726823Z[0m [32m INFO[0m bolt RUN executed [3mevent_id[0m[2m=[0m"bolt.log.query" [3mquery[0m[2m=[0mUNWIND $rows AS row
		 MATCH (c:Category {categoryID: row.categoryID})
		 MATCH (s:Supplier {supplierID: row.supplierID})
		 CREATE (p:Product {productID: row.productID, productName: row.productName, sku: row.sku,
		                    unitPrice: row.unitPrice, unitsInStock: row.unitsInStock, discontinued: row.discontinued,
		                    description: row.description, tags: row.tags})
		 CREATE (p)-[:PART_OF]->(c)
		 CREATE (s)-[:SUPPLIES]->(p) [3mfields[0m[2m=[0m[]
[2m2026-09-04T07:51:53.727133Z[0m [32m INFO[0m bolt message received [3mevent_id[0m[2m=[0m"bolt.log.run" [3msignature[0m[2m=[0m"0x3F"
[2m2026-09-04T07:51:53.727141Z[0m [32m INFO[0m bolt sending responses [3mevent_id[0m[2m=[0m"bolt.log.run" [3mresponse_count[0m[2m=[0m2 [3mresponse_bytes[0m[2m=[0m165 [3mtransport[0m[2m=[0m"tcp"
[2m2026-09-04T07:51:53.728441Z[0m [32m INFO[0m bolt message received [3mevent_id[0m[2m=[0m"bolt.log.run" [3msignature[0m[2m=[0m"0x10"
[2m2026-09-04T07:51:53.754445Z[0m [32m INFO[0m [1mnornicdb.bolt.run[0m:[1mnornicdb.cypher.execute[0m: query phase breakdown [3mquery_hash[0m[2m=[0m10865397794136016792 [3mphase_parse_cache_us[0m[2m=[0m4 [3mphase_compliance_us[0m[2m=[0m2 [3mphase_pattern_us[0m[2m=[0m47 [3mphase_eval_us[0m[2m=[0m106538 [3mphase_audit_us[0m[2m=[0m453 [3mphase_total_us[0m[2m=[0m107044 [2m[3mdb.system[0m[2m=[0m"neo4j"[0m [2m[3mdb.operation.name[0m[2m=[0m"read"[0m
[2m2026-09-04T07:51:53.755017Z[0m [32m INFO[0m bolt RUN executed [3mevent_id[0m[2m=[0m"bolt.log.query" [3mquery[0m[2m=[0mUNWIND $rows AS row
		 MATCH (c:Category {categoryID: row.categoryID})
		 MATCH (s:Supplier {supplierID: row.supplierID})
		 CREATE (p:Product {productID: row.productID, productName: row.productName, sku: row.sku,
		                    unitPrice: row.unitPrice, unitsInStock: row.unitsInStock, discontinued: row.discontinued,
		                    description: row.description, tags: row.tags})
		 CREATE (p)-[:PART_OF]->(c)
		 CREATE (s)-[:SUPPLIES]->(p) [3mfields[0m[2m=[0m[]
[2m2026-09-04T07:51:53.755385Z[0m [32m INFO[0m bolt message received [3mevent_id[0m[2m=[0m"bolt.log.run" [3msignature[0m[2m=[0m"0x3F"
[2m2026-09-04T07:51:53.755397Z[0m [32m INFO[0m bolt sending responses [3mevent_id[0m[2m=[0m"bolt.log.run" [3mresponse_count[0m[2m=[0m2 [3mresponse_bytes[0m[2m=[0m165 [3mtransport[0m[2m=[0m"tcp"
[2m2026-09-04T07:51:53.756555Z[0m [32m INFO[0m bolt message received [3mevent_id[0m[2m=[0m"bolt.log.run" [3msignature[0m[2m=[0m"0x10"
[2m2026-09-04T07:51:53.783504Z[0m [32m INFO[0m [1mnornicdb.bolt.run[0m:[1mnornicdb.cypher.execute[0m: query phase breakdown [3mquery_hash[0m[2m=[0m10865397794136016792 [3mphase_parse_cache_us[0m[2m=[0m5 [3mphase_compliance_us[0m[2m=[0m2 [3mphase_pattern_us[0m[2m=[0m47 [3mphase_eval_us[0m[2m=[0m107928 [3mphase_audit_us[0m[2m=[0m395 [3mphase_total_us[0m[2m=[0m108377 [2m[3mdb.system[0m[2m=[0m"neo4j"[0m [2m[3mdb.operation.name[0m[2m=[0m"read"[0m
[2m2026-09-04T07:51:53.784147Z[0m [32m INFO[0m bolt RUN executed [3mevent_id[0m[2m=[0m"bolt.log.query" [3mquery[0m[2m=[0mUNWIND $rows AS row
		 MATCH (c:Category {categoryID: row.categoryID})
		 MATCH (s:Supplier {supplierID: row.supplierID})
		 CREATE (p:Product {productID: row.productID, productName: row.productName, sku: row.sku,
		                    unitPrice: row.unitPrice, unitsInStock: row.unitsInStock, discontinued: row.discontinued,
		                    description: row.description, tags: row.tags})
		 CREATE (p)-[:PART_OF]->(c)
		 CREATE (s)-[:SUPPLIES]->(p) [3mfields[0m[2m=[0m[]
[2m2026-09-04T07:51:53.784501Z[0m [32m INFO[0m bolt message received [3mevent_id[0m[2m=[0m"bolt.log.run" [3msignature[0m[2m=[0m"0x3F"
[2m2026-09-04T07:51:53.784511Z[0m [32m INFO[0m bolt sending responses [3mevent_id[0m[2m=[0m"bolt.log.run" [3mresponse_count[0m[2m=[0m2 [3mresponse_bytes[0m[2m=[0m165 [3mtransport[0m[2m=[0m"tcp"
[2m2026-09-04T07:51:53.785813Z[0m [32m INFO[0m bolt message received [3mevent_id[0m[2m=[0m"bolt.log.run" [3msignature[0m[2m=[0m"0x10"
[2m2026-09-04T07:51:53.811166Z[0m [32m INFO[0m [1mnornicdb.bolt.run[0m:[1mnornicdb.cypher.execute[0m: query phase breakdown [3mquery_hash[0m[2m=[0m10865397794136016792 [3mphase_parse_cache_us[0m[2m=[0m4 [3mphase_compliance_us[0m[2m=[0m2 [3mphase_pattern_us[0m[2m=[0m46 [3mphase_eval_us[0m[2m=[0m108360 [3mphase_audit_us[0m[2m=[0m394 [3mphase_total_us[0m[2m=[0m108806 [2m[3mdb.system[0m[2m=[0m"neo4j"[0m [2m[3mdb.operation.name[0m[2m=[0m"read"[0m
[2m2026-09-04T07:51:53.811696Z[0m [32m INFO[0m bolt RUN executed [3mevent_id[0m[2m=[0m"bolt.log.query" [3mquery[0m[2m=[0mUNWIND $rows AS row
		 MATCH (c:Category {categoryID: row.categoryID})
		 MATCH (s:Supplier {supplierID: row.supplierID})
		 CREATE (p:Product {productID: row.productID, productName: row.productName, sku: row.sku,
		                    unitPrice: row.unitPrice, unitsInStock: row.unitsInStock, discontinued: row.discontinued,
		                    description: row.description, tags: row.tags})
		 CREATE (p)-[:PART_OF]->(c)
		 CREATE (s)-[:SUPPLIES]->(p) [3mfields[0m[2m=[0m[]
[2m2026-09-04T07:51:53.812025Z[0m [32m INFO[0m bolt message received [3mevent_id[0m[2m=[0m"bolt.log.run" [3msignature[0m[2m=[0m"0x3F"
[2m2026-09-04T07:51:53.812035Z[0m [32m INFO[0m bolt sending responses [3mevent_id[0m[2m=[0m"bolt.log.run" [3mresponse_count[0m[2m=[0m2 [3mresponse_bytes[0m[2m=[0m165 [3mtransport[0m[2m=[0m"tcp"
[2m2026-09-04T07:51:53.814009Z[0m [32m INFO[0m bolt message received [3mevent_id[0m[2m=[0m"bolt.log.run" [3msignature[0m[2m=[0m"0x10"
[2m2026-09-04T07:51:53.840659Z[0m [32m INFO[0m [1mnornicdb.bolt.run[0m:[1mnornicdb.cypher.execute[0m: query phase breakdown [3mquery_hash[0m[2m=[0m10865397794136016792 [3mphase_parse_cache_us[0m[2m=[0m4 [3mphase_compliance_us[0m[2m=[0m2 [3mphase_pattern_us[0m[2m=[0m48 [3mphase_eval_us[0m[2m=[0m111174 [3mphase_audit_us[0m[2m=[0m424 [3mphase_total_us[0m[2m=[0m111652 [2m[3mdb.system[0m[2m=[0m"neo4j"[0m [2m[3mdb.operation.name[0m[2m=[0m"read"[0m
[2m2026-09-04T07:51:53.841285Z[0m [32m INFO[0m bolt RUN executed [3mevent_id[0m[2m=[0m"bolt.log.query" [3mquery[0m[2m=[0mUNWIND $rows AS row
		 MATCH (c:Category {categoryID: row.categoryID})
		 MATCH (s:Supplier {supplierID: row.supplierID})
		 CREATE (p:Product {productID: row.productID, productName: row.productName, sku: row.sku,
		                    unitPrice: row.unitPrice, unitsInStock: row.unitsInStock, discontinued: row.discontinued,
		                    description: row.description, tags: row.tags})
		 CREATE (p)-[:PART_OF]->(c)
		 CREATE (s)-[:SUPPLIES]->(p) [3mfields[0m[2m=[0m[]
[2m2026-09-04T07:51:53.841636Z[0m [32m INFO[0m bolt message received [3mevent_id[0m[2m=[0m"bolt.log.run" [3msignature[0m[2m=[0m"0x3F"
[2m2026-09-04T07:51:53.841647Z[0m [32m INFO[0m bolt sending responses [3mevent_id[0m[2m=[0m"bolt.log.run" [3mresponse_count[0m[2m=[0m2 [3mresponse_bytes[0m[2m=[0m165 [3mtransport[0m[2m=[0m"tcp"
[2m2026-09-04T07:51:53.842964Z[0m [32m INFO[0m bolt message received [3mevent_id[0m[2m=[0m"bolt.log.run" [3msignature[0m[2m=[0m"0x10"
[2m2026-09-04T07:51:53.868598Z[0m [32m INFO[0m [1mnornicdb.bolt.run[0m:[1mnornicdb.cypher.execute[0m: query phase breakdown [3mquery_hash[0m[2m=[0m10865397794136016792 [3mphase_parse_cache_us[0m[2m=[0m5 [3mphase_compliance_us[0m[2m=[0m3 [3mphase_pattern_us[0m[2m=[0m49 [3mphase_eval_us[0m[2m=[0m111097 [3mphase_audit_us[0m[2m=[0m379 [3mphase_total_us[0m[2m=[0m111533 [2m[3mdb.system[0m[2m=[0m"neo4j"[0m [2m[3mdb.operation.name[0m[2m=[0m"read"[0m
[2m2026-09-04T07:51:53.869203Z[0m [32m INFO[0m bolt RUN executed [3mevent_id[0m[2m=[0m"bolt.log.query" [3mquery[0m[2m=[0mUNWIND $rows AS row
		 MATCH (c:Category {categoryID: row.categoryID})
		 MATCH (s:Supplier {supplierID: row.supplierID})
		 CREATE (p:Product {productID: row.productID, productName: row.productName, sku: row.sku,
		                    unitPrice: row.unitPrice, unitsInStock: row.unitsInStock, discontinued: row.discontinued,
		                    description: row.description, tags: row.tags})
		 CREATE (p)-[:PART_OF]->(c)
		 CREATE (s)-[:SUPPLIES]->(p) [3mfields[0m[2m=[0m[]
[2m2026-09-04T07:51:53.869564Z[0m [32m INFO[0m bolt message received [3mevent_id[0m[2m=[0m"bolt.log.run" [3msignature[0m[2m=[0m"0x3F"
[2m2026-09-04T07:51:53.869575Z[0m [32m INFO[0m bolt sending responses [3mevent_id[0m[2m=[0m"bolt.log.run" [3mresponse_count[0m[2m=[0m2 [3mresponse_bytes[0m[2m=[0m165 [3mtransport[0m[2m=[0m"tcp"
[2m2026-09-04T07:51:53.870783Z[0m [32m INFO[0m bolt message received [3mevent_id[0m[2m=[0m"bolt.log.run" [3msignature[0m[2m=[0m"0x10"
[2m2026-09-04T07:51:53.897431Z[0m [32m INFO[0m [1mnornicdb.bolt.run[0m:[1mnornicdb.cypher.execute[0m: query phase breakdown [3mquery_hash[0m[2m=[0m10865397794136016792 [3mphase_parse_cache_us[0m[2m=[0m4 [3mphase_compliance_us[0m[2m=[0m2 [3mphase_pattern_us[0m[2m=[0m48 [3mphase_eval_us[0m[2m=[0m110637 [3mphase_audit_us[0m[2m=[0m427 [3mphase_total_us[0m[2m=[0m111118 [2m[3mdb.system[0m[2m=[0m"neo4j"[0m [2m[3mdb.operation.name[0m[2m=[0m"read"[0m
[2m2026-09-04T07:51:53.897999Z[0m [32m INFO[0m bolt RUN executed [3mevent_id[0m[2m=[0m"bolt.log.query" [3mquery[0m[2m=[0mUNWIND $rows AS row
		 MATCH (c:Category {categoryID: row.categoryID})
		 MATCH (s:Supplier {supplierID: row.supplierID})
		 CREATE (p:Product {productID: row.productID, productName: row.productName, sku: row.sku,
		                    unitPrice: row.unitPrice, unitsInStock: row.unitsInStock, discontinued: row.discontinued,
		                    description: row.description, tags: row.tags})
		 CREATE (p)-[:PART_OF]->(c)
		 CREATE (s)-[:SUPPLIES]->(p) [3mfields[0m[2m=[0m[]
[2m2026-09-04T07:51:53.898339Z[0m [32m INFO[0m bolt message received [3mevent_id[0m[2m=[0m"bolt.log.run" [3msignature[0m[2m=[0m"0x3F"
[2m2026-09-04T07:51:53.898349Z[0m [32m INFO[0m bolt sending responses [3mevent_id[0m[2m=[0m"bolt.log.run" [3mresponse_count[0m[2m=[0m2 [3mresponse_bytes[0m[2m=[0m165 [3mtransport[0m[2m=[0m"tcp"
[2m2026-09-04T07:51:53.899571Z[0m [32m INFO[0m bolt message received [3mevent_id[0m[2m=[0m"bolt.log.run" [3msignature[0m[2m=[0m"0x10"
[2m2026-09-04T07:51:53.926263Z[0m [32m INFO[0m [1mnornicdb.bolt.run[0m:[1mnornicdb.cypher.execute[0m: query phase breakdown [3mquery_hash[0m[2m=[0m10865397794136016792 [3mphase_parse_cache_us[0m[2m=[0m4 [3mphase_compliance_us[0m[2m=[0m2 [3mphase_pattern_us[0m[2m=[0m44 [3mphase_eval_us[0m[2m=[0m111132 [3mphase_audit_us[0m[2m=[0m412 [3mphase_total_us[0m[2m=[0m111594 [2m[3mdb.system[0m[2m=[0m"neo4j"[0m [2m[3mdb.operation.name[0m[2m=[0m"read"[0m
[2m2026-09-04T07:51:53.926849Z[0m [32m INFO[0m bolt RUN executed [3mevent_id[0m[2m=[0m"bolt.log.query" [3mquery[0m[2m=[0mUNWIND $rows AS row
		 MATCH (c:Category {categoryID: row.categoryID})
		 MATCH (s:Supplier {supplierID: row.supplierID})
		 CREATE (p:Product {productID: row.productID, productName: row.productName, sku: row.sku,
		                    unitPrice: row.unitPrice, unitsInStock: row.unitsInStock, discontinued: row.discontinued,
		                    description: row.description, tags: row.tags})
		 CREATE (p)-[:PART_OF]->(c)
		 CREATE (s)-[:SUPPLIES]->(p) [3mfields[0m[2m=[0m[]
[2m2026-09-04T07:51:53.927244Z[0m [32m INFO[0m bolt message received [3mevent_id[0m[2m=[0m"bolt.log.run" [3msignature[0m[2m=[0m"0x3F"
[2m2026-09-04T07:51:53.927257Z[0m [32m INFO[0m bolt sending responses [3mevent_id[0m[2m=[0m"bolt.log.run" [3mresponse_count[0m[2m=[0m2 [3mresponse_bytes[0m[2m=[0m165 [3mtransport[0m[2m=[0m"tcp"
[2m2026-09-04T07:51:53.928555Z[0m [32m INFO[0m bolt message received [3mevent_id[0m[2m=[0m"bolt.log.run" [3msignature[0m[2m=[0m"0x10"
[2m2026-09-04T07:51:53.955574Z[0m [32m INFO[0m [1mnornicdb.bolt.run[0m:[1mnornicdb.cypher.execute[0m: query phase breakdown [3mquery_hash[0m[2m=[0m10865397794136016792 [3mphase_parse_cache_us[0m[2m=[0m4 [3mphase_compliance_us[0m[2m=[0m2 [3mphase_pattern_us[0m[2m=[0m47 [3mphase_eval_us[0m[2m=[0m111625 [3mphase_audit_us[0m[2m=[0m415 [3mphase_total_us[0m[2m=[0m112093 [2m[3mdb.system[0m[2m=[0m"neo4j"[0m [2m[3mdb.operation.name[0m[2m=[0m"read"[0m
[2m2026-09-04T07:51:53.956175Z[0m [32m INFO[0m bolt RUN executed [3mevent_id[0m[2m=[0m"bolt.log.query" [3mquery[0m[2m=[0mUNWIND $rows AS row
		 MATCH (c:Category {categoryID: row.categoryID})
		 MATCH (s:Supplier {supplierID: row.supplierID})
		 CREATE (p:Product {productID: row.productID, productName: row.productName, sku: row.sku,
		                    unitPrice: row.unitPrice, unitsInStock: row.unitsInStock, discontinued: row.discontinued,
		                    description: row.description, tags: row.tags})
		 CREATE (p)-[:PART_OF]->(c)
		 CREATE (s)-[:SUPPLIES]->(p) [3mfields[0m[2m=[0m[]
[2m2026-09-04T07:51:53.956536Z[0m [32m INFO[0m bolt message received [3mevent_id[0m[2m=[0m"bolt.log.run" [3msignature[0m[2m=[0m"0x3F"
[2m2026-09-04T07:51:53.956548Z[0m [32m INFO[0m bolt sending responses [3mevent_id[0m[2m=[0m"bolt.log.run" [3mresponse_count[0m[2m=[0m2 [3mresponse_bytes[0m[2m=[0m165 [3mtransport[0m[2m=[0m"tcp"
[2m2026-09-04T07:51:53.957768Z[0m [32m INFO[0m bolt message received [3mevent_id[0m[2m=[0m"bolt.log.run" [3msignature[0m[2m=[0m"0x10"
[2m2026-09-04T07:51:53.984134Z[0m [32m INFO[0m [1mnornicdb.bolt.run[0m:[1mnornicdb.cypher.execute[0m: query phase breakdown [3mquery_hash[0m[2m=[0m10865397794136016792 [3mphase_parse_cache_us[0m[2m=[0m4 [3mphase_compliance_us[0m[2m=[0m2 [3mphase_pattern_us[0m[2m=[0m47 [3mphase_eval_us[0m[2m=[0m112445 [3mphase_audit_us[0m[2m=[0m380 [3mphase_total_us[0m[2m=[0m112878 [2m[3mdb.system[0m[2m=[0m"neo4j"[0m [2m[3mdb.operation.name[0m[2m=[0m"read"[0m
[2m2026-09-04T07:51:53.984646Z[0m [32m INFO[0m bolt RUN executed [3mevent_id[0m[2m=[0m"bolt.log.query" [3mquery[0m[2m=[0mUNWIND $rows AS row
		 MATCH (c:Category {categoryID: row.categoryID})
		 MATCH (s:Supplier {supplierID: row.supplierID})
		 CREATE (p:Product {productID: row.productID, productName: row.productName, sku: row.sku,
		                    unitPrice: row.unitPrice, unitsInStock: row.unitsInStock, discontinued: row.discontinued,
		                    description: row.description, tags: row.tags})
		 CREATE (p)-[:PART_OF]->(c)
		 CREATE (s)-[:SUPPLIES]->(p) [3mfields[0m[2m=[0m[]
[2m2026-09-04T07:51:53.984956Z[0m [32m INFO[0m bolt message received [3mevent_id[0m[2m=[0m"bolt.log.run" [3msignature[0m[2m=[0m"0x3F"
[2m2026-09-04T07:51:53.984968Z[0m [32m INFO[0m bolt sending responses [3mevent_id[0m[2m=[0m"bolt.log.run" [3mresponse_count[0m[2m=[0m2 [3mresponse_bytes[0m[2m=[0m165 [3mtransport[0m[2m=[0m"tcp"
[2m2026-09-04T07:51:53.986318Z[0m [32m INFO[0m bolt message received [3mevent_id[0m[2m=[0m"bolt.log.run" [3msignature[0m[2m=[0m"0x10"
[2m2026-09-04T07:51:54.014704Z[0m [32m INFO[0m [1mnornicdb.bolt.run[0m:[1mnornicdb.cypher.execute[0m: query phase breakdown [3mquery_hash[0m[2m=[0m10865397794136016792 [3mphase_parse_cache_us[0m[2m=[0m5 [3mphase_compliance_us[0m[2m=[0m2 [3mphase_pattern_us[0m[2m=[0m47 [3mphase_eval_us[0m[2m=[0m114068 [3mphase_audit_us[0m[2m=[0m417 [3mphase_total_us[0m[2m=[0m114539 [2m[3mdb.system[0m[2m=[0m"neo4j"[0m [2m[3mdb.operation.name[0m[2m=[0m"read"[0m
[2m2026-09-04T07:51:54.015213Z[0m [32m INFO[0m bolt RUN executed [3mevent_id[0m[2m=[0m"bolt.log.query" [3mquery[0m[2m=[0mUNWIND $rows AS row
		 MATCH (c:Category {categoryID: row.categoryID})
		 MATCH (s:Supplier {supplierID: row.supplierID})
		 CREATE (p:Product {productID: row.productID, productName: row.productName, sku: row.sku,
		                    unitPrice: row.unitPrice, unitsInStock: row.unitsInStock, discontinued: row.discontinued,
		                    description: row.description, tags: row.tags})
		 CREATE (p)-[:PART_OF]->(c)
		 CREATE (s)-[:SUPPLIES]->(p) [3mfields[0m[2m=[0m[]
[2m2026-09-04T07:51:54.015517Z[0m [32m INFO[0m bolt message received [3mevent_id[0m[2m=[0m"bolt.log.run" [3msignature[0m[2m=[0m"0x3F"
[2m2026-09-04T07:51:54.015525Z[0m [32m INFO[0m bolt sending responses [3mevent_id[0m[2m=[0m"bolt.log.run" [3mresponse_count[0m[2m=[0m2 [3mresponse_bytes[0m[2m=[0m165 [3mtransport[0m[2m=[0m"tcp"
[2m2026-09-04T07:51:54.016809Z[0m [32m INFO[0m bolt message received [3mevent_id[0m[2m=[0m"bolt.log.run" [3msignature[0m[2m=[0m"0x10"
[2m2026-09-04T07:51:54.042255Z[0m [32m INFO[0m [1mnornicdb.bolt.run[0m:[1mnornicdb.cypher.execute[0m: query phase breakdown [3mquery_hash[0m[2m=[0m10865397794136016792 [3mphase_parse_cache_us[0m[2m=[0m4 [3mphase_compliance_us[0m[2m=[0m2 [3mphase_pattern_us[0m[2m=[0m47 [3mphase_eval_us[0m[2m=[0m112653 [3mphase_audit_us[0m[2m=[0m393 [3mphase_total_us[0m[2m=[0m113099 [2m[3mdb.system[0m[2m=[0m"neo4j"[0m [2m[3mdb.operation.name[0m[2m=[0m"read"[0m
[2m2026-09-04T07:51:54.042797Z[0m [32m INFO[0m bolt RUN executed [3mevent_id[0m[2m=[0m"bolt.log.query" [3mquery[0m[2m=[0mUNWIND $rows AS row
		 MATCH (c:Category {categoryID: row.categoryID})
		 MATCH (s:Supplier {supplierID: row.supplierID})
		 CREATE (p:Product {productID: row.productID, productName: row.productName, sku: row.sku,
		                    unitPrice: row.unitPrice, unitsInStock: row.unitsInStock, discontinued: row.discontinued,
		                    description: row.description, tags: row.tags})
		 CREATE (p)-[:PART_OF]->(c)
		 CREATE (s)-[:SUPPLIES]->(p) [3mfields[0m[2m=[0m[]
[2m2026-09-04T07:51:54.043118Z[0m [32m INFO[0m bolt message received [3mevent_id[0m[2m=[0m"bolt.log.run" [3msignature[0m[2m=[0m"0x3F"
[2m2026-09-04T07:51:54.043125Z[0m [32m INFO[0m bolt sending responses [3mevent_id[0m[2m=[0m"bolt.log.run" [3mresponse_count[0m[2m=[0m2 [3mresponse_bytes[0m[2m=[0m165 [3mtransport[0m[2m=[0m"tcp"
[2m2026-09-04T07:51:54.044345Z[0m [32m INFO[0m bolt message received [3mevent_id[0m[2m=[0m"bolt.log.run" [3msignature[0m[2m=[0m"0x10"
[2m2026-09-04T07:51:54.072122Z[0m [32m INFO[0m [1mnornicdb.bolt.run[0m:[1mnornicdb.cypher.execute[0m: query phase breakdown [3mquery_hash[0m[2m=[0m10865397794136016792 [3mphase_parse_cache_us[0m[2m=[0m6 [3mphase_compliance_us[0m[2m=[0m2 [3mphase_pattern_us[0m[2m=[0m48 [3mphase_eval_us[0m[2m=[0m113339 [3mphase_audit_us[0m[2m=[0m404 [3mphase_total_us[0m[2m=[0m113799 [2m[3mdb.system[0m[2m=[0m"neo4j"[0m [2m[3mdb.operation.name[0m[2m=[0m"read"[0m
[2m2026-09-04T07:51:54.072695Z[0m [32m INFO[0m bolt RUN executed [3mevent_id[0m[2m=[0m"bolt.log.query" [3mquery[0m[2m=[0mUNWIND $rows AS row
		 MATCH (c:Category {categoryID: row.categoryID})
		 MATCH (s:Supplier {supplierID: row.supplierID})
		 CREATE (p:Product {productID: row.productID, productName: row.productName, sku: row.sku,
		                    unitPrice: row.unitPrice, unitsInStock: row.unitsInStock, discontinued: row.discontinued,
		                    description: row.description, tags: row.tags})
		 CREATE (p)-[:PART_OF]->(c)
		 CREATE (s)-[:SUPPLIES]->(p) [3mfields[0m[2m=[0m[]
[2m2026-09-04T07:51:54.073037Z[0m [32m INFO[0m bolt message received [3mevent_id[0m[2m=[0m"bolt.log.run" [3msignature[0m[2m=[0m"0x3F"
[2m2026-09-04T07:51:54.073048Z[0m [32m INFO[0m bolt sending responses [3mevent_id[0m[2m=[0m"bolt.log.run" [3mresponse_count[0m[2m=[0m2 [3mresponse_bytes[0m[2m=[0m165 [3mtransport[0m[2m=[0m"tcp"
[2m2026-09-04T07:51:54.074335Z[0m [32m INFO[0m bolt message received [3mevent_id[0m[2m=[0m"bolt.log.run" [3msignature[0m[2m=[0m"0x10"
[2m2026-09-04T07:51:54.101975Z[0m [32m INFO[0m [1mnornicdb.bolt.run[0m:[1mnornicdb.cypher.execute[0m: query phase breakdown [3mquery_hash[0m[2m=[0m10865397794136016792 [3mphase_parse_cache_us[0m[2m=[0m5 [3mphase_compliance_us[0m[2m=[0m2 [3mphase_pattern_us[0m[2m=[0m48 [3mphase_eval_us[0m[2m=[0m114593 [3mphase_audit_us[0m[2m=[0m428 [3mphase_total_us[0m[2m=[0m115076 [2m[3mdb.system[0m[2m=[0m"neo4j"[0m [2m[3mdb.operation.name[0m[2m=[0m"read"[0m
[2m2026-09-04T07:51:54.102695Z[0m [32m INFO[0m bolt RUN executed [3mevent_id[0m[2m=[0m"bolt.log.query" [3mquery[0m[2m=[0mUNWIND $rows AS row
		 MATCH (c:Category {categoryID: row.categoryID})
		 MATCH (s:Supplier {supplierID: row.supplierID})
		 CREATE (p:Product {productID: row.productID, productName: row.productName, sku: row.sku,
		                    unitPrice: row.unitPrice, unitsInStock: row.unitsInStock, discontinued: row.discontinued,
		                    description: row.description, tags: row.tags})
		 CREATE (p)-[:PART_OF]->(c)
		 CREATE (s)-[:SUPPLIES]->(p) [3mfields[0m[2m=[0m[]
[2m2026-09-04T07:51:54.103053Z[0m [32m INFO[0m bolt message received [3mevent_id[0m[2m=[0m"bolt.log.run" [3msignature[0m[2m=[0m"0x3F"
[2m2026-09-04T07:51:54.103065Z[0m [32m INFO[0m bolt sending responses [3mevent_id[0m[2m=[0m"bolt.log.run" [3mresponse_count[0m[2m=[0m2 [3mresponse_bytes[0m[2m=[0m165 [3mtransport[0m[2m=[0m"tcp"
[2m2026-09-04T07:51:54.104347Z[0m [32m INFO[0m bolt message received [3mevent_id[0m[2m=[0m"bolt.log.run" [3msignature[0m[2m=[0m"0x10"
[2m2026-09-04T07:51:54.131202Z[0m [32m INFO[0m [1mnornicdb.bolt.run[0m:[1mnornicdb.cypher.execute[0m: query phase breakdown [3mquery_hash[0m[2m=[0m10865397794136016792 [3mphase_parse_cache_us[0m[2m=[0m5 [3mphase_compliance_us[0m[2m=[0m3 [3mphase_pattern_us[0m[2m=[0m48 [3mphase_eval_us[0m[2m=[0m113324 [3mphase_audit_us[0m[2m=[0m450 [3mphase_total_us[0m[2m=[0m113830 [2m[3mdb.system[0m[2m=[0m"neo4j"[0m [2m[3mdb.operation.name[0m[2m=[0m"read"[0m
[2m2026-09-04T07:51:54.131813Z[0m [32m INFO[0m bolt RUN executed [3mevent_id[0m[2m=[0m"bolt.log.query" [3mquery[0m[2m=[0mUNWIND $rows AS row
		 MATCH (c:Category {categoryID: row.categoryID})
		 MATCH (s:Supplier {supplierID: row.supplierID})
		 CREATE (p:Product {productID: row.productID, productName: row.productName, sku: row.sku,
		                    unitPrice: row.unitPrice, unitsInStock: row.unitsInStock, discontinued: row.discontinued,
		                    description: row.description, tags: row.tags})
		 CREATE (p)-[:PART_OF]->(c)
		 CREATE (s)-[:SUPPLIES]->(p) [3mfields[0m[2m=[0m[]
[2m2026-09-04T07:51:54.132160Z[0m [32m INFO[0m bolt message received [3mevent_id[0m[2m=[0m"bolt.log.run" [3msignature[0m[2m=[0m"0x3F"
[2m2026-09-04T07:51:54.132170Z[0m [32m INFO[0m bolt sending responses [3mevent_id[0m[2m=[0m"bolt.log.run" [3mresponse_count[0m[2m=[0m2 [3mresponse_bytes[0m[2m=[0m165 [3mtransport[0m[2m=[0m"tcp"
[2m2026-09-04T07:51:54.133470Z[0m [32m INFO[0m bolt message received [3mevent_id[0m[2m=[0m"bolt.log.run" [3msignature[0m[2m=[0m"0x10"
[2m2026-09-04T07:51:54.160441Z[0m [32m INFO[0m [1mnornicdb.bolt.run[0m:[1mnornicdb.cypher.execute[0m: query phase breakdown [3mquery_hash[0m[2m=[0m10865397794136016792 [3mphase_parse_cache_us[0m[2m=[0m4 [3mphase_compliance_us[0m[2m=[0m2 [3mphase_pattern_us[0m[2m=[0m48 [3mphase_eval_us[0m[2m=[0m115174 [3mphase_audit_us[0m[2m=[0m416 [3mphase_total_us[0m[2m=[0m115644 [2m[3mdb.system[0m[2m=[0m"neo4j"[0m [2m[3mdb.operation.name[0m[2m=[0m"read"[0m
[2m2026-09-04T07:51:54.161057Z[0m [32m INFO[0m bolt RUN executed [3mevent_id[0m[2m=[0m"bolt.log.query" [3mquery[0m[2m=[0mUNWIND $rows AS row
		 MATCH (c:Category {categoryID: row.categoryID})
		 MATCH (s:Supplier {supplierID: row.supplierID})
		 CREATE (p:Product {productID: row.productID, productName: row.productName, sku: row.sku,
		                    unitPrice: row.unitPrice, unitsInStock: row.unitsInStock, discontinued: row.discontinued,
		                    description: row.description, tags: row.tags})
		 CREATE (p)-[:PART_OF]->(c)
		 CREATE (s)-[:SUPPLIES]->(p) [3mfields[0m[2m=[0m[]
[2m2026-09-04T07:51:54.161401Z[0m [32m INFO[0m bolt message received [3mevent_id[0m[2m=[0m"bolt.log.run" [3msignature[0m[2m=[0m"0x3F"
[2m2026-09-04T07:51:54.161413Z[0m [32m INFO[0m bolt sending responses [3mevent_id[0m[2m=[0m"bolt.log.run" [3mresponse_count[0m[2m=[0m2 [3mresponse_bytes[0m[2m=[0m165 [3mtransport[0m[2m=[0m"tcp"
[2m2026-09-04T07:51:54.162616Z[0m [32m INFO[0m bolt message received [3mevent_id[0m[2m=[0m"bolt.log.run" [3msignature[0m[2m=[0m"0x10"
[2m2026-09-04T07:51:54.190483Z[0m [32m INFO[0m [1mnornicdb.bolt.run[0m:[1mnornicdb.cypher.execute[0m: query phase breakdown [3mquery_hash[0m[2m=[0m10865397794136016792 [3mphase_parse_cache_us[0m[2m=[0m7 [3mphase_compliance_us[0m[2m=[0m1 [3mphase_pattern_us[0m[2m=[0m46 [3mphase_eval_us[0m[2m=[0m115245 [3mphase_audit_us[0m[2m=[0m382 [3mphase_total_us[0m[2m=[0m115681 [2m[3mdb.system[0m[2m=[0m"neo4j"[0m [2m[3mdb.operation.name[0m[2m=[0m"read"[0m
[2m2026-09-04T07:51:54.191120Z[0m [32m INFO[0m bolt RUN executed [3mevent_id[0m[2m=[0m"bolt.log.query" [3mquery[0m[2m=[0mUNWIND $rows AS row
		 MATCH (c:Category {categoryID: row.categoryID})
		 MATCH (s:Supplier {supplierID: row.supplierID})
		 CREATE (p:Product {productID: row.productID, productName: row.productName, sku: row.sku,
		                    unitPrice: row.unitPrice, unitsInStock: row.unitsInStock, discontinued: row.discontinued,
		                    description: row.description, tags: row.tags})
		 CREATE (p)-[:PART_OF]->(c)
		 CREATE (s)-[:SUPPLIES]->(p) [3mfields[0m[2m=[0m[]
[2m2026-09-04T07:51:54.191496Z[0m [32m INFO[0m bolt message received [3mevent_id[0m[2m=[0m"bolt.log.run" [3msignature[0m[2m=[0m"0x3F"
[2m2026-09-04T07:51:54.191507Z[0m [32m INFO[0m bolt sending responses [3mevent_id[0m[2m=[0m"bolt.log.run" [3mresponse_count[0m[2m=[0m2 [3mresponse_bytes[0m[2m=[0m165 [3mtransport[0m[2m=[0m"tcp"
[2m2026-09-04T07:51:54.192735Z[0m [32m INFO[0m bolt message received [3mevent_id[0m[2m=[0m"bolt.log.run" [3msignature[0m[2m=[0m"0x10"
[2m2026-09-04T07:51:54.219418Z[0m [32m INFO[0m [1mnornicdb.bolt.run[0m:[1mnornicdb.cypher.execute[0m: query phase breakdown [3mquery_hash[0m[2m=[0m10865397794136016792 [3mphase_parse_cache_us[0m[2m=[0m5 [3mphase_compliance_us[0m[2m=[0m2 [3mphase_pattern_us[0m[2m=[0m46 [3mphase_eval_us[0m[2m=[0m114096 [3mphase_audit_us[0m[2m=[0m424 [3mphase_total_us[0m[2m=[0m114573 [2m[3mdb.system[0m[2m=[0m"neo4j"[0m [2m[3mdb.operation.name[0m[2m=[0m"read"[0m
[2m2026-09-04T07:51:54.220016Z[0m [32m INFO[0m bolt RUN executed [3mevent_id[0m[2m=[0m"bolt.log.query" [3mquery[0m[2m=[0mUNWIND $rows AS row
		 MATCH (c:Category {categoryID: row.categoryID})
		 MATCH (s:Supplier {supplierID: row.supplierID})
		 CREATE (p:Product {productID: row.productID, productName: row.productName, sku: row.sku,
		                    unitPrice: row.unitPrice, unitsInStock: row.unitsInStock, discontinued: row.discontinued,
		                    description: row.description, tags: row.tags})
		 CREATE (p)-[:PART_OF]->(c)
		 CREATE (s)-[:SUPPLIES]->(p) [3mfields[0m[2m=[0m[]
[2m2026-09-04T07:51:54.220379Z[0m [32m INFO[0m bolt message received [3mevent_id[0m[2m=[0m"bolt.log.run" [3msignature[0m[2m=[0m"0x3F"
[2m2026-09-04T07:51:54.220391Z[0m [32m INFO[0m bolt sending responses [3mevent_id[0m[2m=[0m"bolt.log.run" [3mresponse_count[0m[2m=[0m2 [3mresponse_bytes[0m[2m=[0m165 [3mtransport[0m[2m=[0m"tcp"
[2m2026-09-04T07:51:54.221650Z[0m [32m INFO[0m bolt message received [3mevent_id[0m[2m=[0m"bolt.log.run" [3msignature[0m[2m=[0m"0x10"
[2m2026-09-04T07:51:54.250748Z[0m [32m INFO[0m [1mnornicdb.bolt.run[0m:[1mnornicdb.cypher.execute[0m: query phase breakdown [3mquery_hash[0m[2m=[0m10865397794136016792 [3mphase_parse_cache_us[0m[2m=[0m4 [3mphase_compliance_us[0m[2m=[0m1 [3mphase_pattern_us[0m[2m=[0m48 [3mphase_eval_us[0m[2m=[0m116273 [3mphase_audit_us[0m[2m=[0m410 [3mphase_total_us[0m[2m=[0m116736 [2m[3mdb.system[0m[2m=[0m"neo4j"[0m [2m[3mdb.operation.name[0m[2m=[0m"read"[0m
[2m2026-09-04T07:51:54.251322Z[0m [32m INFO[0m bolt RUN executed [3mevent_id[0m[2m=[0m"bolt.log.query" [3mquery[0m[2m=[0mUNWIND $rows AS row
		 MATCH (c:Category {categoryID: row.categoryID})
		 MATCH (s:Supplier {supplierID: row.supplierID})
		 CREATE (p:Product {productID: row.productID, productName: row.productName, sku: row.sku,
		                    unitPrice: row.unitPrice, unitsInStock: row.unitsInStock, discontinued: row.discontinued,
		                    description: row.description, tags: row.tags})
		 CREATE (p)-[:PART_OF]->(c)
		 CREATE (s)-[:SUPPLIES]->(p) [3mfields[0m[2m=[0m[]
[2m2026-09-04T07:51:54.251681Z[0m [32m INFO[0m bolt message received [3mevent_id[0m[2m=[0m"bolt.log.run" [3msignature[0m[2m=[0m"0x3F"
[2m2026-09-04T07:51:54.251691Z[0m [32m INFO[0m bolt sending responses [3mevent_id[0m[2m=[0m"bolt.log.run" [3mresponse_count[0m[2m=[0m2 [3mresponse_bytes[0m[2m=[0m165 [3mtransport[0m[2m=[0m"tcp"
[2m2026-09-04T07:51:54.252910Z[0m [32m INFO[0m bolt message received [3mevent_id[0m[2m=[0m"bolt.log.run" [3msignature[0m[2m=[0m"0x10"
[2m2026-09-04T07:51:54.281305Z[0m [32m INFO[0m [1mnornicdb.bolt.run[0m:[1mnornicdb.cypher.execute[0m: query phase breakdown [3mquery_hash[0m[2m=[0m10865397794136016792 [3mphase_parse_cache_us[0m[2m=[0m5 [3mphase_compliance_us[0m[2m=[0m3 [3mphase_pattern_us[0m[2m=[0m48 [3mphase_eval_us[0m[2m=[0m117778 [3mphase_audit_us[0m[2m=[0m375 [3mphase_total_us[0m[2m=[0m118209 [2m[3mdb.system[0m[2m=[0m"neo4j"[0m [2m[3mdb.operation.name[0m[2m=[0m"read"[0m
[2m2026-09-04T07:51:54.281908Z[0m [32m INFO[0m bolt RUN executed [3mevent_id[0m[2m=[0m"bolt.log.query" [3mquery[0m[2m=[0mUNWIND $rows AS row
		 MATCH (c:Category {categoryID: row.categoryID})
		 MATCH (s:Supplier {supplierID: row.supplierID})
		 CREATE (p:Product {productID: row.productID, productName: row.productName, sku: row.sku,
		                    unitPrice: row.unitPrice, unitsInStock: row.unitsInStock, discontinued: row.discontinued,
		                    description: row.description, tags: row.tags})
		 CREATE (p)-[:PART_OF]->(c)
		 CREATE (s)-[:SUPPLIES]->(p) [3mfields[0m[2m=[0m[]
[2m2026-09-04T07:51:54.282244Z[0m [32m INFO[0m bolt message received [3mevent_id[0m[2m=[0m"bolt.log.run" [3msignature[0m[2m=[0m"0x3F"
[2m2026-09-04T07:51:54.282255Z[0m [32m INFO[0m bolt sending responses [3mevent_id[0m[2m=[0m"bolt.log.run" [3mresponse_count[0m[2m=[0m2 [3mresponse_bytes[0m[2m=[0m165 [3mtransport[0m[2m=[0m"tcp"
[2m2026-09-04T07:51:54.283576Z[0m [32m INFO[0m bolt message received [3mevent_id[0m[2m=[0m"bolt.log.run" [3msignature[0m[2m=[0m"0x10"
[2m2026-09-04T07:51:54.310773Z[0m [32m INFO[0m [1mnornicdb.bolt.run[0m:[1mnornicdb.cypher.execute[0m: query phase breakdown [3mquery_hash[0m[2m=[0m10865397794136016792 [3mphase_parse_cache_us[0m[2m=[0m8 [3mphase_compliance_us[0m[2m=[0m2 [3mphase_pattern_us[0m[2m=[0m48 [3mphase_eval_us[0m[2m=[0m117022 [3mphase_audit_us[0m[2m=[0m430 [3mphase_total_us[0m[2m=[0m117510 [2m[3mdb.system[0m[2m=[0m"neo4j"[0m [2m[3mdb.operation.name[0m[2m=[0m"read"[0m
[2m2026-09-04T07:51:54.311365Z[0m [32m INFO[0m bolt RUN executed [3mevent_id[0m[2m=[0m"bolt.log.query" [3mquery[0m[2m=[0mUNWIND $rows AS row
		 MATCH (c:Category {categoryID: row.categoryID})
		 MATCH (s:Supplier {supplierID: row.supplierID})
		 CREATE (p:Product {productID: row.productID, productName: row.productName, sku: row.sku,
		                    unitPrice: row.unitPrice, unitsInStock: row.unitsInStock, discontinued: row.discontinued,
		                    description: row.description, tags: row.tags})
		 CREATE (p)-[:PART_OF]->(c)
		 CREATE (s)-[:SUPPLIES]->(p) [3mfields[0m[2m=[0m[]
[2m2026-09-04T07:51:54.311726Z[0m [32m INFO[0m bolt message received [3mevent_id[0m[2m=[0m"bolt.log.run" [3msignature[0m[2m=[0m"0x3F"
[2m2026-09-04T07:51:54.311737Z[0m [32m INFO[0m bolt sending responses [3mevent_id[0m[2m=[0m"bolt.log.run" [3mresponse_count[0m[2m=[0m2 [3mresponse_bytes[0m[2m=[0m165 [3mtransport[0m[2m=[0m"tcp"
[2m2026-09-04T07:51:54.312885Z[0m [32m INFO[0m bolt message received [3mevent_id[0m[2m=[0m"bolt.log.run" [3msignature[0m[2m=[0m"0x10"
[2m2026-09-04T07:51:54.346114Z[0m [32m INFO[0m [1mnornicdb.bolt.run[0m:[1mnornicdb.cypher.execute[0m: query phase breakdown [3mquery_hash[0m[2m=[0m10865397794136016792 [3mphase_parse_cache_us[0m[2m=[0m5 [3mphase_compliance_us[0m[2m=[0m2 [3mphase_pattern_us[0m[2m=[0m49 [3mphase_eval_us[0m[2m=[0m123477 [3mphase_audit_us[0m[2m=[0m421 [3mphase_total_us[0m[2m=[0m123954 [2m[3mdb.system[0m[2m=[0m"neo4j"[0m [2m[3mdb.operation.name[0m[2m=[0m"read"[0m
[2m2026-09-04T07:51:54.346642Z[0m [32m INFO[0m bolt RUN executed [3mevent_id[0m[2m=[0m"bolt.log.query" [3mquery[0m[2m=[0mUNWIND $rows AS row
		 MATCH (c:Category {categoryID: row.categoryID})
		 MATCH (s:Supplier {supplierID: row.supplierID})
		 CREATE (p:Product {productID: row.productID, productName: row.productName, sku: row.sku,
		                    unitPrice: row.unitPrice, unitsInStock: row.unitsInStock, discontinued: row.discontinued,
		                    description: row.description, tags: row.tags})
		 CREATE (p)-[:PART_OF]->(c)
		 CREATE (s)-[:SUPPLIES]->(p) [3mfields[0m[2m=[0m[]
[2m2026-09-04T07:51:54.347004Z[0m [32m INFO[0m bolt message received [3mevent_id[0m[2m=[0m"bolt.log.run" [3msignature[0m[2m=[0m"0x3F"
[2m2026-09-04T07:51:54.347015Z[0m [32m INFO[0m bolt sending responses [3mevent_id[0m[2m=[0m"bolt.log.run" [3mresponse_count[0m[2m=[0m2 [3mresponse_bytes[0m[2m=[0m165 [3mtransport[0m[2m=[0m"tcp"
[2m2026-09-04T07:51:54.348210Z[0m [32m INFO[0m bolt message received [3mevent_id[0m[2m=[0m"bolt.log.run" [3msignature[0m[2m=[0m"0x10"
[2m2026-09-04T07:51:54.376150Z[0m [32m INFO[0m [1mnornicdb.bolt.run[0m:[1mnornicdb.cypher.execute[0m: query phase breakdown [3mquery_hash[0m[2m=[0m10865397794136016792 [3mphase_parse_cache_us[0m[2m=[0m5 [3mphase_compliance_us[0m[2m=[0m2 [3mphase_pattern_us[0m[2m=[0m47 [3mphase_eval_us[0m[2m=[0m122265 [3mphase_audit_us[0m[2m=[0m436 [3mphase_total_us[0m[2m=[0m122755 [2m[3mdb.system[0m[2m=[0m"neo4j"[0m [2m[3mdb.operation.name[0m[2m=[0m"read"[0m
[2m2026-09-04T07:51:54.376766Z[0m [32m INFO[0m bolt RUN executed [3mevent_id[0m[2m=[0m"bolt.log.query" [3mquery[0m[2m=[0mUNWIND $rows AS row
		 MATCH (c:Category {categoryID: row.categoryID})
		 MATCH (s:Supplier {supplierID: row.supplierID})
		 CREATE (p:Product {productID: row.productID, productName: row.productName, sku: row.sku,
		                    unitPrice: row.unitPrice, unitsInStock: row.unitsInStock, discontinued: row.discontinued,
		                    description: row.description, tags: row.tags})
		 CREATE (p)-[:PART_OF]->(c)
		 CREATE (s)-[:SUPPLIES]->(p) [3mfields[0m[2m=[0m[]
[2m2026-09-04T07:51:54.377146Z[0m [32m INFO[0m bolt message received [3mevent_id[0m[2m=[0m"bolt.log.run" [3msignature[0m[2m=[0m"0x3F"
[2m2026-09-04T07:51:54.377157Z[0m [32m INFO[0m bolt sending responses [3mevent_id[0m[2m=[0m"bolt.log.run" [3mresponse_count[0m[2m=[0m2 [3mresponse_bytes[0m[2m=[0m165 [3mtransport[0m[2m=[0m"tcp"
[2m2026-09-04T07:51:54.378356Z[0m [32m INFO[0m bolt message received [3mevent_id[0m[2m=[0m"bolt.log.run" [3msignature[0m[2m=[0m"0x10"
[2m2026-09-04T07:51:54.405815Z[0m [32m INFO[0m [1mnornicdb.bolt.run[0m:[1mnornicdb.cypher.execute[0m: query phase breakdown [3mquery_hash[0m[2m=[0m10865397794136016792 [3mphase_parse_cache_us[0m[2m=[0m6 [3mphase_compliance_us[0m[2m=[0m3 [3mphase_pattern_us[0m[2m=[0m49 [3mphase_eval_us[0m[2m=[0m121200 [3mphase_audit_us[0m[2m=[0m412 [3mphase_total_us[0m[2m=[0m121670 [2m[3mdb.system[0m[2m=[0m"neo4j"[0m [2m[3mdb.operation.name[0m[2m=[0m"read"[0m
[2m2026-09-04T07:51:54.406359Z[0m [32m INFO[0m bolt RUN executed [3mevent_id[0m[2m=[0m"bolt.log.query" [3mquery[0m[2m=[0mUNWIND $rows AS row
		 MATCH (c:Category {categoryID: row.categoryID})
		 MATCH (s:Supplier {supplierID: row.supplierID})
		 CREATE (p:Product {productID: row.productID, productName: row.productName, sku: row.sku,
		                    unitPrice: row.unitPrice, unitsInStock: row.unitsInStock, discontinued: row.discontinued,
		                    description: row.description, tags: row.tags})
		 CREATE (p)-[:PART_OF]->(c)
		 CREATE (s)-[:SUPPLIES]->(p) [3mfields[0m[2m=[0m[]
[2m2026-09-04T07:51:54.406690Z[0m [32m INFO[0m bolt message received [3mevent_id[0m[2m=[0m"bolt.log.run" [3msignature[0m[2m=[0m"0x3F"
[2m2026-09-04T07:51:54.406702Z[0m [32m INFO[0m bolt sending responses [3mevent_id[0m[2m=[0m"bolt.log.run" [3mresponse_count[0m[2m=[0m2 [3mresponse_bytes[0m[2m=[0m165 [3mtransport[0m[2m=[0m"tcp"
[2m2026-09-04T07:51:54.407943Z[0m [32m INFO[0m bolt message received [3mevent_id[0m[2m=[0m"bolt.log.run" [3msignature[0m[2m=[0m"0x10"
[2m2026-09-04T07:51:54.434833Z[0m [32m INFO[0m [1mnornicdb.bolt.run[0m:[1mnornicdb.cypher.execute[0m: query phase breakdown [3mquery_hash[0m[2m=[0m10865397794136016792 [3mphase_parse_cache_us[0m[2m=[0m5 [3mphase_compliance_us[0m[2m=[0m3 [3mphase_pattern_us[0m[2m=[0m47 [3mphase_eval_us[0m[2m=[0m120896 [3mphase_audit_us[0m[2m=[0m447 [3mphase_total_us[0m[2m=[0m121398 [2m[3mdb.system[0m[2m=[0m"neo4j"[0m [2m[3mdb.operation.name[0m[2m=[0m"read"[0m
[2m2026-09-04T07:51:54.435433Z[0m [32m INFO[0m bolt RUN executed [3mevent_id[0m[2m=[0m"bolt.log.query" [3mquery[0m[2m=[0mUNWIND $rows AS row
		 MATCH (c:Category {categoryID: row.categoryID})
		 MATCH (s:Supplier {supplierID: row.supplierID})
		 CREATE (p:Product {productID: row.productID, productName: row.productName, sku: row.sku,
		                    unitPrice: row.unitPrice, unitsInStock: row.unitsInStock, discontinued: row.discontinued,
		                    description: row.description, tags: row.tags})
		 CREATE (p)-[:PART_OF]->(c)
		 CREATE (s)-[:SUPPLIES]->(p) [3mfields[0m[2m=[0m[]
[2m2026-09-04T07:51:54.435774Z[0m [32m INFO[0m bolt message received [3mevent_id[0m[2m=[0m"bolt.log.run" [3msignature[0m[2m=[0m"0x3F"
[2m2026-09-04T07:51:54.435784Z[0m [32m INFO[0m bolt sending responses [3mevent_id[0m[2m=[0m"bolt.log.run" [3mresponse_count[0m[2m=[0m2 [3mresponse_bytes[0m[2m=[0m165 [3mtransport[0m[2m=[0m"tcp"
[2m2026-09-04T07:51:54.436904Z[0m [32m INFO[0m bolt message received [3mevent_id[0m[2m=[0m"bolt.log.run" [3msignature[0m[2m=[0m"0x10"
[2m2026-09-04T07:51:54.464102Z[0m [32m INFO[0m [1mnornicdb.bolt.run[0m:[1mnornicdb.cypher.execute[0m: query phase breakdown [3mquery_hash[0m[2m=[0m10865397794136016792 [3mphase_parse_cache_us[0m[2m=[0m4 [3mphase_compliance_us[0m[2m=[0m2 [3mphase_pattern_us[0m[2m=[0m45 [3mphase_eval_us[0m[2m=[0m115044 [3mphase_audit_us[0m[2m=[0m366 [3mphase_total_us[0m[2m=[0m115461 [2m[3mdb.system[0m[2m=[0m"neo4j"[0m [2m[3mdb.operation.name[0m[2m=[0m"read"[0m
[2m2026-09-04T07:51:54.464687Z[0m [32m INFO[0m bolt RUN executed [3mevent_id[0m[2m=[0m"bolt.log.query" [3mquery[0m[2m=[0mUNWIND $rows AS row
		 MATCH (c:Category {categoryID: row.categoryID})
		 MATCH (s:Supplier {supplierID: row.supplierID})
		 CREATE (p:Product {productID: row.productID, productName: row.productName, sku: row.sku,
		                    unitPrice: row.unitPrice, unitsInStock: row.unitsInStock, discontinued: row.discontinued,
		                    description: row.description, tags: row.tags})
		 CREATE (p)-[:PART_OF]->(c)
		 CREATE (s)-[:SUPPLIES]->(p) [3mfields[0m[2m=[0m[]
[2m2026-09-04T07:51:54.465049Z[0m [32m INFO[0m bolt message received [3mevent_id[0m[2m=[0m"bolt.log.run" [3msignature[0m[2m=[0m"0x3F"
[2m2026-09-04T07:51:54.465060Z[0m [32m INFO[0m bolt sending responses [3mevent_id[0m[2m=[0m"bolt.log.run" [3mresponse_count[0m[2m=[0m2 [3mresponse_bytes[0m[2m=[0m165 [3mtransport[0m[2m=[0m"tcp"
[2m2026-09-04T07:51:54.466282Z[0m [32m INFO[0m bolt message received [3mevent_id[0m[2m=[0m"bolt.log.run" [3msignature[0m[2m=[0m"0x10"
[2m2026-09-04T07:51:54.494439Z[0m [32m INFO[0m [1mnornicdb.bolt.run[0m:[1mnornicdb.cypher.execute[0m: query phase breakdown [3mquery_hash[0m[2m=[0m10865397794136016792 [3mphase_parse_cache_us[0m[2m=[0m5 [3mphase_compliance_us[0m[2m=[0m3 [3mphase_pattern_us[0m[2m=[0m48 [3mphase_eval_us[0m[2m=[0m115082 [3mphase_audit_us[0m[2m=[0m408 [3mphase_total_us[0m[2m=[0m115546 [2m[3mdb.system[0m[2m=[0m"neo4j"[0m [2m[3mdb.operation.name[0m[2m=[0m"read"[0m
[2m2026-09-04T07:51:54.495028Z[0m [32m INFO[0m bolt RUN executed [3mevent_id[0m[2m=[0m"bolt.log.query" [3mquery[0m[2m=[0mUNWIND $rows AS row
		 MATCH (c:Category {categoryID: row.categoryID})
		 MATCH (s:Supplier {supplierID: row.supplierID})
		 CREATE (p:Product {productID: row.productID, productName: row.productName, sku: row.sku,
		                    unitPrice: row.unitPrice, unitsInStock: row.unitsInStock, discontinued: row.discontinued,
		                    description: row.description, tags: row.tags})
		 CREATE (p)-[:PART_OF]->(c)
		 CREATE (s)-[:SUPPLIES]->(p) [3mfields[0m[2m=[0m[]
[2m2026-09-04T07:51:54.495389Z[0m [32m INFO[0m bolt message received [3mevent_id[0m[2m=[0m"bolt.log.run" [3msignature[0m[2m=[0m"0x3F"
[2m2026-09-04T07:51:54.495399Z[0m [32m INFO[0m bolt sending responses [3mevent_id[0m[2m=[0m"bolt.log.run" [3mresponse_count[0m[2m=[0m2 [3mresponse_bytes[0m[2m=[0m165 [3mtransport[0m[2m=[0m"tcp"
[2m2026-09-04T07:51:54.496598Z[0m [32m INFO[0m bolt message received [3mevent_id[0m[2m=[0m"bolt.log.run" [3msignature[0m[2m=[0m"0x10"
[2m2026-09-04T07:51:54.523855Z[0m [32m INFO[0m [1mnornicdb.bolt.run[0m:[1mnornicdb.cypher.execute[0m: query phase breakdown [3mquery_hash[0m[2m=[0m10865397794136016792 [3mphase_parse_cache_us[0m[2m=[0m5 [3mphase_compliance_us[0m[2m=[0m3 [3mphase_pattern_us[0m[2m=[0m47 [3mphase_eval_us[0m[2m=[0m114819 [3mphase_audit_us[0m[2m=[0m465 [3mphase_total_us[0m[2m=[0m115339 [2m[3mdb.system[0m[2m=[0m"neo4j"[0m [2m[3mdb.operation.name[0m[2m=[0m"read"[0m
[2m2026-09-04T07:51:54.524438Z[0m [32m INFO[0m bolt RUN executed [3mevent_id[0m[2m=[0m"bolt.log.query" [3mquery[0m[2m=[0mUNWIND $rows AS row
		 MATCH (c:Category {categoryID: row.categoryID})
		 MATCH (s:Supplier {supplierID: row.supplierID})
		 CREATE (p:Product {productID: row.productID, productName: row.productName, sku: row.sku,
		                    unitPrice: row.unitPrice, unitsInStock: row.unitsInStock, discontinued: row.discontinued,
		                    description: row.description, tags: row.tags})
		 CREATE (p)-[:PART_OF]->(c)
		 CREATE (s)-[:SUPPLIES]->(p) [3mfields[0m[2m=[0m[]
[2m2026-09-04T07:51:54.524798Z[0m [32m INFO[0m bolt message received [3mevent_id[0m[2m=[0m"bolt.log.run" [3msignature[0m[2m=[0m"0x3F"
[2m2026-09-04T07:51:54.524810Z[0m [32m INFO[0m bolt sending responses [3mevent_id[0m[2m=[0m"bolt.log.run" [3mresponse_count[0m[2m=[0m2 [3mresponse_bytes[0m[2m=[0m165 [3mtransport[0m[2m=[0m"tcp"
[2m2026-09-04T07:51:54.526063Z[0m [32m INFO[0m bolt message received [3mevent_id[0m[2m=[0m"bolt.log.run" [3msignature[0m[2m=[0m"0x10"
[2m2026-09-04T07:51:54.554083Z[0m [32m INFO[0m [1mnornicdb.bolt.run[0m:[1mnornicdb.cypher.execute[0m: query phase breakdown [3mquery_hash[0m[2m=[0m10865397794136016792 [3mphase_parse_cache_us[0m[2m=[0m4 [3mphase_compliance_us[0m[2m=[0m2 [3mphase_pattern_us[0m[2m=[0m47 [3mphase_eval_us[0m[2m=[0m116276 [3mphase_audit_us[0m[2m=[0m380 [3mphase_total_us[0m[2m=[0m116709 [2m[3mdb.system[0m[2m=[0m"neo4j"[0m [2m[3mdb.operation.name[0m[2m=[0m"read"[0m
[2m2026-09-04T07:51:54.554664Z[0m [32m INFO[0m bolt RUN executed [3mevent_id[0m[2m=[0m"bolt.log.query" [3mquery[0m[2m=[0mUNWIND $rows AS row
		 MATCH (c:Category {categoryID: row.categoryID})
		 MATCH (s:Supplier {supplierID: row.supplierID})
		 CREATE (p:Product {productID: row.productID, productName: row.productName, sku: row.sku,
		                    unitPrice: row.unitPrice, unitsInStock: row.unitsInStock, discontinued: row.discontinued,
		                    description: row.description, tags: row.tags})
		 CREATE (p)-[:PART_OF]->(c)
		 CREATE (s)-[:SUPPLIES]->(p) [3mfields[0m[2m=[0m[]
[2m2026-09-04T07:51:54.555040Z[0m [32m INFO[0m bolt message received [3mevent_id[0m[2m=[0m"bolt.log.run" [3msignature[0m[2m=[0m"0x3F"
[2m2026-09-04T07:51:54.555052Z[0m [32m INFO[0m bolt sending responses [3mevent_id[0m[2m=[0m"bolt.log.run" [3mresponse_count[0m[2m=[0m2 [3mresponse_bytes[0m[2m=[0m165 [3mtransport[0m[2m=[0m"tcp"
[2m2026-09-04T07:51:54.556243Z[0m [32m INFO[0m bolt message received [3mevent_id[0m[2m=[0m"bolt.log.run" [3msignature[0m[2m=[0m"0x10"
[2m2026-09-04T07:51:54.583665Z[0m [32m INFO[0m [1mnornicdb.bolt.run[0m:[1mnornicdb.cypher.execute[0m: query phase breakdown [3mquery_hash[0m[2m=[0m10865397794136016792 [3mphase_parse_cache_us[0m[2m=[0m5 [3mphase_compliance_us[0m[2m=[0m3 [3mphase_pattern_us[0m[2m=[0m47 [3mphase_eval_us[0m[2m=[0m116462 [3mphase_audit_us[0m[2m=[0m370 [3mphase_total_us[0m[2m=[0m116887 [2m[3mdb.system[0m[2m=[0m"neo4j"[0m [2m[3mdb.operation.name[0m[2m=[0m"read"[0m
[2m2026-09-04T07:51:54.584255Z[0m [32m INFO[0m bolt RUN executed [3mevent_id[0m[2m=[0m"bolt.log.query" [3mquery[0m[2m=[0mUNWIND $rows AS row
		 MATCH (c:Category {categoryID: row.categoryID})
		 MATCH (s:Supplier {supplierID: row.supplierID})
		 CREATE (p:Product {productID: row.productID, productName: row.productName, sku: row.sku,
		                    unitPrice: row.unitPrice, unitsInStock: row.unitsInStock, discontinued: row.discontinued,
		                    description: row.description, tags: row.tags})
		 CREATE (p)-[:PART_OF]->(c)
		 CREATE (s)-[:SUPPLIES]->(p) [3mfields[0m[2m=[0m[]
[2m2026-09-04T07:51:54.584636Z[0m [32m INFO[0m bolt message received [3mevent_id[0m[2m=[0m"bolt.log.run" [3msignature[0m[2m=[0m"0x3F"
[2m2026-09-04T07:51:54.584655Z[0m [32m INFO[0m bolt sending responses [3mevent_id[0m[2m=[0m"bolt.log.run" [3mresponse_count[0m[2m=[0m2 [3mresponse_bytes[0m[2m=[0m165 [3mtransport[0m[2m=[0m"tcp"
[2m2026-09-04T07:51:54.585868Z[0m [32m INFO[0m bolt message received [3mevent_id[0m[2m=[0m"bolt.log.run" [3msignature[0m[2m=[0m"0x10"
[2m2026-09-04T07:51:54.613366Z[0m [32m INFO[0m [1mnornicdb.bolt.run[0m:[1mnornicdb.cypher.execute[0m: query phase breakdown [3mquery_hash[0m[2m=[0m10865397794136016792 [3mphase_parse_cache_us[0m[2m=[0m4 [3mphase_compliance_us[0m[2m=[0m3 [3mphase_pattern_us[0m[2m=[0m49 [3mphase_eval_us[0m[2m=[0m115810 [3mphase_audit_us[0m[2m=[0m401 [3mphase_total_us[0m[2m=[0m116267 [2m[3mdb.system[0m[2m=[0m"neo4j"[0m [2m[3mdb.operation.name[0m[2m=[0m"read"[0m
[2m2026-09-04T07:51:54.613952Z[0m [32m INFO[0m bolt RUN executed [3mevent_id[0m[2m=[0m"bolt.log.query" [3mquery[0m[2m=[0mUNWIND $rows AS row
		 MATCH (c:Category {categoryID: row.categoryID})
		 MATCH (s:Supplier {supplierID: row.supplierID})
		 CREATE (p:Product {productID: row.productID, productName: row.productName, sku: row.sku,
		                    unitPrice: row.unitPrice, unitsInStock: row.unitsInStock, discontinued: row.discontinued,
		                    description: row.description, tags: row.tags})
		 CREATE (p)-[:PART_OF]->(c)
		 CREATE (s)-[:SUPPLIES]->(p) [3mfields[0m[2m=[0m[]
[2m2026-09-04T07:51:54.614321Z[0m [32m INFO[0m bolt message received [3mevent_id[0m[2m=[0m"bolt.log.run" [3msignature[0m[2m=[0m"0x3F"
[2m2026-09-04T07:51:54.614333Z[0m [32m INFO[0m bolt sending responses [3mevent_id[0m[2m=[0m"bolt.log.run" [3mresponse_count[0m[2m=[0m2 [3mresponse_bytes[0m[2m=[0m165 [3mtransport[0m[2m=[0m"tcp"
[2m2026-09-04T07:51:54.615547Z[0m [32m INFO[0m bolt message received [3mevent_id[0m[2m=[0m"bolt.log.run" [3msignature[0m[2m=[0m"0x10"
[2m2026-09-04T07:51:54.650313Z[0m [32m INFO[0m [1mnornicdb.bolt.run[0m:[1mnornicdb.cypher.execute[0m: query phase breakdown [3mquery_hash[0m[2m=[0m10865397794136016792 [3mphase_parse_cache_us[0m[2m=[0m5 [3mphase_compliance_us[0m[2m=[0m2 [3mphase_pattern_us[0m[2m=[0m47 [3mphase_eval_us[0m[2m=[0m123296 [3mphase_audit_us[0m[2m=[0m387 [3mphase_total_us[0m[2m=[0m123737 [2m[3mdb.system[0m[2m=[0m"neo4j"[0m [2m[3mdb.operation.name[0m[2m=[0m"read"[0m
[2m2026-09-04T07:51:54.650868Z[0m [32m INFO[0m bolt RUN executed [3mevent_id[0m[2m=[0m"bolt.log.query" [3mquery[0m[2m=[0mUNWIND $rows AS row
		 MATCH (c:Category {categoryID: row.categoryID})
		 MATCH (s:Supplier {supplierID: row.supplierID})
		 CREATE (p:Product {productID: row.productID, productName: row.productName, sku: row.sku,
		                    unitPrice: row.unitPrice, unitsInStock: row.unitsInStock, discontinued: row.discontinued,
		                    description: row.description, tags: row.tags})
		 CREATE (p)-[:PART_OF]->(c)
		 CREATE (s)-[:SUPPLIES]->(p) [3mfields[0m[2m=[0m[]
[2m2026-09-04T07:51:54.651207Z[0m [32m INFO[0m bolt message received [3mevent_id[0m[2m=[0m"bolt.log.run" [3msignature[0m[2m=[0m"0x3F"
[2m2026-09-04T07:51:54.651221Z[0m [32m INFO[0m bolt sending responses [3mevent_id[0m[2m=[0m"bolt.log.run" [3mresponse_count[0m[2m=[0m2 [3mresponse_bytes[0m[2m=[0m165 [3mtransport[0m[2m=[0m"tcp"
[2m2026-09-04T07:51:54.652437Z[0m [32m INFO[0m bolt message received [3mevent_id[0m[2m=[0m"bolt.log.run" [3msignature[0m[2m=[0m"0x10"
[2m2026-09-04T07:51:54.681966Z[0m [32m INFO[0m [1mnornicdb.bolt.run[0m:[1mnornicdb.cypher.execute[0m: query phase breakdown [3mquery_hash[0m[2m=[0m10865397794136016792 [3mphase_parse_cache_us[0m[2m=[0m4 [3mphase_compliance_us[0m[2m=[0m2 [3mphase_pattern_us[0m[2m=[0m49 [3mphase_eval_us[0m[2m=[0m124717 [3mphase_audit_us[0m[2m=[0m461 [3mphase_total_us[0m[2m=[0m125233 [2m[3mdb.system[0m[2m=[0m"neo4j"[0m [2m[3mdb.operation.name[0m[2m=[0m"read"[0m
[2m2026-09-04T07:51:54.682574Z[0m [32m INFO[0m bolt RUN executed [3mevent_id[0m[2m=[0m"bolt.log.query" [3mquery[0m[2m=[0mUNWIND $rows AS row
		 MATCH (c:Category {categoryID: row.categoryID})
		 MATCH (s:Supplier {supplierID: row.supplierID})
		 CREATE (p:Product {productID: row.productID, productName: row.productName, sku: row.sku,
		                    unitPrice: row.unitPrice, unitsInStock: row.unitsInStock, discontinued: row.discontinued,
		                    description: row.description, tags: row.tags})
		 CREATE (p)-[:PART_OF]->(c)
		 CREATE (s)-[:SUPPLIES]->(p) [3mfields[0m[2m=[0m[]
[2m2026-09-04T07:51:54.682911Z[0m [32m INFO[0m bolt message received [3mevent_id[0m[2m=[0m"bolt.log.run" [3msignature[0m[2m=[0m"0x3F"
[2m2026-09-04T07:51:54.682922Z[0m [32m INFO[0m bolt sending responses [3mevent_id[0m[2m=[0m"bolt.log.run" [3mresponse_count[0m[2m=[0m2 [3mresponse_bytes[0m[2m=[0m165 [3mtransport[0m[2m=[0m"tcp"
[2m2026-09-04T07:51:54.684117Z[0m [32m INFO[0m bolt message received [3mevent_id[0m[2m=[0m"bolt.log.run" [3msignature[0m[2m=[0m"0x10"
[2m2026-09-04T07:51:54.712425Z[0m [32m INFO[0m [1mnornicdb.bolt.run[0m:[1mnornicdb.cypher.execute[0m: query phase breakdown [3mquery_hash[0m[2m=[0m10865397794136016792 [3mphase_parse_cache_us[0m[2m=[0m5 [3mphase_compliance_us[0m[2m=[0m2 [3mphase_pattern_us[0m[2m=[0m46 [3mphase_eval_us[0m[2m=[0m125605 [3mphase_audit_us[0m[2m=[0m373 [3mphase_total_us[0m[2m=[0m126031 [2m[3mdb.system[0m[2m=[0m"neo4j"[0m [2m[3mdb.operation.name[0m[2m=[0m"read"[0m
[2m2026-09-04T07:51:54.713039Z[0m [32m INFO[0m bolt RUN executed [3mevent_id[0m[2m=[0m"bolt.log.query" [3mquery[0m[2m=[0mUNWIND $rows AS row
		 MATCH (c:Category {categoryID: row.categoryID})
		 MATCH (s:Supplier {supplierID: row.supplierID})
		 CREATE (p:Product {productID: row.productID, productName: row.productName, sku: row.sku,
		                    unitPrice: row.unitPrice, unitsInStock: row.unitsInStock, discontinued: row.discontinued,
		                    description: row.description, tags: row.tags})
		 CREATE (p)-[:PART_OF]->(c)
		 CREATE (s)-[:SUPPLIES]->(p) [3mfields[0m[2m=[0m[]
[2m2026-09-04T07:51:54.713390Z[0m [32m INFO[0m bolt message received [3mevent_id[0m[2m=[0m"bolt.log.run" [3msignature[0m[2m=[0m"0x3F"
[2m2026-09-04T07:51:54.713402Z[0m [32m INFO[0m bolt sending responses [3mevent_id[0m[2m=[0m"bolt.log.run" [3mresponse_count[0m[2m=[0m2 [3mresponse_bytes[0m[2m=[0m165 [3mtransport[0m[2m=[0m"tcp"
[2m2026-09-04T07:51:54.714595Z[0m [32m INFO[0m bolt message received [3mevent_id[0m[2m=[0m"bolt.log.run" [3msignature[0m[2m=[0m"0x10"
[2m2026-09-04T07:51:54.742076Z[0m [32m INFO[0m [1mnornicdb.bolt.run[0m:[1mnornicdb.cypher.execute[0m: query phase breakdown [3mquery_hash[0m[2m=[0m10865397794136016792 [3mphase_parse_cache_us[0m[2m=[0m4 [3mphase_compliance_us[0m[2m=[0m2 [3mphase_pattern_us[0m[2m=[0m46 [3mphase_eval_us[0m[2m=[0m125556 [3mphase_audit_us[0m[2m=[0m399 [3mphase_total_us[0m[2m=[0m126007 [2m[3mdb.system[0m[2m=[0m"neo4j"[0m [2m[3mdb.operation.name[0m[2m=[0m"read"[0m
[2m2026-09-04T07:51:54.742635Z[0m [32m INFO[0m bolt RUN executed [3mevent_id[0m[2m=[0m"bolt.log.query" [3mquery[0m[2m=[0mUNWIND $rows AS row
		 MATCH (c:Category {categoryID: row.categoryID})
		 MATCH (s:Supplier {supplierID: row.supplierID})
		 CREATE (p:Product {productID: row.productID, productName: row.productName, sku: row.sku,
		                    unitPrice: row.unitPrice, unitsInStock: row.unitsInStock, discontinued: row.discontinued,
		                    description: row.description, tags: row.tags})
		 CREATE (p)-[:PART_OF]->(c)
		 CREATE (s)-[:SUPPLIES]->(p) [3mfields[0m[2m=[0m[]
[2m2026-09-04T07:51:54.743002Z[0m [32m INFO[0m bolt message received [3mevent_id[0m[2m=[0m"bolt.log.run" [3msignature[0m[2m=[0m"0x3F"
[2m2026-09-04T07:51:54.743014Z[0m [32m INFO[0m bolt sending responses [3mevent_id[0m[2m=[0m"bolt.log.run" [3mresponse_count[0m[2m=[0m2 [3mresponse_bytes[0m[2m=[0m165 [3mtransport[0m[2m=[0m"tcp"
[2m2026-09-04T07:51:54.744219Z[0m [32m INFO[0m bolt message received [3mevent_id[0m[2m=[0m"bolt.log.run" [3msignature[0m[2m=[0m"0x10"
[2m2026-09-04T07:51:54.771827Z[0m [32m INFO[0m [1mnornicdb.bolt.run[0m:[1mnornicdb.cypher.execute[0m: query phase breakdown [3mquery_hash[0m[2m=[0m10865397794136016792 [3mphase_parse_cache_us[0m[2m=[0m5 [3mphase_compliance_us[0m[2m=[0m2 [3mphase_pattern_us[0m[2m=[0m46 [3mphase_eval_us[0m[2m=[0m118393 [3mphase_audit_us[0m[2m=[0m396 [3mphase_total_us[0m[2m=[0m118842 [2m[3mdb.system[0m[2m=[0m"neo4j"[0m [2m[3mdb.operation.name[0m[2m=[0m"read"[0m
[2m2026-09-04T07:51:54.772403Z[0m [32m INFO[0m bolt RUN executed [3mevent_id[0m[2m=[0m"bolt.log.query" [3mquery[0m[2m=[0mUNWIND $rows AS row
		 MATCH (c:Category {categoryID: row.categoryID})
		 MATCH (s:Supplier {supplierID: row.supplierID})
		 CREATE (p:Product {productID: row.productID, productName: row.productName, sku: row.sku,
		                    unitPrice: row.unitPrice, unitsInStock: row.unitsInStock, discontinued: row.discontinued,
		                    description: row.description, tags: row.tags})
		 CREATE (p)-[:PART_OF]->(c)
		 CREATE (s)-[:SUPPLIES]->(p) [3mfields[0m[2m=[0m[]
[2m2026-09-04T07:51:54.772752Z[0m [32m INFO[0m bolt message received [3mevent_id[0m[2m=[0m"bolt.log.run" [3msignature[0m[2m=[0m"0x3F"
[2m2026-09-04T07:51:54.772764Z[0m [32m INFO[0m bolt sending responses [3mevent_id[0m[2m=[0m"bolt.log.run" [3mresponse_count[0m[2m=[0m2 [3mresponse_bytes[0m[2m=[0m165 [3mtransport[0m[2m=[0m"tcp"
[2m2026-09-04T07:51:54.774019Z[0m [32m INFO[0m bolt message received [3mevent_id[0m[2m=[0m"bolt.log.run" [3msignature[0m[2m=[0m"0x10"
[2m2026-09-04T07:51:54.806922Z[0m [32m INFO[0m [1mnornicdb.bolt.run[0m:[1mnornicdb.cypher.execute[0m: query phase breakdown [3mquery_hash[0m[2m=[0m10865397794136016792 [3mphase_parse_cache_us[0m[2m=[0m5 [3mphase_compliance_us[0m[2m=[0m2 [3mphase_pattern_us[0m[2m=[0m47 [3mphase_eval_us[0m[2m=[0m121894 [3mphase_audit_us[0m[2m=[0m382 [3mphase_total_us[0m[2m=[0m122330 [2m[3mdb.system[0m[2m=[0m"neo4j"[0m [2m[3mdb.operation.name[0m[2m=[0m"read"[0m
[2m2026-09-04T07:51:54.807424Z[0m [32m INFO[0m bolt RUN executed [3mevent_id[0m[2m=[0m"bolt.log.query" [3mquery[0m[2m=[0mUNWIND $rows AS row
		 MATCH (c:Category {categoryID: row.categoryID})
		 MATCH (s:Supplier {supplierID: row.supplierID})
		 CREATE (p:Product {productID: row.productID, productName: row.productName, sku: row.sku,
		                    unitPrice: row.unitPrice, unitsInStock: row.unitsInStock, discontinued: row.discontinued,
		                    description: row.description, tags: row.tags})
		 CREATE (p)-[:PART_OF]->(c)
		 CREATE (s)-[:SUPPLIES]->(p) [3mfields[0m[2m=[0m[]
[2m2026-09-04T07:51:54.807744Z[0m [32m INFO[0m bolt message received [3mevent_id[0m[2m=[0m"bolt.log.run" [3msignature[0m[2m=[0m"0x3F"
[2m2026-09-04T07:51:54.807756Z[0m [32m INFO[0m bolt sending responses [3mevent_id[0m[2m=[0m"bolt.log.run" [3mresponse_count[0m[2m=[0m2 [3mresponse_bytes[0m[2m=[0m165 [3mtransport[0m[2m=[0m"tcp"
[2m2026-09-04T07:51:54.809035Z[0m [32m INFO[0m bolt message received [3mevent_id[0m[2m=[0m"bolt.log.run" [3msignature[0m[2m=[0m"0x10"
[2m2026-09-04T07:51:54.841303Z[0m [32m INFO[0m [1mnornicdb.bolt.run[0m:[1mnornicdb.cypher.execute[0m: query phase breakdown [3mquery_hash[0m[2m=[0m10865397794136016792 [3mphase_parse_cache_us[0m[2m=[0m6 [3mphase_compliance_us[0m[2m=[0m3 [3mphase_pattern_us[0m[2m=[0m49 [3mphase_eval_us[0m[2m=[0m125668 [3mphase_audit_us[0m[2m=[0m426 [3mphase_total_us[0m[2m=[0m126152 [2m[3mdb.system[0m[2m=[0m"neo4j"[0m [2m[3mdb.operation.name[0m[2m=[0m"read"[0m
[2m2026-09-04T07:51:54.841891Z[0m [32m INFO[0m bolt RUN executed [3mevent_id[0m[2m=[0m"bolt.log.query" [3mquery[0m[2m=[0mUNWIND $rows AS row
		 MATCH (c:Category {categoryID: row.categoryID})
		 MATCH (s:Supplier {supplierID: row.supplierID})
		 CREATE (p:Product {productID: row.productID, productName: row.productName, sku: row.sku,
		                    unitPrice: row.unitPrice, unitsInStock: row.unitsInStock, discontinued: row.discontinued,
		                    description: row.description, tags: row.tags})
		 CREATE (p)-[:PART_OF]->(c)
		 CREATE (s)-[:SUPPLIES]->(p) [3mfields[0m[2m=[0m[]
[2m2026-09-04T07:51:54.842264Z[0m [32m INFO[0m bolt message received [3mevent_id[0m[2m=[0m"bolt.log.run" [3msignature[0m[2m=[0m"0x3F"
[2m2026-09-04T07:51:54.842274Z[0m [32m INFO[0m bolt sending responses [3mevent_id[0m[2m=[0m"bolt.log.run" [3mresponse_count[0m[2m=[0m2 [3mresponse_bytes[0m[2m=[0m165 [3mtransport[0m[2m=[0m"tcp"
[2m2026-09-04T07:51:54.843656Z[0m [32m INFO[0m bolt message received [3mevent_id[0m[2m=[0m"bolt.log.run" [3msignature[0m[2m=[0m"0x10"
[2m2026-09-04T07:51:54.873333Z[0m [32m INFO[0m [1mnornicdb.bolt.run[0m:[1mnornicdb.cypher.execute[0m: query phase breakdown [3mquery_hash[0m[2m=[0m10865397794136016792 [3mphase_parse_cache_us[0m[2m=[0m4 [3mphase_compliance_us[0m[2m=[0m2 [3mphase_pattern_us[0m[2m=[0m48 [3mphase_eval_us[0m[2m=[0m128031 [3mphase_audit_us[0m[2m=[0m491 [3mphase_total_us[0m[2m=[0m128576 [2m[3mdb.system[0m[2m=[0m"neo4j"[0m [2m[3mdb.operation.name[0m[2m=[0m"read"[0m
[2m2026-09-04T07:51:54.873891Z[0m [32m INFO[0m bolt RUN executed [3mevent_id[0m[2m=[0m"bolt.log.query" [3mquery[0m[2m=[0mUNWIND $rows AS row
		 MATCH (c:Category {categoryID: row.categoryID})
		 MATCH (s:Supplier {supplierID: row.supplierID})
		 CREATE (p:Product {productID: row.productID, productName: row.productName, sku: row.sku,
		                    unitPrice: row.unitPrice, unitsInStock: row.unitsInStock, discontinued: row.discontinued,
		                    description: row.description, tags: row.tags})
		 CREATE (p)-[:PART_OF]->(c)
		 CREATE (s)-[:SUPPLIES]->(p) [3mfields[0m[2m=[0m[]
[2m2026-09-04T07:51:54.874265Z[0m [32m INFO[0m bolt message received [3mevent_id[0m[2m=[0m"bolt.log.run" [3msignature[0m[2m=[0m"0x3F"
[2m2026-09-04T07:51:54.874277Z[0m [32m INFO[0m bolt sending responses [3mevent_id[0m[2m=[0m"bolt.log.run" [3mresponse_count[0m[2m=[0m2 [3mresponse_bytes[0m[2m=[0m165 [3mtransport[0m[2m=[0m"tcp"
[2m2026-09-04T07:51:54.875680Z[0m [32m INFO[0m bolt message received [3mevent_id[0m[2m=[0m"bolt.log.run" [3msignature[0m[2m=[0m"0x10"
[2m2026-09-04T07:51:54.909261Z[0m [32m INFO[0m [1mnornicdb.bolt.run[0m:[1mnornicdb.cypher.execute[0m: query phase breakdown [3mquery_hash[0m[2m=[0m10865397794136016792 [3mphase_parse_cache_us[0m[2m=[0m4 [3mphase_compliance_us[0m[2m=[0m2 [3mphase_pattern_us[0m[2m=[0m46 [3mphase_eval_us[0m[2m=[0m134213 [3mphase_audit_us[0m[2m=[0m398 [3mphase_total_us[0m[2m=[0m134663 [2m[3mdb.system[0m[2m=[0m"neo4j"[0m [2m[3mdb.operation.name[0m[2m=[0m"read"[0m
[2m2026-09-04T07:51:54.909845Z[0m [32m INFO[0m bolt RUN executed [3mevent_id[0m[2m=[0m"bolt.log.query" [3mquery[0m[2m=[0mUNWIND $rows AS row
		 MATCH (c:Category {categoryID: row.categoryID})
		 MATCH (s:Supplier {supplierID: row.supplierID})
		 CREATE (p:Product {productID: row.productID, productName: row.productName, sku: row.sku,
		                    unitPrice: row.unitPrice, unitsInStock: row.unitsInStock, discontinued: row.discontinued,
		                    description: row.description, tags: row.tags})
		 CREATE (p)-[:PART_OF]->(c)
		 CREATE (s)-[:SUPPLIES]->(p) [3mfields[0m[2m=[0m[]
[2m2026-09-04T07:51:54.910202Z[0m [32m INFO[0m bolt message received [3mevent_id[0m[2m=[0m"bolt.log.run" [3msignature[0m[2m=[0m"0x3F"
[2m2026-09-04T07:51:54.910213Z[0m [32m INFO[0m bolt sending responses [3mevent_id[0m[2m=[0m"bolt.log.run" [3mresponse_count[0m[2m=[0m2 [3mresponse_bytes[0m[2m=[0m165 [3mtransport[0m[2m=[0m"tcp"
[2m2026-09-04T07:51:54.911599Z[0m [32m INFO[0m bolt message received [3mevent_id[0m[2m=[0m"bolt.log.run" [3msignature[0m[2m=[0m"0x10"
[2m2026-09-04T07:51:54.940814Z[0m [32m INFO[0m [1mnornicdb.bolt.run[0m:[1mnornicdb.cypher.execute[0m: query phase breakdown [3mquery_hash[0m[2m=[0m10865397794136016792 [3mphase_parse_cache_us[0m[2m=[0m4 [3mphase_compliance_us[0m[2m=[0m2 [3mphase_pattern_us[0m[2m=[0m46 [3mphase_eval_us[0m[2m=[0m130787 [3mphase_audit_us[0m[2m=[0m412 [3mphase_total_us[0m[2m=[0m131251 [2m[3mdb.system[0m[2m=[0m"neo4j"[0m [2m[3mdb.operation.name[0m[2m=[0m"read"[0m
[2m2026-09-04T07:51:54.941384Z[0m [32m INFO[0m bolt RUN executed [3mevent_id[0m[2m=[0m"bolt.log.query" [3mquery[0m[2m=[0mUNWIND $rows AS row
		 MATCH (c:Category {categoryID: row.categoryID})
		 MATCH (s:Supplier {supplierID: row.supplierID})
		 CREATE (p:Product {productID: row.productID, productName: row.productName, sku: row.sku,
		                    unitPrice: row.unitPrice, unitsInStock: row.unitsInStock, discontinued: row.discontinued,
		                    description: row.description, tags: row.tags})
		 CREATE (p)-[:PART_OF]->(c)
		 CREATE (s)-[:SUPPLIES]->(p) [3mfields[0m[2m=[0m[]
[2m2026-09-04T07:51:54.941721Z[0m [32m INFO[0m bolt message received [3mevent_id[0m[2m=[0m"bolt.log.run" [3msignature[0m[2m=[0m"0x3F"
[2m2026-09-04T07:51:54.941731Z[0m [32m INFO[0m bolt sending responses [3mevent_id[0m[2m=[0m"bolt.log.run" [3mresponse_count[0m[2m=[0m2 [3mresponse_bytes[0m[2m=[0m165 [3mtransport[0m[2m=[0m"tcp"
[2m2026-09-04T07:51:54.943026Z[0m [32m INFO[0m bolt message received [3mevent_id[0m[2m=[0m"bolt.log.run" [3msignature[0m[2m=[0m"0x10"
[2m2026-09-04T07:51:54.976691Z[0m [32m INFO[0m [1mnornicdb.bolt.run[0m:[1mnornicdb.cypher.execute[0m: query phase breakdown [3mquery_hash[0m[2m=[0m10865397794136016792 [3mphase_parse_cache_us[0m[2m=[0m7 [3mphase_compliance_us[0m[2m=[0m2 [3mphase_pattern_us[0m[2m=[0m51 [3mphase_eval_us[0m[2m=[0m131956 [3mphase_audit_us[0m[2m=[0m445 [3mphase_total_us[0m[2m=[0m132461 [2m[3mdb.system[0m[2m=[0m"neo4j"[0m [2m[3mdb.operation.name[0m[2m=[0m"read"[0m
[2m2026-09-04T07:51:54.977222Z[0m [32m INFO[0m bolt RUN executed [3mevent_id[0m[2m=[0m"bolt.log.query" [3mquery[0m[2m=[0mUNWIND $rows AS row
		 MATCH (c:Category {categoryID: row.categoryID})
		 MATCH (s:Supplier {supplierID: row.supplierID})
		 CREATE (p:Product {productID: row.productID, productName: row.productName, sku: row.sku,
		                    unitPrice: row.unitPrice, unitsInStock: row.unitsInStock, discontinued: row.discontinued,
		                    description: row.description, tags: row.tags})
		 CREATE (p)-[:PART_OF]->(c)
		 CREATE (s)-[:SUPPLIES]->(p) [3mfields[0m[2m=[0m[]
[2m2026-09-04T07:51:54.977571Z[0m [32m INFO[0m bolt message received [3mevent_id[0m[2m=[0m"bolt.log.run" [3msignature[0m[2m=[0m"0x3F"
[2m2026-09-04T07:51:54.977585Z[0m [32m INFO[0m bolt sending responses [3mevent_id[0m[2m=[0m"bolt.log.run" [3mresponse_count[0m[2m=[0m2 [3mresponse_bytes[0m[2m=[0m165 [3mtransport[0m[2m=[0m"tcp"
[2m2026-09-04T07:51:54.978838Z[0m [32m INFO[0m bolt message received [3mevent_id[0m[2m=[0m"bolt.log.run" [3msignature[0m[2m=[0m"0x10"
[2m2026-09-04T07:51:55.010251Z[0m [32m INFO[0m [1mnornicdb.bolt.run[0m:[1mnornicdb.cypher.execute[0m: query phase breakdown [3mquery_hash[0m[2m=[0m10865397794136016792 [3mphase_parse_cache_us[0m[2m=[0m6 [3mphase_compliance_us[0m[2m=[0m2 [3mphase_pattern_us[0m[2m=[0m49 [3mphase_eval_us[0m[2m=[0m133480 [3mphase_audit_us[0m[2m=[0m476 [3mphase_total_us[0m[2m=[0m134013 [2m[3mdb.system[0m[2m=[0m"neo4j"[0m [2m[3mdb.operation.name[0m[2m=[0m"read"[0m
[2m2026-09-04T07:51:55.010820Z[0m [32m INFO[0m bolt RUN executed [3mevent_id[0m[2m=[0m"bolt.log.query" [3mquery[0m[2m=[0mUNWIND $rows AS row
		 MATCH (c:Category {categoryID: row.categoryID})
		 MATCH (s:Supplier {supplierID: row.supplierID})
		 CREATE (p:Product {productID: row.productID, productName: row.productName, sku: row.sku,
		                    unitPrice: row.unitPrice, unitsInStock: row.unitsInStock, discontinued: row.discontinued,
		                    description: row.description, tags: row.tags})
		 CREATE (p)-[:PART_OF]->(c)
		 CREATE (s)-[:SUPPLIES]->(p) [3mfields[0m[2m=[0m[]
[2m2026-09-04T07:51:55.011191Z[0m [32m INFO[0m bolt message received [3mevent_id[0m[2m=[0m"bolt.log.run" [3msignature[0m[2m=[0m"0x3F"
[2m2026-09-04T07:51:55.011202Z[0m [32m INFO[0m bolt sending responses [3mevent_id[0m[2m=[0m"bolt.log.run" [3mresponse_count[0m[2m=[0m2 [3mresponse_bytes[0m[2m=[0m165 [3mtransport[0m[2m=[0m"tcp"
[2m2026-09-04T07:51:55.012393Z[0m [32m INFO[0m bolt message received [3mevent_id[0m[2m=[0m"bolt.log.run" [3msignature[0m[2m=[0m"0x10"
[2m2026-09-04T07:51:55.059617Z[0m [32m INFO[0m [1mnornicdb.bolt.run[0m:[1mnornicdb.cypher.execute[0m: query phase breakdown [3mquery_hash[0m[2m=[0m10865397794136016792 [3mphase_parse_cache_us[0m[2m=[0m5 [3mphase_compliance_us[0m[2m=[0m2 [3mphase_pattern_us[0m[2m=[0m47 [3mphase_eval_us[0m[2m=[0m128487 [3mphase_audit_us[0m[2m=[0m18930 [3mphase_total_us[0m[2m=[0m147471 [2m[3mdb.system[0m[2m=[0m"neo4j"[0m [2m[3mdb.operation.name[0m[2m=[0m"read"[0m
[2m2026-09-04T07:51:55.060416Z[0m [32m INFO[0m bolt RUN executed [3mevent_id[0m[2m=[0m"bolt.log.query" [3mquery[0m[2m=[0mUNWIND $rows AS row
		 MATCH (c:Category {categoryID: row.categoryID})
		 MATCH (s:Supplier {supplierID: row.supplierID})
		 CREATE (p:Product {productID: row.productID, productName: row.productName, sku: row.sku,
		                    unitPrice: row.unitPrice, unitsInStock: row.unitsInStock, discontinued: row.discontinued,
		                    description: row.description, tags: row.tags})
		 CREATE (p)-[:PART_OF]->(c)
		 CREATE (s)-[:SUPPLIES]->(p) [3mfields[0m[2m=[0m[]
[2m2026-09-04T07:51:55.060846Z[0m [32m INFO[0m bolt message received [3mevent_id[0m[2m=[0m"bolt.log.run" [3msignature[0m[2m=[0m"0x3F"
[2m2026-09-04T07:51:55.060859Z[0m [32m INFO[0m bolt sending responses [3mevent_id[0m[2m=[0m"bolt.log.run" [3mresponse_count[0m[2m=[0m2 [3mresponse_bytes[0m[2m=[0m165 [3mtransport[0m[2m=[0m"tcp"
[2m2026-09-04T07:51:55.062189Z[0m [32m INFO[0m bolt message received [3mevent_id[0m[2m=[0m"bolt.log.run" [3msignature[0m[2m=[0m"0x10"
[2m2026-09-04T07:51:55.075476Z[0m [32m INFO[0m [1mnornicdb.bolt.run[0m:[1mnornicdb.cypher.execute[0m: query phase breakdown [3mquery_hash[0m[2m=[0m10865397794136016792 [3mphase_parse_cache_us[0m[2m=[0m5 [3mphase_compliance_us[0m[2m=[0m2 [3mphase_pattern_us[0m[2m=[0m51 [3mphase_eval_us[0m[2m=[0m131459 [3mphase_audit_us[0m[2m=[0m456 [3mphase_total_us[0m[2m=[0m131973 [2m[3mdb.system[0m[2m=[0m"neo4j"[0m [2m[3mdb.operation.name[0m[2m=[0m"read"[0m
[2m2026-09-04T07:51:55.076028Z[0m [32m INFO[0m bolt RUN executed [3mevent_id[0m[2m=[0m"bolt.log.query" [3mquery[0m[2m=[0mUNWIND $rows AS row
		 MATCH (c:Category {categoryID: row.categoryID})
		 MATCH (s:Supplier {supplierID: row.supplierID})
		 CREATE (p:Product {productID: row.productID, productName: row.productName, sku: row.sku,
		                    unitPrice: row.unitPrice, unitsInStock: row.unitsInStock, discontinued: row.discontinued,
		                    description: row.description, tags: row.tags})
		 CREATE (p)-[:PART_OF]->(c)
		 CREATE (s)-[:SUPPLIES]->(p) [3mfields[0m[2m=[0m[]
[2m2026-09-04T07:51:55.076371Z[0m [32m INFO[0m bolt message received [3mevent_id[0m[2m=[0m"bolt.log.run" [3msignature[0m[2m=[0m"0x3F"
[2m2026-09-04T07:51:55.076384Z[0m [32m INFO[0m bolt sending responses [3mevent_id[0m[2m=[0m"bolt.log.run" [3mresponse_count[0m[2m=[0m2 [3mresponse_bytes[0m[2m=[0m165 [3mtransport[0m[2m=[0m"tcp"
[2m2026-09-04T07:51:55.077554Z[0m [32m INFO[0m bolt message received [3mevent_id[0m[2m=[0m"bolt.log.run" [3msignature[0m[2m=[0m"0x10"
[2m2026-09-04T07:51:55.102757Z[0m [32m INFO[0m [1mnornicdb.bolt.run[0m:[1mnornicdb.cypher.execute[0m: query phase breakdown [3mquery_hash[0m[2m=[0m10865397794136016792 [3mphase_parse_cache_us[0m[2m=[0m4 [3mphase_compliance_us[0m[2m=[0m2 [3mphase_pattern_us[0m[2m=[0m49 [3mphase_eval_us[0m[2m=[0m123081 [3mphase_audit_us[0m[2m=[0m351 [3mphase_total_us[0m[2m=[0m123487 [2m[3mdb.system[0m[2m=[0m"neo4j"[0m [2m[3mdb.operation.name[0m[2m=[0m"read"[0m
[2m2026-09-04T07:51:55.103319Z[0m [32m INFO[0m bolt RUN executed [3mevent_id[0m[2m=[0m"bolt.log.query" [3mquery[0m[2m=[0mUNWIND $rows AS row
		 MATCH (c:Category {categoryID: row.categoryID})
		 MATCH (s:Supplier {supplierID: row.supplierID})
		 CREATE (p:Product {productID: row.productID, productName: row.productName, sku: row.sku,
		                    unitPrice: row.unitPrice, unitsInStock: row.unitsInStock, discontinued: row.discontinued,
		                    description: row.description, tags: row.tags})
		 CREATE (p)-[:PART_OF]->(c)
		 CREATE (s)-[:SUPPLIES]->(p) [3mfields[0m[2m=[0m[]
[2m2026-09-04T07:51:55.103652Z[0m [32m INFO[0m bolt message received [3mevent_id[0m[2m=[0m"bolt.log.run" [3msignature[0m[2m=[0m"0x3F"
[2m2026-09-04T07:51:55.103665Z[0m [32m INFO[0m bolt sending responses [3mevent_id[0m[2m=[0m"bolt.log.run" [3mresponse_count[0m[2m=[0m2 [3mresponse_bytes[0m[2m=[0m165 [3mtransport[0m[2m=[0m"tcp"
[2m2026-09-04T07:51:55.104876Z[0m [32m INFO[0m bolt message received [3mevent_id[0m[2m=[0m"bolt.log.run" [3msignature[0m[2m=[0m"0x10"
[2m2026-09-04T07:51:55.130323Z[0m [32m INFO[0m [1mnornicdb.bolt.run[0m:[1mnornicdb.cypher.execute[0m: query phase breakdown [3mquery_hash[0m[2m=[0m10865397794136016792 [3mphase_parse_cache_us[0m[2m=[0m4 [3mphase_compliance_us[0m[2m=[0m2 [3mphase_pattern_us[0m[2m=[0m46 [3mphase_eval_us[0m[2m=[0m117053 [3mphase_audit_us[0m[2m=[0m374 [3mphase_total_us[0m[2m=[0m117479 [2m[3mdb.system[0m[2m=[0m"neo4j"[0m [2m[3mdb.operation.name[0m[2m=[0m"read"[0m
[2m2026-09-04T07:51:55.130898Z[0m [32m INFO[0m bolt RUN executed [3mevent_id[0m[2m=[0m"bolt.log.query" [3mquery[0m[2m=[0mUNWIND $rows AS row
		 MATCH (c:Category {categoryID: row.categoryID})
		 MATCH (s:Supplier {supplierID: row.supplierID})
		 CREATE (p:Product {productID: row.productID, productName: row.productName, sku: row.sku,
		                    unitPrice: row.unitPrice, unitsInStock: row.unitsInStock, discontinued: row.discontinued,
		                    description: row.description, tags: row.tags})
		 CREATE (p)-[:PART_OF]->(c)
		 CREATE (s)-[:SUPPLIES]->(p) [3mfields[0m[2m=[0m[]
[2m2026-09-04T07:51:55.131273Z[0m [32m INFO[0m bolt message received [3mevent_id[0m[2m=[0m"bolt.log.run" [3msignature[0m[2m=[0m"0x3F"
[2m2026-09-04T07:51:55.131284Z[0m [32m INFO[0m bolt sending responses [3mevent_id[0m[2m=[0m"bolt.log.run" [3mresponse_count[0m[2m=[0m2 [3mresponse_bytes[0m[2m=[0m165 [3mtransport[0m[2m=[0m"tcp"
[2m2026-09-04T07:51:55.132524Z[0m [32m INFO[0m bolt message received [3mevent_id[0m[2m=[0m"bolt.log.run" [3msignature[0m[2m=[0m"0x10"
[2m2026-09-04T07:51:55.158270Z[0m [32m INFO[0m [1mnornicdb.bolt.run[0m:[1mnornicdb.cypher.execute[0m: query phase breakdown [3mquery_hash[0m[2m=[0m10865397794136016792 [3mphase_parse_cache_us[0m[2m=[0m6 [3mphase_compliance_us[0m[2m=[0m2 [3mphase_pattern_us[0m[2m=[0m50 [3mphase_eval_us[0m[2m=[0m95048 [3mphase_audit_us[0m[2m=[0m429 [3mphase_total_us[0m[2m=[0m95535 [2m[3mdb.system[0m[2m=[0m"neo4j"[0m [2m[3mdb.operation.name[0m[2m=[0m"read"[0m
[2m2026-09-04T07:51:55.158869Z[0m [32m INFO[0m bolt RUN executed [3mevent_id[0m[2m=[0m"bolt.log.query" [3mquery[0m[2m=[0mUNWIND $rows AS row
		 MATCH (c:Category {categoryID: row.categoryID})
		 MATCH (s:Supplier {supplierID: row.supplierID})
		 CREATE (p:Product {productID: row.productID, productName: row.productName, sku: row.sku,
		                    unitPrice: row.unitPrice, unitsInStock: row.unitsInStock, discontinued: row.discontinued,
		                    description: row.description, tags: row.tags})
		 CREATE (p)-[:PART_OF]->(c)
		 CREATE (s)-[:SUPPLIES]->(p) [3mfields[0m[2m=[0m[]
[2m2026-09-04T07:51:55.159230Z[0m [32m INFO[0m bolt message received [3mevent_id[0m[2m=[0m"bolt.log.run" [3msignature[0m[2m=[0m"0x3F"
[2m2026-09-04T07:51:55.159242Z[0m [32m INFO[0m bolt sending responses [3mevent_id[0m[2m=[0m"bolt.log.run" [3mresponse_count[0m[2m=[0m2 [3mresponse_bytes[0m[2m=[0m165 [3mtransport[0m[2m=[0m"tcp"
[2m2026-09-04T07:51:55.160413Z[0m [32m INFO[0m bolt message received [3mevent_id[0m[2m=[0m"bolt.log.run" [3msignature[0m[2m=[0m"0x10"
[2m2026-09-04T07:51:55.197378Z[0m [32m INFO[0m [1mnornicdb.bolt.run[0m:[1mnornicdb.cypher.execute[0m: query phase breakdown [3mquery_hash[0m[2m=[0m10865397794136016792 [3mphase_parse_cache_us[0m[2m=[0m4 [3mphase_compliance_us[0m[2m=[0m2 [3mphase_pattern_us[0m[2m=[0m46 [3mphase_eval_us[0m[2m=[0m118929 [3mphase_audit_us[0m[2m=[0m402 [3mphase_total_us[0m[2m=[0m119383 [2m[3mdb.system[0m[2m=[0m"neo4j"[0m [2m[3mdb.operation.name[0m[2m=[0m"read"[0m
[2m2026-09-04T07:51:55.197897Z[0m [32m INFO[0m bolt RUN executed [3mevent_id[0m[2m=[0m"bolt.log.query" [3mquery[0m[2m=[0mUNWIND $rows AS row
		 MATCH (c:Category {categoryID: row.categoryID})
		 MATCH (s:Supplier {supplierID: row.supplierID})
		 CREATE (p:Product {productID: row.productID, productName: row.productName, sku: row.sku,
		                    unitPrice: row.unitPrice, unitsInStock: row.unitsInStock, discontinued: row.discontinued,
		                    description: row.description, tags: row.tags})
		 CREATE (p)-[:PART_OF]->(c)
		 CREATE (s)-[:SUPPLIES]->(p) [3mfields[0m[2m=[0m[]
[2m2026-09-04T07:51:55.198216Z[0m [32m INFO[0m bolt message received [3mevent_id[0m[2m=[0m"bolt.log.run" [3msignature[0m[2m=[0m"0x3F"
[2m2026-09-04T07:51:55.198225Z[0m [32m INFO[0m bolt sending responses [3mevent_id[0m[2m=[0m"bolt.log.run" [3mresponse_count[0m[2m=[0m2 [3mresponse_bytes[0m[2m=[0m165 [3mtransport[0m[2m=[0m"tcp"
[2m2026-09-04T07:51:55.199606Z[0m [32m INFO[0m bolt message received [3mevent_id[0m[2m=[0m"bolt.log.run" [3msignature[0m[2m=[0m"0x10"
[2m2026-09-04T07:51:55.273519Z[0m [32m INFO[0m [1mnornicdb.bolt.run[0m:[1mnornicdb.cypher.execute[0m: query phase breakdown [3mquery_hash[0m[2m=[0m10865397794136016792 [3mphase_parse_cache_us[0m[2m=[0m4 [3mphase_compliance_us[0m[2m=[0m2 [3mphase_pattern_us[0m[2m=[0m47 [3mphase_eval_us[0m[2m=[0m167635 [3mphase_audit_us[0m[2m=[0m426 [3mphase_total_us[0m[2m=[0m168114 [2m[3mdb.system[0m[2m=[0m"neo4j"[0m [2m[3mdb.operation.name[0m[2m=[0m"read"[0m
[2m2026-09-04T07:51:55.274036Z[0m [32m INFO[0m bolt RUN executed [3mevent_id[0m[2m=[0m"bolt.log.query" [3mquery[0m[2m=[0mUNWIND $rows AS row
		 MATCH (c:Category {categoryID: row.categoryID})
		 MATCH (s:Supplier {supplierID: row.supplierID})
		 CREATE (p:Product {productID: row.productID, productName: row.productName, sku: row.sku,
		                    unitPrice: row.unitPrice, unitsInStock: row.unitsInStock, discontinued: row.discontinued,
		                    description: row.description, tags: row.tags})
		 CREATE (p)-[:PART_OF]->(c)
		 CREATE (s)-[:SUPPLIES]->(p) [3mfields[0m[2m=[0m[]
[2m2026-09-04T07:51:55.274373Z[0m [32m INFO[0m bolt message received [3mevent_id[0m[2m=[0m"bolt.log.run" [3msignature[0m[2m=[0m"0x3F"
[2m2026-09-04T07:51:55.274382Z[0m [32m INFO[0m bolt sending responses [3mevent_id[0m[2m=[0m"bolt.log.run" [3mresponse_count[0m[2m=[0m2 [3mresponse_bytes[0m[2m=[0m165 [3mtransport[0m[2m=[0m"tcp"
[2m2026-09-04T07:51:55.275695Z[0m [32m INFO[0m bolt message received [3mevent_id[0m[2m=[0m"bolt.log.run" [3msignature[0m[2m=[0m"0x10"
[2m2026-09-04T07:51:55.302854Z[0m [32m INFO[0m [1mnornicdb.bolt.run[0m:[1mnornicdb.cypher.execute[0m: query phase breakdown [3mquery_hash[0m[2m=[0m10865397794136016792 [3mphase_parse_cache_us[0m[2m=[0m5 [3mphase_compliance_us[0m[2m=[0m1 [3mphase_pattern_us[0m[2m=[0m47 [3mphase_eval_us[0m[2m=[0m169353 [3mphase_audit_us[0m[2m=[0m413 [3mphase_total_us[0m[2m=[0m169819 [2m[3mdb.system[0m[2m=[0m"neo4j"[0m [2m[3mdb.operation.name[0m[2m=[0m"read"[0m
[2m2026-09-04T07:51:55.303504Z[0m [32m INFO[0m bolt RUN executed [3mevent_id[0m[2m=[0m"bolt.log.query" [3mquery[0m[2m=[0mUNWIND $rows AS row
		 MATCH (c:Category {categoryID: row.categoryID})
		 MATCH (s:Supplier {supplierID: row.supplierID})
		 CREATE (p:Product {productID: row.productID, productName: row.productName, sku: row.sku,
		                    unitPrice: row.unitPrice, unitsInStock: row.unitsInStock, discontinued: row.discontinued,
		                    description: row.description, tags: row.tags})
		 CREATE (p)-[:PART_OF]->(c)
		 CREATE (s)-[:SUPPLIES]->(p) [3mfields[0m[2m=[0m[]
[2m2026-09-04T07:51:55.303909Z[0m [32m INFO[0m bolt message received [3mevent_id[0m[2m=[0m"bolt.log.run" [3msignature[0m[2m=[0m"0x3F"
[2m2026-09-04T07:51:55.303920Z[0m [32m INFO[0m bolt sending responses [3mevent_id[0m[2m=[0m"bolt.log.run" [3mresponse_count[0m[2m=[0m2 [3mresponse_bytes[0m[2m=[0m165 [3mtransport[0m[2m=[0m"tcp"
[2m2026-09-04T07:51:55.305152Z[0m [32m INFO[0m bolt message received [3mevent_id[0m[2m=[0m"bolt.log.run" [3msignature[0m[2m=[0m"0x10"
[2m2026-09-04T07:51:55.333512Z[0m [32m INFO[0m [1mnornicdb.bolt.run[0m:[1mnornicdb.cypher.execute[0m: query phase breakdown [3mquery_hash[0m[2m=[0m10865397794136016792 [3mphase_parse_cache_us[0m[2m=[0m4 [3mphase_compliance_us[0m[2m=[0m2 [3mphase_pattern_us[0m[2m=[0m46 [3mphase_eval_us[0m[2m=[0m172203 [3mphase_audit_us[0m[2m=[0m359 [3mphase_total_us[0m[2m=[0m172614 [2m[3mdb.system[0m[2m=[0m"neo4j"[0m [2m[3mdb.operation.name[0m[2m=[0m"read"[0m
[2m2026-09-04T07:51:55.334150Z[0m [32m INFO[0m bolt RUN executed [3mevent_id[0m[2m=[0m"bolt.log.query" [3mquery[0m[2m=[0mUNWIND $rows AS row
		 MATCH (c:Category {categoryID: row.categoryID})
		 MATCH (s:Supplier {supplierID: row.supplierID})
		 CREATE (p:Product {productID: row.productID, productName: row.productName, sku: row.sku,
		                    unitPrice: row.unitPrice, unitsInStock: row.unitsInStock, discontinued: row.discontinued,
		                    description: row.description, tags: row.tags})
		 CREATE (p)-[:PART_OF]->(c)
		 CREATE (s)-[:SUPPLIES]->(p) [3mfields[0m[2m=[0m[]
[2m2026-09-04T07:51:55.334515Z[0m [32m INFO[0m bolt message received [3mevent_id[0m[2m=[0m"bolt.log.run" [3msignature[0m[2m=[0m"0x3F"
[2m2026-09-04T07:51:55.334525Z[0m [32m INFO[0m bolt sending responses [3mevent_id[0m[2m=[0m"bolt.log.run" [3mresponse_count[0m[2m=[0m2 [3mresponse_bytes[0m[2m=[0m165 [3mtransport[0m[2m=[0m"tcp"
[2m2026-09-04T07:51:55.335753Z[0m [32m INFO[0m bolt message received [3mevent_id[0m[2m=[0m"bolt.log.run" [3msignature[0m[2m=[0m"0x10"
[2m2026-09-04T07:51:55.364648Z[0m [32m INFO[0m [1mnornicdb.bolt.run[0m:[1mnornicdb.cypher.execute[0m: query phase breakdown [3mquery_hash[0m[2m=[0m10865397794136016792 [3mphase_parse_cache_us[0m[2m=[0m5 [3mphase_compliance_us[0m[2m=[0m2 [3mphase_pattern_us[0m[2m=[0m53 [3mphase_eval_us[0m[2m=[0m163694 [3mphase_audit_us[0m[2m=[0m741 [3mphase_total_us[0m[2m=[0m164495 [2m[3mdb.system[0m[2m=[0m"neo4j"[0m [2m[3mdb.operation.name[0m[2m=[0m"read"[0m
[2m2026-09-04T07:51:55.366099Z[0m [32m INFO[0m bolt RUN executed [3mevent_id[0m[2m=[0m"bolt.log.query" [3mquery[0m[2m=[0mUNWIND $rows AS row
		 MATCH (c:Category {categoryID: row.categoryID})
		 MATCH (s:Supplier {supplierID: row.supplierID})
		 CREATE (p:Product {productID: row.productID, productName: row.productName, sku: row.sku,
		                    unitPrice: row.unitPrice, unitsInStock: row.unitsInStock, discontinued: row.discontinued,
		                    description: row.description, tags: row.tags})
		 CREATE (p)-[:PART_OF]->(c)
		 CREATE (s)-[:SUPPLIES]->(p) [3mfields[0m[2m=[0m[]
[2m2026-09-04T07:51:55.366915Z[0m [32m INFO[0m bolt message received [3mevent_id[0m[2m=[0m"bolt.log.run" [3msignature[0m[2m=[0m"0x3F"
[2m2026-09-04T07:51:55.366943Z[0m [32m INFO[0m bolt sending responses [3mevent_id[0m[2m=[0m"bolt.log.run" [3mresponse_count[0m[2m=[0m2 [3mresponse_bytes[0m[2m=[0m165 [3mtransport[0m[2m=[0m"tcp"
[2m2026-09-04T07:51:55.369399Z[0m [32m INFO[0m bolt message received [3mevent_id[0m[2m=[0m"bolt.log.run" [3msignature[0m[2m=[0m"0x10"
[2m2026-09-04T07:51:55.468128Z[0m [32m INFO[0m [1mnornicdb.bolt.run[0m:[1mnornicdb.cypher.execute[0m: query phase breakdown [3mquery_hash[0m[2m=[0m10865397794136016792 [3mphase_parse_cache_us[0m[2m=[0m6 [3mphase_compliance_us[0m[2m=[0m2 [3mphase_pattern_us[0m[2m=[0m48 [3mphase_eval_us[0m[2m=[0m191270 [3mphase_audit_us[0m[2m=[0m499 [3mphase_total_us[0m[2m=[0m191825 [2m[3mdb.system[0m[2m=[0m"neo4j"[0m [2m[3mdb.operation.name[0m[2m=[0m"read"[0m
[2m2026-09-04T07:51:55.468819Z[0m [32m INFO[0m bolt RUN executed [3mevent_id[0m[2m=[0m"bolt.log.query" [3mquery[0m[2m=[0mUNWIND $rows AS row
		 MATCH (c:Category {categoryID: row.categoryID})
		 MATCH (s:Supplier {supplierID: row.supplierID})
		 CREATE (p:Product {productID: row.productID, productName: row.productName, sku: row.sku,
		                    unitPrice: row.unitPrice, unitsInStock: row.unitsInStock, discontinued: row.discontinued,
		                    description: row.description, tags: row.tags})
		 CREATE (p)-[:PART_OF]->(c)
		 CREATE (s)-[:SUPPLIES]->(p) [3mfields[0m[2m=[0m[]
[2m2026-09-04T07:51:55.469203Z[0m [32m INFO[0m bolt message received [3mevent_id[0m[2m=[0m"bolt.log.run" [3msignature[0m[2m=[0m"0x3F"
[2m2026-09-04T07:51:55.469219Z[0m [32m INFO[0m bolt sending responses [3mevent_id[0m[2m=[0m"bolt.log.run" [3mresponse_count[0m[2m=[0m2 [3mresponse_bytes[0m[2m=[0m165 [3mtransport[0m[2m=[0m"tcp"
[2m2026-09-04T07:51:55.471853Z[0m [32m INFO[0m bolt message received [3mevent_id[0m[2m=[0m"bolt.log.run" [3msignature[0m[2m=[0m"0x10"
[2m2026-09-04T07:51:55.516845Z[0m [32m INFO[0m [1mnornicdb.bolt.run[0m:[1mnornicdb.cypher.execute[0m: query phase breakdown [3mquery_hash[0m[2m=[0m10865397794136016792 [3mphase_parse_cache_us[0m[2m=[0m5 [3mphase_compliance_us[0m[2m=[0m2 [3mphase_pattern_us[0m[2m=[0m47 [3mphase_eval_us[0m[2m=[0m210573 [3mphase_audit_us[0m[2m=[0m476 [3mphase_total_us[0m[2m=[0m211103 [2m[3mdb.system[0m[2m=[0m"neo4j"[0m [2m[3mdb.operation.name[0m[2m=[0m"read"[0m
[2m2026-09-04T07:51:55.517431Z[0m [32m INFO[0m bolt RUN executed [3mevent_id[0m[2m=[0m"bolt.log.query" [3mquery[0m[2m=[0mUNWIND $rows AS row
		 MATCH (c:Category {categoryID: row.categoryID})
		 MATCH (s:Supplier {supplierID: row.supplierID})
		 CREATE (p:Product {productID: row.productID, productName: row.productName, sku: row.sku,
		                    unitPrice: row.unitPrice, unitsInStock: row.unitsInStock, discontinued: row.discontinued,
		                    description: row.description, tags: row.tags})
		 CREATE (p)-[:PART_OF]->(c)
		 CREATE (s)-[:SUPPLIES]->(p) [3mfields[0m[2m=[0m[]
[2m2026-09-04T07:51:55.517826Z[0m [32m INFO[0m bolt message received [3mevent_id[0m[2m=[0m"bolt.log.run" [3msignature[0m[2m=[0m"0x3F"
[2m2026-09-04T07:51:55.517838Z[0m [32m INFO[0m bolt sending responses [3mevent_id[0m[2m=[0m"bolt.log.run" [3mresponse_count[0m[2m=[0m2 [3mresponse_bytes[0m[2m=[0m165 [3mtransport[0m[2m=[0m"tcp"
[2m2026-09-04T07:51:55.520347Z[0m [32m INFO[0m bolt message received [3mevent_id[0m[2m=[0m"bolt.log.run" [3msignature[0m[2m=[0m"0x10"
[2m2026-09-04T07:51:55.553468Z[0m [32m INFO[0m [1mnornicdb.bolt.run[0m:[1mnornicdb.cypher.execute[0m: query phase breakdown [3mquery_hash[0m[2m=[0m10865397794136016792 [3mphase_parse_cache_us[0m[2m=[0m4 [3mphase_compliance_us[0m[2m=[0m2 [3mphase_pattern_us[0m[2m=[0m47 [3mphase_eval_us[0m[2m=[0m216762 [3mphase_audit_us[0m[2m=[0m415 [3mphase_total_us[0m[2m=[0m217230 [2m[3mdb.system[0m[2m=[0m"neo4j"[0m [2m[3mdb.operation.name[0m[2m=[0m"read"[0m
[2m2026-09-04T07:51:55.554149Z[0m [32m INFO[0m bolt RUN executed [3mevent_id[0m[2m=[0m"bolt.log.query" [3mquery[0m[2m=[0mUNWIND $rows AS row
		 MATCH (c:Category {categoryID: row.categoryID})
		 MATCH (s:Supplier {supplierID: row.supplierID})
		 CREATE (p:Product {productID: row.productID, productName: row.productName, sku: row.sku,
		                    unitPrice: row.unitPrice, unitsInStock: row.unitsInStock, discontinued: row.discontinued,
		                    description: row.description, tags: row.tags})
		 CREATE (p)-[:PART_OF]->(c)
		 CREATE (s)-[:SUPPLIES]->(p) [3mfields[0m[2m=[0m[]
[2m2026-09-04T07:51:55.554550Z[0m [32m INFO[0m bolt message received [3mevent_id[0m[2m=[0m"bolt.log.run" [3msignature[0m[2m=[0m"0x3F"
[2m2026-09-04T07:51:55.554561Z[0m [32m INFO[0m bolt sending responses [3mevent_id[0m[2m=[0m"bolt.log.run" [3mresponse_count[0m[2m=[0m2 [3mresponse_bytes[0m[2m=[0m165 [3mtransport[0m[2m=[0m"tcp"
[2m2026-09-04T07:51:55.555740Z[0m [32m INFO[0m bolt message received [3mevent_id[0m[2m=[0m"bolt.log.run" [3msignature[0m[2m=[0m"0x10"
[2m2026-09-04T07:51:55.585531Z[0m [32m INFO[0m [1mnornicdb.bolt.run[0m:[1mnornicdb.cypher.execute[0m: query phase breakdown [3mquery_hash[0m[2m=[0m10865397794136016792 [3mphase_parse_cache_us[0m[2m=[0m12 [3mphase_compliance_us[0m[2m=[0m6 [3mphase_pattern_us[0m[2m=[0m83 [3mphase_eval_us[0m[2m=[0m213740 [3mphase_audit_us[0m[2m=[0m967 [3mphase_total_us[0m[2m=[0m214808 [2m[3mdb.system[0m[2m=[0m"neo4j"[0m [2m[3mdb.operation.name[0m[2m=[0m"read"[0m
[2m2026-09-04T07:51:55.586094Z[0m [32m INFO[0m bolt RUN executed [3mevent_id[0m[2m=[0m"bolt.log.query" [3mquery[0m[2m=[0mUNWIND $rows AS row
		 MATCH (c:Category {categoryID: row.categoryID})
		 MATCH (s:Supplier {supplierID: row.supplierID})
		 CREATE (p:Product {productID: row.productID, productName: row.productName, sku: row.sku,
		                    unitPrice: row.unitPrice, unitsInStock: row.unitsInStock, discontinued: row.discontinued,
		                    description: row.description, tags: row.tags})
		 CREATE (p)-[:PART_OF]->(c)
		 CREATE (s)-[:SUPPLIES]->(p) [3mfields[0m[2m=[0m[]
[2m2026-09-04T07:51:55.586440Z[0m [32m INFO[0m bolt message received [3mevent_id[0m[2m=[0m"bolt.log.run" [3msignature[0m[2m=[0m"0x3F"
[2m2026-09-04T07:51:55.586450Z[0m [32m INFO[0m bolt sending responses [3mevent_id[0m[2m=[0m"bolt.log.run" [3mresponse_count[0m[2m=[0m2 [3mresponse_bytes[0m[2m=[0m165 [3mtransport[0m[2m=[0m"tcp"
[2m2026-09-04T07:51:55.613375Z[0m [32m INFO[0m [1mnornicdb.bolt.run[0m:[1mnornicdb.cypher.execute[0m: query phase breakdown [3mquery_hash[0m[2m=[0m10865397794136016792 [3mphase_parse_cache_us[0m[2m=[0m14 [3mphase_compliance_us[0m[2m=[0m7 [3mphase_pattern_us[0m[2m=[0m80 [3mphase_eval_us[0m[2m=[0m138756 [3mphase_audit_us[0m[2m=[0m772 [3mphase_total_us[0m[2m=[0m139629 [2m[3mdb.system[0m[2m=[0m"neo4j"[0m [2m[3mdb.operation.name[0m[2m=[0m"read"[0m
[2m2026-09-04T07:51:55.613975Z[0m [32m INFO[0m bolt RUN executed [3mevent_id[0m[2m=[0m"bolt.log.query" [3mquery[0m[2m=[0mUNWIND $rows AS row
		 MATCH (c:Category {categoryID: row.categoryID})
		 MATCH (s:Supplier {supplierID: row.supplierID})
		 CREATE (p:Product {productID: row.productID, productName: row.productName, sku: row.sku,
		                    unitPrice: row.unitPrice, unitsInStock: row.unitsInStock, discontinued: row.discontinued,
		                    description: row.description, tags: row.tags})
		 CREATE (p)-[:PART_OF]->(c)
		 CREATE (s)-[:SUPPLIES]->(p) [3mfields[0m[2m=[0m[]
[2m2026-09-04T07:51:55.614281Z[0m [32m INFO[0m bolt message received [3mevent_id[0m[2m=[0m"bolt.log.run" [3msignature[0m[2m=[0m"0x3F"
[2m2026-09-04T07:51:55.614291Z[0m [32m INFO[0m bolt sending responses [3mevent_id[0m[2m=[0m"bolt.log.run" [3mresponse_count[0m[2m=[0m2 [3mresponse_bytes[0m[2m=[0m165 [3mtransport[0m[2m=[0m"tcp"
[2m2026-09-04T07:51:55.678834Z[0m [32m INFO[0m [1mnornicdb.bolt.run[0m:[1mnornicdb.cypher.execute[0m: query phase breakdown [3mquery_hash[0m[2m=[0m10865397794136016792 [3mphase_parse_cache_us[0m[2m=[0m12 [3mphase_compliance_us[0m[2m=[0m6 [3mphase_pattern_us[0m[2m=[0m80 [3mphase_eval_us[0m[2m=[0m156356 [3mphase_audit_us[0m[2m=[0m694 [3mphase_total_us[0m[2m=[0m157148 [2m[3mdb.system[0m[2m=[0m"neo4j"[0m [2m[3mdb.operation.name[0m[2m=[0m"read"[0m
[2m2026-09-04T07:51:55.679363Z[0m [32m INFO[0m bolt RUN executed [3mevent_id[0m[2m=[0m"bolt.log.query" [3mquery[0m[2m=[0mUNWIND $rows AS row
		 MATCH (c:Category {categoryID: row.categoryID})
		 MATCH (s:Supplier {supplierID: row.supplierID})
		 CREATE (p:Product {productID: row.productID, productName: row.productName, sku: row.sku,
		                    unitPrice: row.unitPrice, unitsInStock: row.unitsInStock, discontinued: row.discontinued,
		                    description: row.description, tags: row.tags})
		 CREATE (p)-[:PART_OF]->(c)
		 CREATE (s)-[:SUPPLIES]->(p) [3mfields[0m[2m=[0m[]
[2m2026-09-04T07:51:55.679740Z[0m [32m INFO[0m bolt message received [3mevent_id[0m[2m=[0m"bolt.log.run" [3msignature[0m[2m=[0m"0x3F"
[2m2026-09-04T07:51:55.679755Z[0m [32m INFO[0m bolt sending responses [3mevent_id[0m[2m=[0m"bolt.log.run" [3mresponse_count[0m[2m=[0m2 [3mresponse_bytes[0m[2m=[0m165 [3mtransport[0m[2m=[0m"tcp"
[2m2026-09-04T07:51:55.705116Z[0m [32m INFO[0m [1mnornicdb.bolt.run[0m:[1mnornicdb.cypher.execute[0m: query phase breakdown [3mquery_hash[0m[2m=[0m10865397794136016792 [3mphase_parse_cache_us[0m[2m=[0m5 [3mphase_compliance_us[0m[2m=[0m2 [3mphase_pattern_us[0m[2m=[0m51 [3mphase_eval_us[0m[2m=[0m148501 [3mphase_audit_us[0m[2m=[0m355 [3mphase_total_us[0m[2m=[0m148914 [2m[3mdb.system[0m[2m=[0m"neo4j"[0m [2m[3mdb.operation.name[0m[2m=[0m"read"[0m
[2m2026-09-04T07:51:55.708173Z[0m [32m INFO[0m bolt RUN executed [3mevent_id[0m[2m=[0m"bolt.log.query" [3mquery[0m[2m=[0mUNWIND $rows AS row
		 MATCH (c:Category {categoryID: row.categoryID})
		 MATCH (s:Supplier {supplierID: row.supplierID})
		 CREATE (p:Product {productID: row.productID, productName: row.productName, sku: row.sku,
		                    unitPrice: row.unitPrice, unitsInStock: row.unitsInStock, discontinued: row.discontinued,
		                    description: row.description, tags: row.tags})
		 CREATE (p)-[:PART_OF]->(c)
		 CREATE (s)-[:SUPPLIES]->(p) [3mfields[0m[2m=[0m[]
[2m2026-09-04T07:51:55.708568Z[0m [32m INFO[0m bolt message received [3mevent_id[0m[2m=[0m"bolt.log.run" [3msignature[0m[2m=[0m"0x3F"
[2m2026-09-04T07:51:55.708581Z[0m [32m INFO[0m bolt sending responses [3mevent_id[0m[2m=[0m"bolt.log.run" [3mresponse_count[0m[2m=[0m2 [3mresponse_bytes[0m[2m=[0m165 [3mtransport[0m[2m=[0m"tcp"
[2m2026-09-04T07:51:55.845237Z[0m [32m INFO[0m bolt message received [3mevent_id[0m[2m=[0m"bolt.log.run" [3msignature[0m[2m=[0m"0x10"
[2m2026-09-04T07:51:55.845274Z[0m [32m INFO[0m bolt message received [3mevent_id[0m[2m=[0m"bolt.log.run" [3msignature[0m[2m=[0m"0x10"
[2m2026-09-04T07:51:55.845274Z[0m [32m INFO[0m bolt message received [3mevent_id[0m[2m=[0m"bolt.log.run" [3msignature[0m[2m=[0m"0x10"
[2m2026-09-04T07:51:55.845318Z[0m [32m INFO[0m bolt message received [3mevent_id[0m[2m=[0m"bolt.log.run" [3msignature[0m[2m=[0m"0x10"
[2m2026-09-04T07:51:55.923082Z[0m [32m INFO[0m [1mnornicdb.bolt.run[0m:[1mnornicdb.cypher.execute[0m: query phase breakdown [3mquery_hash[0m[2m=[0m11062239224005149050 [3mphase_parse_cache_us[0m[2m=[0m18 [3mphase_compliance_us[0m[2m=[0m3 [3mphase_pattern_us[0m[2m=[0m32 [3mphase_eval_us[0m[2m=[0m42033 [3mphase_audit_us[0m[2m=[0m35380 [3mphase_total_us[0m[2m=[0m77466 [2m[3mdb.system[0m[2m=[0m"neo4j"[0m [2m[3mdb.operation.name[0m[2m=[0m"read"[0m
[2m2026-09-04T07:51:55.923413Z[0m [32m INFO[0m bolt RUN executed [3mevent_id[0m[2m=[0m"bolt.log.query" [3mquery[0m[2m=[0mUNWIND $rows AS row
		 MATCH (c:Customer {customerID: row.customerID})
		 CREATE (o:Order {orderID: row.orderID, shipCity: row.shipCity, shipCountry: row.shipCountry,
		                  orderDate: row.orderDate, notes: row.notes})
		 CREATE (c)-[:PURCHASED]->(o) [3mfields[0m[2m=[0m[]
[2m2026-09-04T07:51:55.923596Z[0m [32m INFO[0m bolt message received [3mevent_id[0m[2m=[0m"bolt.log.run" [3msignature[0m[2m=[0m"0x3F"
[2m2026-09-04T07:51:55.923608Z[0m [32m INFO[0m bolt sending responses [3mevent_id[0m[2m=[0m"bolt.log.run" [3mresponse_count[0m[2m=[0m2 [3mresponse_bytes[0m[2m=[0m165 [3mtransport[0m[2m=[0m"tcp"
[2m2026-09-04T07:51:55.924333Z[0m [32m INFO[0m bolt message received [3mevent_id[0m[2m=[0m"bolt.log.run" [3msignature[0m[2m=[0m"0x10"
[2m2026-09-04T07:51:55.929281Z[0m [32m INFO[0m [1mnornicdb.bolt.run[0m:[1mnornicdb.cypher.execute[0m: query phase breakdown [3mquery_hash[0m[2m=[0m11062239224005149050 [3mphase_parse_cache_us[0m[2m=[0m5 [3mphase_compliance_us[0m[2m=[0m2 [3mphase_pattern_us[0m[2m=[0m32 [3mphase_eval_us[0m[2m=[0m83147 [3mphase_audit_us[0m[2m=[0m369 [3mphase_total_us[0m[2m=[0m83555 [2m[3mdb.system[0m[2m=[0m"neo4j"[0m [2m[3mdb.operation.name[0m[2m=[0m"read"[0m
[2m2026-09-04T07:51:55.929647Z[0m [32m INFO[0m bolt RUN executed [3mevent_id[0m[2m=[0m"bolt.log.query" [3mquery[0m[2m=[0mUNWIND $rows AS row
		 MATCH (c:Customer {customerID: row.customerID})
		 CREATE (o:Order {orderID: row.orderID, shipCity: row.shipCity, shipCountry: row.shipCountry,
		                  orderDate: row.orderDate, notes: row.notes})
		 CREATE (c)-[:PURCHASED]->(o) [3mfields[0m[2m=[0m[]
[2m2026-09-04T07:51:55.929856Z[0m [32m INFO[0m bolt message received [3mevent_id[0m[2m=[0m"bolt.log.run" [3msignature[0m[2m=[0m"0x3F"
[2m2026-09-04T07:51:55.929865Z[0m [32m INFO[0m bolt sending responses [3mevent_id[0m[2m=[0m"bolt.log.run" [3mresponse_count[0m[2m=[0m2 [3mresponse_bytes[0m[2m=[0m165 [3mtransport[0m[2m=[0m"tcp"
[2m2026-09-04T07:51:55.930483Z[0m [32m INFO[0m bolt message received [3mevent_id[0m[2m=[0m"bolt.log.run" [3msignature[0m[2m=[0m"0x10"
[2m2026-09-04T07:51:55.944976Z[0m [32m INFO[0m [1mnornicdb.bolt.run[0m:[1mnornicdb.cypher.execute[0m: query phase breakdown [3mquery_hash[0m[2m=[0m11062239224005149050 [3mphase_parse_cache_us[0m[2m=[0m3 [3mphase_compliance_us[0m[2m=[0m1 [3mphase_pattern_us[0m[2m=[0m29 [3mphase_eval_us[0m[2m=[0m98809 [3mphase_audit_us[0m[2m=[0m360 [3mphase_total_us[0m[2m=[0m99202 [2m[3mdb.system[0m[2m=[0m"neo4j"[0m [2m[3mdb.operation.name[0m[2m=[0m"read"[0m
[2m2026-09-04T07:51:55.945398Z[0m [32m INFO[0m bolt RUN executed [3mevent_id[0m[2m=[0m"bolt.log.query" [3mquery[0m[2m=[0mUNWIND $rows AS row
		 MATCH (c:Customer {customerID: row.customerID})
		 CREATE (o:Order {orderID: row.orderID, shipCity: row.shipCity, shipCountry: row.shipCountry,
		                  orderDate: row.orderDate, notes: row.notes})
		 CREATE (c)-[:PURCHASED]->(o) [3mfields[0m[2m=[0m[]
[2m2026-09-04T07:51:55.945630Z[0m [32m INFO[0m bolt message received [3mevent_id[0m[2m=[0m"bolt.log.run" [3msignature[0m[2m=[0m"0x3F"
[2m2026-09-04T07:51:55.945648Z[0m [32m INFO[0m bolt sending responses [3mevent_id[0m[2m=[0m"bolt.log.run" [3mresponse_count[0m[2m=[0m2 [3mresponse_bytes[0m[2m=[0m165 [3mtransport[0m[2m=[0m"tcp"
[2m2026-09-04T07:51:55.946315Z[0m [32m INFO[0m bolt message received [3mevent_id[0m[2m=[0m"bolt.log.run" [3msignature[0m[2m=[0m"0x10"
[2m2026-09-04T07:51:55.957168Z[0m [32m INFO[0m [1mnornicdb.bolt.run[0m:[1mnornicdb.cypher.execute[0m: query phase breakdown [3mquery_hash[0m[2m=[0m11062239224005149050 [3mphase_parse_cache_us[0m[2m=[0m3 [3mphase_compliance_us[0m[2m=[0m1 [3mphase_pattern_us[0m[2m=[0m28 [3mphase_eval_us[0m[2m=[0m111014 [3mphase_audit_us[0m[2m=[0m346 [3mphase_total_us[0m[2m=[0m111392 [2m[3mdb.system[0m[2m=[0m"neo4j"[0m [2m[3mdb.operation.name[0m[2m=[0m"read"[0m
[2m2026-09-04T07:51:55.957516Z[0m [32m INFO[0m bolt RUN executed [3mevent_id[0m[2m=[0m"bolt.log.query" [3mquery[0m[2m=[0mUNWIND $rows AS row
		 MATCH (c:Customer {customerID: row.customerID})
		 CREATE (o:Order {orderID: row.orderID, shipCity: row.shipCity, shipCountry: row.shipCountry,
		                  orderDate: row.orderDate, notes: row.notes})
		 CREATE (c)-[:PURCHASED]->(o) [3mfields[0m[2m=[0m[]
[2m2026-09-04T07:51:55.957728Z[0m [32m INFO[0m bolt message received [3mevent_id[0m[2m=[0m"bolt.log.run" [3msignature[0m[2m=[0m"0x3F"
[2m2026-09-04T07:51:55.957738Z[0m [32m INFO[0m bolt sending responses [3mevent_id[0m[2m=[0m"bolt.log.run" [3mresponse_count[0m[2m=[0m2 [3mresponse_bytes[0m[2m=[0m165 [3mtransport[0m[2m=[0m"tcp"
[2m2026-09-04T07:51:55.958378Z[0m [32m INFO[0m bolt message received [3mevent_id[0m[2m=[0m"bolt.log.run" [3msignature[0m[2m=[0m"0x10"
[2m2026-09-04T07:51:55.970013Z[0m [32m INFO[0m [1mnornicdb.bolt.run[0m:[1mnornicdb.cypher.execute[0m: query phase breakdown [3mquery_hash[0m[2m=[0m11062239224005149050 [3mphase_parse_cache_us[0m[2m=[0m8 [3mphase_compliance_us[0m[2m=[0m3 [3mphase_pattern_us[0m[2m=[0m32 [3mphase_eval_us[0m[2m=[0m45131 [3mphase_audit_us[0m[2m=[0m243 [3mphase_total_us[0m[2m=[0m45417 [2m[3mdb.system[0m[2m=[0m"neo4j"[0m [2m[3mdb.operation.name[0m[2m=[0m"read"[0m
[2m2026-09-04T07:51:55.970284Z[0m [32m INFO[0m bolt RUN executed [3mevent_id[0m[2m=[0m"bolt.log.query" [3mquery[0m[2m=[0mUNWIND $rows AS row
		 MATCH (c:Customer {customerID: row.customerID})
		 CREATE (o:Order {orderID: row.orderID, shipCity: row.shipCity, shipCountry: row.shipCountry,
		                  orderDate: row.orderDate, notes: row.notes})
		 CREATE (c)-[:PURCHASED]->(o) [3mfields[0m[2m=[0m[]
[2m2026-09-04T07:51:55.970460Z[0m [32m INFO[0m bolt message received [3mevent_id[0m[2m=[0m"bolt.log.run" [3msignature[0m[2m=[0m"0x3F"
[2m2026-09-04T07:51:55.970471Z[0m [32m INFO[0m bolt sending responses [3mevent_id[0m[2m=[0m"bolt.log.run" [3mresponse_count[0m[2m=[0m2 [3mresponse_bytes[0m[2m=[0m165 [3mtransport[0m[2m=[0m"tcp"
[2m2026-09-04T07:51:55.971113Z[0m [32m INFO[0m bolt message received [3mevent_id[0m[2m=[0m"bolt.log.run" [3msignature[0m[2m=[0m"0x10"
[2m2026-09-04T07:51:55.987997Z[0m [32m INFO[0m [1mnornicdb.bolt.run[0m:[1mnornicdb.cypher.execute[0m: query phase breakdown [3mquery_hash[0m[2m=[0m11062239224005149050 [3mphase_parse_cache_us[0m[2m=[0m3 [3mphase_compliance_us[0m[2m=[0m2 [3mphase_pattern_us[0m[2m=[0m29 [3mphase_eval_us[0m[2m=[0m57004 [3mphase_audit_us[0m[2m=[0m229 [3mphase_total_us[0m[2m=[0m57267 [2m[3mdb.system[0m[2m=[0m"neo4j"[0m [2m[3mdb.operation.name[0m[2m=[0m"read"[0m
[2m2026-09-04T07:51:55.988366Z[0m [32m INFO[0m bolt RUN executed [3mevent_id[0m[2m=[0m"bolt.log.query" [3mquery[0m[2m=[0mUNWIND $rows AS row
		 MATCH (c:Customer {customerID: row.customerID})
		 CREATE (o:Order {orderID: row.orderID, shipCity: row.shipCity, shipCountry: row.shipCountry,
		                  orderDate: row.orderDate, notes: row.notes})
		 CREATE (c)-[:PURCHASED]->(o) [3mfields[0m[2m=[0m[]
[2m2026-09-04T07:51:55.988584Z[0m [32m INFO[0m bolt message received [3mevent_id[0m[2m=[0m"bolt.log.run" [3msignature[0m[2m=[0m"0x3F"
[2m2026-09-04T07:51:55.988592Z[0m [32m INFO[0m bolt sending responses [3mevent_id[0m[2m=[0m"bolt.log.run" [3mresponse_count[0m[2m=[0m2 [3mresponse_bytes[0m[2m=[0m165 [3mtransport[0m[2m=[0m"tcp"
[2m2026-09-04T07:51:55.989198Z[0m [32m INFO[0m bolt message received [3mevent_id[0m[2m=[0m"bolt.log.run" [3msignature[0m[2m=[0m"0x10"
[2m2026-09-04T07:51:56.029146Z[0m [32m INFO[0m [1mnornicdb.bolt.run[0m:[1mnornicdb.cypher.execute[0m: query phase breakdown [3mquery_hash[0m[2m=[0m11062239224005149050 [3mphase_parse_cache_us[0m[2m=[0m3 [3mphase_compliance_us[0m[2m=[0m2 [3mphase_pattern_us[0m[2m=[0m30 [3mphase_eval_us[0m[2m=[0m82287 [3mphase_audit_us[0m[2m=[0m253 [3mphase_total_us[0m[2m=[0m82575 [2m[3mdb.system[0m[2m=[0m"neo4j"[0m [2m[3mdb.operation.name[0m[2m=[0m"read"[0m
[2m2026-09-04T07:51:56.029518Z[0m [32m INFO[0m bolt RUN executed [3mevent_id[0m[2m=[0m"bolt.log.query" [3mquery[0m[2m=[0mUNWIND $rows AS row
		 MATCH (c:Customer {customerID: row.customerID})
		 CREATE (o:Order {orderID: row.orderID, shipCity: row.shipCity, shipCountry: row.shipCountry,
		                  orderDate: row.orderDate, notes: row.notes})
		 CREATE (c)-[:PURCHASED]->(o) [3mfields[0m[2m=[0m[]
[2m2026-09-04T07:51:56.029755Z[0m [32m INFO[0m bolt message received [3mevent_id[0m[2m=[0m"bolt.log.run" [3msignature[0m[2m=[0m"0x3F"
[2m2026-09-04T07:51:56.029764Z[0m [32m INFO[0m bolt sending responses [3mevent_id[0m[2m=[0m"bolt.log.run" [3mresponse_count[0m[2m=[0m2 [3mresponse_bytes[0m[2m=[0m165 [3mtransport[0m[2m=[0m"tcp"
[2m2026-09-04T07:51:56.030402Z[0m [32m INFO[0m bolt message received [3mevent_id[0m[2m=[0m"bolt.log.run" [3msignature[0m[2m=[0m"0x10"
[2m2026-09-04T07:51:56.043864Z[0m [32m INFO[0m [1mnornicdb.bolt.run[0m:[1mnornicdb.cypher.execute[0m: query phase breakdown [3mquery_hash[0m[2m=[0m11062239224005149050 [3mphase_parse_cache_us[0m[2m=[0m3 [3mphase_compliance_us[0m[2m=[0m1 [3mphase_pattern_us[0m[2m=[0m27 [3mphase_eval_us[0m[2m=[0m84980 [3mphase_audit_us[0m[2m=[0m231 [3mphase_total_us[0m[2m=[0m85242 [2m[3mdb.system[0m[2m=[0m"neo4j"[0m [2m[3mdb.operation.name[0m[2m=[0m"read"[0m
[2m2026-09-04T07:51:56.044314Z[0m [32m INFO[0m bolt RUN executed [3mevent_id[0m[2m=[0m"bolt.log.query" [3mquery[0m[2m=[0mUNWIND $rows AS row
		 MATCH (c:Customer {customerID: row.customerID})
		 CREATE (o:Order {orderID: row.orderID, shipCity: row.shipCity, shipCountry: row.shipCountry,
		                  orderDate: row.orderDate, notes: row.notes})
		 CREATE (c)-[:PURCHASED]->(o) [3mfields[0m[2m=[0m[]
[2m2026-09-04T07:51:56.044555Z[0m [32m INFO[0m bolt message received [3mevent_id[0m[2m=[0m"bolt.log.run" [3msignature[0m[2m=[0m"0x3F"
[2m2026-09-04T07:51:56.044564Z[0m [32m INFO[0m bolt sending responses [3mevent_id[0m[2m=[0m"bolt.log.run" [3mresponse_count[0m[2m=[0m2 [3mresponse_bytes[0m[2m=[0m165 [3mtransport[0m[2m=[0m"tcp"
[2m2026-09-04T07:51:56.045204Z[0m [32m INFO[0m bolt message received [3mevent_id[0m[2m=[0m"bolt.log.run" [3msignature[0m[2m=[0m"0x10"
[2m2026-09-04T07:51:56.058368Z[0m [32m INFO[0m [1mnornicdb.bolt.run[0m:[1mnornicdb.cypher.execute[0m: query phase breakdown [3mquery_hash[0m[2m=[0m11062239224005149050 [3mphase_parse_cache_us[0m[2m=[0m4 [3mphase_compliance_us[0m[2m=[0m2 [3mphase_pattern_us[0m[2m=[0m30 [3mphase_eval_us[0m[2m=[0m86697 [3mphase_audit_us[0m[2m=[0m267 [3mphase_total_us[0m[2m=[0m87000 [2m[3mdb.system[0m[2m=[0m"neo4j"[0m [2m[3mdb.operation.name[0m[2m=[0m"read"[0m
[2m2026-09-04T07:51:56.058685Z[0m [32m INFO[0m bolt RUN executed [3mevent_id[0m[2m=[0m"bolt.log.query" [3mquery[0m[2m=[0mUNWIND $rows AS row
		 MATCH (c:Customer {customerID: row.customerID})
		 CREATE (o:Order {orderID: row.orderID, shipCity: row.shipCity, shipCountry: row.shipCountry,
		                  orderDate: row.orderDate, notes: row.notes})
		 CREATE (c)-[:PURCHASED]->(o) [3mfields[0m[2m=[0m[]
[2m2026-09-04T07:51:56.058870Z[0m [32m INFO[0m bolt message received [3mevent_id[0m[2m=[0m"bolt.log.run" [3msignature[0m[2m=[0m"0x3F"
[2m2026-09-04T07:51:56.058879Z[0m [32m INFO[0m bolt sending responses [3mevent_id[0m[2m=[0m"bolt.log.run" [3mresponse_count[0m[2m=[0m2 [3mresponse_bytes[0m[2m=[0m165 [3mtransport[0m[2m=[0m"tcp"
[2m2026-09-04T07:51:56.059505Z[0m [32m INFO[0m bolt message received [3mevent_id[0m[2m=[0m"bolt.log.run" [3msignature[0m[2m=[0m"0x10"
[2m2026-09-04T07:51:56.072519Z[0m [32m INFO[0m [1mnornicdb.bolt.run[0m:[1mnornicdb.cypher.execute[0m: query phase breakdown [3mquery_hash[0m[2m=[0m11062239224005149050 [3mphase_parse_cache_us[0m[2m=[0m3 [3mphase_compliance_us[0m[2m=[0m1 [3mphase_pattern_us[0m[2m=[0m28 [3mphase_eval_us[0m[2m=[0m82834 [3mphase_audit_us[0m[2m=[0m230 [3mphase_total_us[0m[2m=[0m83096 [2m[3mdb.system[0m[2m=[0m"neo4j"[0m [2m[3mdb.operation.name[0m[2m=[0m"read"[0m
[2m2026-09-04T07:51:56.072899Z[0m [32m INFO[0m bolt RUN executed [3mevent_id[0m[2m=[0m"bolt.log.query" [3mquery[0m[2m=[0mUNWIND $rows AS row
		 MATCH (c:Customer {customerID: row.customerID})
		 CREATE (o:Order {orderID: row.orderID, shipCity: row.shipCity, shipCountry: row.shipCountry,
		                  orderDate: row.orderDate, notes: row.notes})
		 CREATE (c)-[:PURCHASED]->(o) [3mfields[0m[2m=[0m[]
[2m2026-09-04T07:51:56.073119Z[0m [32m INFO[0m bolt message received [3mevent_id[0m[2m=[0m"bolt.log.run" [3msignature[0m[2m=[0m"0x3F"
[2m2026-09-04T07:51:56.073128Z[0m [32m INFO[0m bolt sending responses [3mevent_id[0m[2m=[0m"bolt.log.run" [3mresponse_count[0m[2m=[0m2 [3mresponse_bytes[0m[2m=[0m165 [3mtransport[0m[2m=[0m"tcp"
[2m2026-09-04T07:51:56.073796Z[0m [32m INFO[0m bolt message received [3mevent_id[0m[2m=[0m"bolt.log.run" [3msignature[0m[2m=[0m"0x10"
[2m2026-09-04T07:51:56.099852Z[0m [32m INFO[0m [1mnornicdb.bolt.run[0m:[1mnornicdb.cypher.execute[0m: query phase breakdown [3mquery_hash[0m[2m=[0m11062239224005149050 [3mphase_parse_cache_us[0m[2m=[0m3 [3mphase_compliance_us[0m[2m=[0m1 [3mphase_pattern_us[0m[2m=[0m31 [3mphase_eval_us[0m[2m=[0m66888 [3mphase_audit_us[0m[2m=[0m2283 [3mphase_total_us[0m[2m=[0m69206 [2m[3mdb.system[0m[2m=[0m"neo4j"[0m [2m[3mdb.operation.name[0m[2m=[0m"read"[0m
[2m2026-09-04T07:51:56.100278Z[0m [32m INFO[0m bolt RUN executed [3mevent_id[0m[2m=[0m"bolt.log.query" [3mquery[0m[2m=[0mUNWIND $rows AS row
		 MATCH (c:Customer {customerID: row.customerID})
		 CREATE (o:Order {orderID: row.orderID, shipCity: row.shipCity, shipCountry: row.shipCountry,
		                  orderDate: row.orderDate, notes: row.notes})
		 CREATE (c)-[:PURCHASED]->(o) [3mfields[0m[2m=[0m[]
[2m2026-09-04T07:51:56.103483Z[0m [32m INFO[0m bolt message received [3mevent_id[0m[2m=[0m"bolt.log.run" [3msignature[0m[2m=[0m"0x3F"
[2m2026-09-04T07:51:56.103494Z[0m [32m INFO[0m bolt sending responses [3mevent_id[0m[2m=[0m"bolt.log.run" [3mresponse_count[0m[2m=[0m2 [3mresponse_bytes[0m[2m=[0m165 [3mtransport[0m[2m=[0m"tcp"
[2m2026-09-04T07:51:56.104151Z[0m [32m INFO[0m bolt message received [3mevent_id[0m[2m=[0m"bolt.log.run" [3msignature[0m[2m=[0m"0x10"
[2m2026-09-04T07:51:56.157911Z[0m [32m INFO[0m [1mnornicdb.bolt.run[0m:[1mnornicdb.cypher.execute[0m: query phase breakdown [3mquery_hash[0m[2m=[0m11062239224005149050 [3mphase_parse_cache_us[0m[2m=[0m3 [3mphase_compliance_us[0m[2m=[0m1 [3mphase_pattern_us[0m[2m=[0m28 [3mphase_eval_us[0m[2m=[0m112208 [3mphase_audit_us[0m[2m=[0m227 [3mphase_total_us[0m[2m=[0m112467 [2m[3mdb.system[0m[2m=[0m"neo4j"[0m [2m[3mdb.operation.name[0m[2m=[0m"read"[0m
[2m2026-09-04T07:51:56.158296Z[0m [32m INFO[0m bolt RUN executed [3mevent_id[0m[2m=[0m"bolt.log.query" [3mquery[0m[2m=[0mUNWIND $rows AS row
		 MATCH (c:Customer {customerID: row.customerID})
		 CREATE (o:Order {orderID: row.orderID, shipCity: row.shipCity, shipCountry: row.shipCountry,
		                  orderDate: row.orderDate, notes: row.notes})
		 CREATE (c)-[:PURCHASED]->(o) [3mfields[0m[2m=[0m[]
[2m2026-09-04T07:51:56.158508Z[0m [32m INFO[0m bolt message received [3mevent_id[0m[2m=[0m"bolt.log.run" [3msignature[0m[2m=[0m"0x3F"
[2m2026-09-04T07:51:56.158517Z[0m [32m INFO[0m bolt sending responses [3mevent_id[0m[2m=[0m"bolt.log.run" [3mresponse_count[0m[2m=[0m2 [3mresponse_bytes[0m[2m=[0m165 [3mtransport[0m[2m=[0m"tcp"
[2m2026-09-04T07:51:56.159166Z[0m [32m INFO[0m bolt message received [3mevent_id[0m[2m=[0m"bolt.log.run" [3msignature[0m[2m=[0m"0x10"
[2m2026-09-04T07:51:56.172628Z[0m [32m INFO[0m [1mnornicdb.bolt.run[0m:[1mnornicdb.cypher.execute[0m: query phase breakdown [3mquery_hash[0m[2m=[0m11062239224005149050 [3mphase_parse_cache_us[0m[2m=[0m2 [3mphase_compliance_us[0m[2m=[0m1 [3mphase_pattern_us[0m[2m=[0m28 [3mphase_eval_us[0m[2m=[0m112632 [3mphase_audit_us[0m[2m=[0m228 [3mphase_total_us[0m[2m=[0m112891 [2m[3mdb.system[0m[2m=[0m"neo4j"[0m [2m[3mdb.operation.name[0m[2m=[0m"read"[0m
[2m2026-09-04T07:51:56.172917Z[0m [32m INFO[0m bolt RUN executed [3mevent_id[0m[2m=[0m"bolt.log.query" [3mquery[0m[2m=[0mUNWIND $rows AS row
		 MATCH (c:Customer {customerID: row.customerID})
		 CREATE (o:Order {orderID: row.orderID, shipCity: row.shipCity, shipCountry: row.shipCountry,
		                  orderDate: row.orderDate, notes: row.notes})
		 CREATE (c)-[:PURCHASED]->(o) [3mfields[0m[2m=[0m[]
[2m2026-09-04T07:51:56.173109Z[0m [32m INFO[0m bolt message received [3mevent_id[0m[2m=[0m"bolt.log.run" [3msignature[0m[2m=[0m"0x3F"
[2m2026-09-04T07:51:56.173117Z[0m [32m INFO[0m bolt sending responses [3mevent_id[0m[2m=[0m"bolt.log.run" [3mresponse_count[0m[2m=[0m2 [3mresponse_bytes[0m[2m=[0m165 [3mtransport[0m[2m=[0m"tcp"
[2m2026-09-04T07:51:56.173842Z[0m [32m INFO[0m bolt message received [3mevent_id[0m[2m=[0m"bolt.log.run" [3msignature[0m[2m=[0m"0x10"
[2m2026-09-04T07:51:56.187304Z[0m [32m INFO[0m [1mnornicdb.bolt.run[0m:[1mnornicdb.cypher.execute[0m: query phase breakdown [3mquery_hash[0m[2m=[0m11062239224005149050 [3mphase_parse_cache_us[0m[2m=[0m3 [3mphase_compliance_us[0m[2m=[0m1 [3mphase_pattern_us[0m[2m=[0m28 [3mphase_eval_us[0m[2m=[0m112933 [3mphase_audit_us[0m[2m=[0m264 [3mphase_total_us[0m[2m=[0m113229 [2m[3mdb.system[0m[2m=[0m"neo4j"[0m [2m[3mdb.operation.name[0m[2m=[0m"read"[0m
[2m2026-09-04T07:51:56.187709Z[0m [32m INFO[0m bolt RUN executed [3mevent_id[0m[2m=[0m"bolt.log.query" [3mquery[0m[2m=[0mUNWIND $rows AS row
		 MATCH (c:Customer {customerID: row.customerID})
		 CREATE (o:Order {orderID: row.orderID, shipCity: row.shipCity, shipCountry: row.shipCountry,
		                  orderDate: row.orderDate, notes: row.notes})
		 CREATE (c)-[:PURCHASED]->(o) [3mfields[0m[2m=[0m[]
[2m2026-09-04T07:51:56.187925Z[0m [32m INFO[0m bolt message received [3mevent_id[0m[2m=[0m"bolt.log.run" [3msignature[0m[2m=[0m"0x3F"
[2m2026-09-04T07:51:56.187934Z[0m [32m INFO[0m bolt sending responses [3mevent_id[0m[2m=[0m"bolt.log.run" [3mresponse_count[0m[2m=[0m2 [3mresponse_bytes[0m[2m=[0m165 [3mtransport[0m[2m=[0m"tcp"
[2m2026-09-04T07:51:56.188523Z[0m [32m INFO[0m bolt message received [3mevent_id[0m[2m=[0m"bolt.log.run" [3msignature[0m[2m=[0m"0x10"
[2m2026-09-04T07:51:56.202529Z[0m [32m INFO[0m [1mnornicdb.bolt.run[0m:[1mnornicdb.cypher.execute[0m: query phase breakdown [3mquery_hash[0m[2m=[0m11062239224005149050 [3mphase_parse_cache_us[0m[2m=[0m4 [3mphase_compliance_us[0m[2m=[0m2 [3mphase_pattern_us[0m[2m=[0m28 [3mphase_eval_us[0m[2m=[0m94453 [3mphase_audit_us[0m[2m=[0m221 [3mphase_total_us[0m[2m=[0m94708 [2m[3mdb.system[0m[2m=[0m"neo4j"[0m [2m[3mdb.operation.name[0m[2m=[0m"read"[0m
[2m2026-09-04T07:51:56.202891Z[0m [32m INFO[0m bolt RUN executed [3mevent_id[0m[2m=[0m"bolt.log.query" [3mquery[0m[2m=[0mUNWIND $rows AS row
		 MATCH (c:Customer {customerID: row.customerID})
		 CREATE (o:Order {orderID: row.orderID, shipCity: row.shipCity, shipCountry: row.shipCountry,
		                  orderDate: row.orderDate, notes: row.notes})
		 CREATE (c)-[:PURCHASED]->(o) [3mfields[0m[2m=[0m[]
[2m2026-09-04T07:51:56.203110Z[0m [32m INFO[0m bolt message received [3mevent_id[0m[2m=[0m"bolt.log.run" [3msignature[0m[2m=[0m"0x3F"
[2m2026-09-04T07:51:56.203120Z[0m [32m INFO[0m bolt sending responses [3mevent_id[0m[2m=[0m"bolt.log.run" [3mresponse_count[0m[2m=[0m2 [3mresponse_bytes[0m[2m=[0m165 [3mtransport[0m[2m=[0m"tcp"
[2m2026-09-04T07:51:56.203779Z[0m [32m INFO[0m bolt message received [3mevent_id[0m[2m=[0m"bolt.log.run" [3msignature[0m[2m=[0m"0x10"
[2m2026-09-04T07:51:56.223380Z[0m [32m INFO[0m [1mnornicdb.bolt.run[0m:[1mnornicdb.cypher.execute[0m: query phase breakdown [3mquery_hash[0m[2m=[0m11062239224005149050 [3mphase_parse_cache_us[0m[2m=[0m3 [3mphase_compliance_us[0m[2m=[0m1 [3mphase_pattern_us[0m[2m=[0m27 [3mphase_eval_us[0m[2m=[0m63630 [3mphase_audit_us[0m[2m=[0m259 [3mphase_total_us[0m[2m=[0m63920 [2m[3mdb.system[0m[2m=[0m"neo4j"[0m [2m[3mdb.operation.name[0m[2m=[0m"read"[0m
[2m2026-09-04T07:51:56.223815Z[0m [32m INFO[0m bolt RUN executed [3mevent_id[0m[2m=[0m"bolt.log.query" [3mquery[0m[2m=[0mUNWIND $rows AS row
		 MATCH (c:Customer {customerID: row.customerID})
		 CREATE (o:Order {orderID: row.orderID, shipCity: row.shipCity, shipCountry: row.shipCountry,
		                  orderDate: row.orderDate, notes: row.notes})
		 CREATE (c)-[:PURCHASED]->(o) [3mfields[0m[2m=[0m[]
[2m2026-09-04T07:51:56.224045Z[0m [32m INFO[0m bolt message received [3mevent_id[0m[2m=[0m"bolt.log.run" [3msignature[0m[2m=[0m"0x3F"
[2m2026-09-04T07:51:56.224055Z[0m [32m INFO[0m bolt sending responses [3mevent_id[0m[2m=[0m"bolt.log.run" [3mresponse_count[0m[2m=[0m2 [3mresponse_bytes[0m[2m=[0m165 [3mtransport[0m[2m=[0m"tcp"
[2m2026-09-04T07:51:56.224717Z[0m [32m INFO[0m bolt message received [3mevent_id[0m[2m=[0m"bolt.log.run" [3msignature[0m[2m=[0m"0x10"
[2m2026-09-04T07:51:56.238049Z[0m [32m INFO[0m [1mnornicdb.bolt.run[0m:[1mnornicdb.cypher.execute[0m: query phase breakdown [3mquery_hash[0m[2m=[0m11062239224005149050 [3mphase_parse_cache_us[0m[2m=[0m3 [3mphase_compliance_us[0m[2m=[0m1 [3mphase_pattern_us[0m[2m=[0m31 [3mphase_eval_us[0m[2m=[0m63617 [3mphase_audit_us[0m[2m=[0m270 [3mphase_total_us[0m[2m=[0m63922 [2m[3mdb.system[0m[2m=[0m"neo4j"[0m [2m[3mdb.operation.name[0m[2m=[0m"read"[0m
[2m2026-09-04T07:51:56.238344Z[0m [32m INFO[0m bolt RUN executed [3mevent_id[0m[2m=[0m"bolt.log.query" [3mquery[0m[2m=[0mUNWIND $rows AS row
		 MATCH (c:Customer {customerID: row.customerID})
		 CREATE (o:Order {orderID: row.orderID, shipCity: row.shipCity, shipCountry: row.shipCountry,
		                  orderDate: row.orderDate, notes: row.notes})
		 CREATE (c)-[:PURCHASED]->(o) [3mfields[0m[2m=[0m[]
[2m2026-09-04T07:51:56.238512Z[0m [32m INFO[0m bolt message received [3mevent_id[0m[2m=[0m"bolt.log.run" [3msignature[0m[2m=[0m"0x3F"
[2m2026-09-04T07:51:56.238521Z[0m [32m INFO[0m bolt sending responses [3mevent_id[0m[2m=[0m"bolt.log.run" [3mresponse_count[0m[2m=[0m2 [3mresponse_bytes[0m[2m=[0m165 [3mtransport[0m[2m=[0m"tcp"
[2m2026-09-04T07:51:56.239117Z[0m [32m INFO[0m bolt message received [3mevent_id[0m[2m=[0m"bolt.log.run" [3msignature[0m[2m=[0m"0x10"
[2m2026-09-04T07:51:56.252863Z[0m [32m INFO[0m [1mnornicdb.bolt.run[0m:[1mnornicdb.cypher.execute[0m: query phase breakdown [3mquery_hash[0m[2m=[0m11062239224005149050 [3mphase_parse_cache_us[0m[2m=[0m3 [3mphase_compliance_us[0m[2m=[0m2 [3mphase_pattern_us[0m[2m=[0m30 [3mphase_eval_us[0m[2m=[0m63827 [3mphase_audit_us[0m[2m=[0m242 [3mphase_total_us[0m[2m=[0m64104 [2m[3mdb.system[0m[2m=[0m"neo4j"[0m [2m[3mdb.operation.name[0m[2m=[0m"read"[0m
[2m2026-09-04T07:51:56.253166Z[0m [32m INFO[0m bolt RUN executed [3mevent_id[0m[2m=[0m"bolt.log.query" [3mquery[0m[2m=[0mUNWIND $rows AS row
		 MATCH (c:Customer {customerID: row.customerID})
		 CREATE (o:Order {orderID: row.orderID, shipCity: row.shipCity, shipCountry: row.shipCountry,
		                  orderDate: row.orderDate, notes: row.notes})
		 CREATE (c)-[:PURCHASED]->(o) [3mfields[0m[2m=[0m[]
[2m2026-09-04T07:51:56.253347Z[0m [32m INFO[0m bolt message received [3mevent_id[0m[2m=[0m"bolt.log.run" [3msignature[0m[2m=[0m"0x3F"
[2m2026-09-04T07:51:56.253368Z[0m [32m INFO[0m bolt sending responses [3mevent_id[0m[2m=[0m"bolt.log.run" [3mresponse_count[0m[2m=[0m2 [3mresponse_bytes[0m[2m=[0m165 [3mtransport[0m[2m=[0m"tcp"
[2m2026-09-04T07:51:56.253982Z[0m [32m INFO[0m bolt message received [3mevent_id[0m[2m=[0m"bolt.log.run" [3msignature[0m[2m=[0m"0x10"
[2m2026-09-04T07:51:56.267570Z[0m [32m INFO[0m [1mnornicdb.bolt.run[0m:[1mnornicdb.cypher.execute[0m: query phase breakdown [3mquery_hash[0m[2m=[0m11062239224005149050 [3mphase_parse_cache_us[0m[2m=[0m3 [3mphase_compliance_us[0m[2m=[0m1 [3mphase_pattern_us[0m[2m=[0m29 [3mphase_eval_us[0m[2m=[0m63277 [3mphase_audit_us[0m[2m=[0m238 [3mphase_total_us[0m[2m=[0m63548 [2m[3mdb.system[0m[2m=[0m"neo4j"[0m [2m[3mdb.operation.name[0m[2m=[0m"read"[0m
[2m2026-09-04T07:51:56.267872Z[0m [32m INFO[0m bolt RUN executed [3mevent_id[0m[2m=[0m"bolt.log.query" [3mquery[0m[2m=[0mUNWIND $rows AS row
		 MATCH (c:Customer {customerID: row.customerID})
		 CREATE (o:Order {orderID: row.orderID, shipCity: row.shipCity, shipCountry: row.shipCountry,
		                  orderDate: row.orderDate, notes: row.notes})
		 CREATE (c)-[:PURCHASED]->(o) [3mfields[0m[2m=[0m[]
[2m2026-09-04T07:51:56.268058Z[0m [32m INFO[0m bolt message received [3mevent_id[0m[2m=[0m"bolt.log.run" [3msignature[0m[2m=[0m"0x3F"
[2m2026-09-04T07:51:56.268067Z[0m [32m INFO[0m bolt sending responses [3mevent_id[0m[2m=[0m"bolt.log.run" [3mresponse_count[0m[2m=[0m2 [3mresponse_bytes[0m[2m=[0m165 [3mtransport[0m[2m=[0m"tcp"
[2m2026-09-04T07:51:56.268775Z[0m [32m INFO[0m bolt message received [3mevent_id[0m[2m=[0m"bolt.log.run" [3msignature[0m[2m=[0m"0x10"
[2m2026-09-04T07:51:56.283265Z[0m [32m INFO[0m [1mnornicdb.bolt.run[0m:[1mnornicdb.cypher.execute[0m: query phase breakdown [3mquery_hash[0m[2m=[0m11062239224005149050 [3mphase_parse_cache_us[0m[2m=[0m3 [3mphase_compliance_us[0m[2m=[0m1 [3mphase_pattern_us[0m[2m=[0m28 [3mphase_eval_us[0m[2m=[0m57995 [3mphase_audit_us[0m[2m=[0m264 [3mphase_total_us[0m[2m=[0m58291 [2m[3mdb.system[0m[2m=[0m"neo4j"[0m [2m[3mdb.operation.name[0m[2m=[0m"read"[0m
[2m2026-09-04T07:51:56.283659Z[0m [32m INFO[0m bolt RUN executed [3mevent_id[0m[2m=[0m"bolt.log.query" [3mquery[0m[2m=[0mUNWIND $rows AS row
		 MATCH (c:Customer {customerID: row.customerID})
		 CREATE (o:Order {orderID: row.orderID, shipCity: row.shipCity, shipCountry: row.shipCountry,
		                  orderDate: row.orderDate, notes: row.notes})
		 CREATE (c)-[:PURCHASED]->(o) [3mfields[0m[2m=[0m[]
[2m2026-09-04T07:51:56.283881Z[0m [32m INFO[0m bolt message received [3mevent_id[0m[2m=[0m"bolt.log.run" [3msignature[0m[2m=[0m"0x3F"
[2m2026-09-04T07:51:56.283897Z[0m [32m INFO[0m bolt sending responses [3mevent_id[0m[2m=[0m"bolt.log.run" [3mresponse_count[0m[2m=[0m2 [3mresponse_bytes[0m[2m=[0m165 [3mtransport[0m[2m=[0m"tcp"
[2m2026-09-04T07:51:56.284562Z[0m [32m INFO[0m bolt message received [3mevent_id[0m[2m=[0m"bolt.log.run" [3msignature[0m[2m=[0m"0x10"
[2m2026-09-04T07:51:56.298981Z[0m [32m INFO[0m [1mnornicdb.bolt.run[0m:[1mnornicdb.cypher.execute[0m: query phase breakdown [3mquery_hash[0m[2m=[0m11062239224005149050 [3mphase_parse_cache_us[0m[2m=[0m2 [3mphase_compliance_us[0m[2m=[0m1 [3mphase_pattern_us[0m[2m=[0m27 [3mphase_eval_us[0m[2m=[0m59367 [3mphase_audit_us[0m[2m=[0m238 [3mphase_total_us[0m[2m=[0m59635 [2m[3mdb.system[0m[2m=[0m"neo4j"[0m [2m[3mdb.operation.name[0m[2m=[0m"read"[0m
[2m2026-09-04T07:51:56.299312Z[0m [32m INFO[0m bolt RUN executed [3mevent_id[0m[2m=[0m"bolt.log.query" [3mquery[0m[2m=[0mUNWIND $rows AS row
		 MATCH (c:Customer {customerID: row.customerID})
		 CREATE (o:Order {orderID: row.orderID, shipCity: row.shipCity, shipCountry: row.shipCountry,
		                  orderDate: row.orderDate, notes: row.notes})
		 CREATE (c)-[:PURCHASED]->(o) [3mfields[0m[2m=[0m[]
[2m2026-09-04T07:51:56.299490Z[0m [32m INFO[0m bolt message received [3mevent_id[0m[2m=[0m"bolt.log.run" [3msignature[0m[2m=[0m"0x3F"
[2m2026-09-04T07:51:56.299499Z[0m [32m INFO[0m bolt sending responses [3mevent_id[0m[2m=[0m"bolt.log.run" [3mresponse_count[0m[2m=[0m2 [3mresponse_bytes[0m[2m=[0m165 [3mtransport[0m[2m=[0m"tcp"
[2m2026-09-04T07:51:56.300189Z[0m [32m INFO[0m bolt message received [3mevent_id[0m[2m=[0m"bolt.log.run" [3msignature[0m[2m=[0m"0x10"
[2m2026-09-04T07:51:56.314692Z[0m [32m INFO[0m [1mnornicdb.bolt.run[0m:[1mnornicdb.cypher.execute[0m: query phase breakdown [3mquery_hash[0m[2m=[0m11062239224005149050 [3mphase_parse_cache_us[0m[2m=[0m2 [3mphase_compliance_us[0m[2m=[0m1 [3mphase_pattern_us[0m[2m=[0m27 [3mphase_eval_us[0m[2m=[0m60210 [3mphase_audit_us[0m[2m=[0m228 [3mphase_total_us[0m[2m=[0m60468 [2m[3mdb.system[0m[2m=[0m"neo4j"[0m [2m[3mdb.operation.name[0m[2m=[0m"read"[0m
[2m2026-09-04T07:51:56.315029Z[0m [32m INFO[0m bolt RUN executed [3mevent_id[0m[2m=[0m"bolt.log.query" [3mquery[0m[2m=[0mUNWIND $rows AS row
		 MATCH (c:Customer {customerID: row.customerID})
		 CREATE (o:Order {orderID: row.orderID, shipCity: row.shipCity, shipCountry: row.shipCountry,
		                  orderDate: row.orderDate, notes: row.notes})
		 CREATE (c)-[:PURCHASED]->(o) [3mfields[0m[2m=[0m[]
[2m2026-09-04T07:51:56.315252Z[0m [32m INFO[0m bolt message received [3mevent_id[0m[2m=[0m"bolt.log.run" [3msignature[0m[2m=[0m"0x3F"
[2m2026-09-04T07:51:56.315261Z[0m [32m INFO[0m bolt sending responses [3mevent_id[0m[2m=[0m"bolt.log.run" [3mresponse_count[0m[2m=[0m2 [3mresponse_bytes[0m[2m=[0m165 [3mtransport[0m[2m=[0m"tcp"
[2m2026-09-04T07:51:56.315865Z[0m [32m INFO[0m bolt message received [3mevent_id[0m[2m=[0m"bolt.log.run" [3msignature[0m[2m=[0m"0x10"
[2m2026-09-04T07:51:56.330113Z[0m [32m INFO[0m [1mnornicdb.bolt.run[0m:[1mnornicdb.cypher.execute[0m: query phase breakdown [3mquery_hash[0m[2m=[0m11062239224005149050 [3mphase_parse_cache_us[0m[2m=[0m3 [3mphase_compliance_us[0m[2m=[0m1 [3mphase_pattern_us[0m[2m=[0m25 [3mphase_eval_us[0m[2m=[0m60795 [3mphase_audit_us[0m[2m=[0m251 [3mphase_total_us[0m[2m=[0m61075 [2m[3mdb.system[0m[2m=[0m"neo4j"[0m [2m[3mdb.operation.name[0m[2m=[0m"read"[0m
[2m2026-09-04T07:51:56.330477Z[0m [32m INFO[0m bolt RUN executed [3mevent_id[0m[2m=[0m"bolt.log.query" [3mquery[0m[2m=[0mUNWIND $rows AS row
		 MATCH (c:Customer {customerID: row.customerID})
		 CREATE (o:Order {orderID: row.orderID, shipCity: row.shipCity, shipCountry: row.shipCountry,
		                  orderDate: row.orderDate, notes: row.notes})
		 CREATE (c)-[:PURCHASED]->(o) [3mfields[0m[2m=[0m[]
[2m2026-09-04T07:51:56.330696Z[0m [32m INFO[0m bolt message received [3mevent_id[0m[2m=[0m"bolt.log.run" [3msignature[0m[2m=[0m"0x3F"
[2m2026-09-04T07:51:56.330705Z[0m [32m INFO[0m bolt sending responses [3mevent_id[0m[2m=[0m"bolt.log.run" [3mresponse_count[0m[2m=[0m2 [3mresponse_bytes[0m[2m=[0m165 [3mtransport[0m[2m=[0m"tcp"
[2m2026-09-04T07:51:56.331310Z[0m [32m INFO[0m bolt message received [3mevent_id[0m[2m=[0m"bolt.log.run" [3msignature[0m[2m=[0m"0x10"
[2m2026-09-04T07:51:56.345902Z[0m [32m INFO[0m [1mnornicdb.bolt.run[0m:[1mnornicdb.cypher.execute[0m: query phase breakdown [3mquery_hash[0m[2m=[0m11062239224005149050 [3mphase_parse_cache_us[0m[2m=[0m3 [3mphase_compliance_us[0m[2m=[0m1 [3mphase_pattern_us[0m[2m=[0m31 [3mphase_eval_us[0m[2m=[0m60785 [3mphase_audit_us[0m[2m=[0m268 [3mphase_total_us[0m[2m=[0m61088 [2m[3mdb.system[0m[2m=[0m"neo4j"[0m [2m[3mdb.operation.name[0m[2m=[0m"read"[0m
[2m2026-09-04T07:51:56.346237Z[0m [32m INFO[0m bolt RUN executed [3mevent_id[0m[2m=[0m"bolt.log.query" [3mquery[0m[2m=[0mUNWIND $rows AS row
		 MATCH (c:Customer {customerID: row.customerID})
		 CREATE (o:Order {orderID: row.orderID, shipCity: row.shipCity, shipCountry: row.shipCountry,
		                  orderDate: row.orderDate, notes: row.notes})
		 CREATE (c)-[:PURCHASED]->(o) [3mfields[0m[2m=[0m[]
[2m2026-09-04T07:51:56.346447Z[0m [32m INFO[0m bolt message received [3mevent_id[0m[2m=[0m"bolt.log.run" [3msignature[0m[2m=[0m"0x3F"
[2m2026-09-04T07:51:56.346457Z[0m [32m INFO[0m bolt sending responses [3mevent_id[0m[2m=[0m"bolt.log.run" [3mresponse_count[0m[2m=[0m2 [3mresponse_bytes[0m[2m=[0m165 [3mtransport[0m[2m=[0m"tcp"
[2m2026-09-04T07:51:56.347060Z[0m [32m INFO[0m bolt message received [3mevent_id[0m[2m=[0m"bolt.log.run" [3msignature[0m[2m=[0m"0x10"
[2m2026-09-04T07:51:56.362404Z[0m [32m INFO[0m [1mnornicdb.bolt.run[0m:[1mnornicdb.cypher.execute[0m: query phase breakdown [3mquery_hash[0m[2m=[0m11062239224005149050 [3mphase_parse_cache_us[0m[2m=[0m4 [3mphase_compliance_us[0m[2m=[0m6 [3mphase_pattern_us[0m[2m=[0m29 [3mphase_eval_us[0m[2m=[0m61592 [3mphase_audit_us[0m[2m=[0m275 [3mphase_total_us[0m[2m=[0m61906 [2m[3mdb.system[0m[2m=[0m"neo4j"[0m [2m[3mdb.operation.name[0m[2m=[0m"read"[0m
[2m2026-09-04T07:51:56.362731Z[0m [32m INFO[0m bolt RUN executed [3mevent_id[0m[2m=[0m"bolt.log.query" [3mquery[0m[2m=[0mUNWIND $rows AS row
		 MATCH (c:Customer {customerID: row.customerID})
		 CREATE (o:Order {orderID: row.orderID, shipCity: row.shipCity, shipCountry: row.shipCountry,
		                  orderDate: row.orderDate, notes: row.notes})
		 CREATE (c)-[:PURCHASED]->(o) [3mfields[0m[2m=[0m[]
[2m2026-09-04T07:51:56.362915Z[0m [32m INFO[0m bolt message received [3mevent_id[0m[2m=[0m"bolt.log.run" [3msignature[0m[2m=[0m"0x3F"
[2m2026-09-04T07:51:56.362926Z[0m [32m INFO[0m bolt sending responses [3mevent_id[0m[2m=[0m"bolt.log.run" [3mresponse_count[0m[2m=[0m2 [3mresponse_bytes[0m[2m=[0m165 [3mtransport[0m[2m=[0m"tcp"
[2m2026-09-04T07:51:56.363528Z[0m [32m INFO[0m bolt message received [3mevent_id[0m[2m=[0m"bolt.log.run" [3msignature[0m[2m=[0m"0x10"
[2m2026-09-04T07:51:56.378589Z[0m [32m INFO[0m [1mnornicdb.bolt.run[0m:[1mnornicdb.cypher.execute[0m: query phase breakdown [3mquery_hash[0m[2m=[0m11062239224005149050 [3mphase_parse_cache_us[0m[2m=[0m3 [3mphase_compliance_us[0m[2m=[0m2 [3mphase_pattern_us[0m[2m=[0m27 [3mphase_eval_us[0m[2m=[0m62160 [3mphase_audit_us[0m[2m=[0m276 [3mphase_total_us[0m[2m=[0m62468 [2m[3mdb.system[0m[2m=[0m"neo4j"[0m [2m[3mdb.operation.name[0m[2m=[0m"read"[0m
[2m2026-09-04T07:51:56.378919Z[0m [32m INFO[0m bolt RUN executed [3mevent_id[0m[2m=[0m"bolt.log.query" [3mquery[0m[2m=[0mUNWIND $rows AS row
		 MATCH (c:Customer {customerID: row.customerID})
		 CREATE (o:Order {orderID: row.orderID, shipCity: row.shipCity, shipCountry: row.shipCountry,
		                  orderDate: row.orderDate, notes: row.notes})
		 CREATE (c)-[:PURCHASED]->(o) [3mfields[0m[2m=[0m[]
[2m2026-09-04T07:51:56.379109Z[0m [32m INFO[0m bolt message received [3mevent_id[0m[2m=[0m"bolt.log.run" [3msignature[0m[2m=[0m"0x3F"
[2m2026-09-04T07:51:56.379118Z[0m [32m INFO[0m bolt sending responses [3mevent_id[0m[2m=[0m"bolt.log.run" [3mresponse_count[0m[2m=[0m2 [3mresponse_bytes[0m[2m=[0m165 [3mtransport[0m[2m=[0m"tcp"
[2m2026-09-04T07:51:56.379750Z[0m [32m INFO[0m bolt message received [3mevent_id[0m[2m=[0m"bolt.log.run" [3msignature[0m[2m=[0m"0x10"
[2m2026-09-04T07:51:56.393480Z[0m [32m INFO[0m [1mnornicdb.bolt.run[0m:[1mnornicdb.cypher.execute[0m: query phase breakdown [3mquery_hash[0m[2m=[0m11062239224005149050 [3mphase_parse_cache_us[0m[2m=[0m2 [3mphase_compliance_us[0m[2m=[0m1 [3mphase_pattern_us[0m[2m=[0m27 [3mphase_eval_us[0m[2m=[0m61648 [3mphase_audit_us[0m[2m=[0m246 [3mphase_total_us[0m[2m=[0m61924 [2m[3mdb.system[0m[2m=[0m"neo4j"[0m [2m[3mdb.operation.name[0m[2m=[0m"read"[0m
[2m2026-09-04T07:51:56.393812Z[0m [32m INFO[0m bolt RUN executed [3mevent_id[0m[2m=[0m"bolt.log.query" [3mquery[0m[2m=[0mUNWIND $rows AS row
		 MATCH (c:Customer {customerID: row.customerID})
		 CREATE (o:Order {orderID: row.orderID, shipCity: row.shipCity, shipCountry: row.shipCountry,
		                  orderDate: row.orderDate, notes: row.notes})
		 CREATE (c)-[:PURCHASED]->(o) [3mfields[0m[2m=[0m[]
[2m2026-09-04T07:51:56.394020Z[0m [32m INFO[0m bolt message received [3mevent_id[0m[2m=[0m"bolt.log.run" [3msignature[0m[2m=[0m"0x3F"
[2m2026-09-04T07:51:56.394030Z[0m [32m INFO[0m bolt sending responses [3mevent_id[0m[2m=[0m"bolt.log.run" [3mresponse_count[0m[2m=[0m2 [3mresponse_bytes[0m[2m=[0m165 [3mtransport[0m[2m=[0m"tcp"
[2m2026-09-04T07:51:56.394658Z[0m [32m INFO[0m bolt message received [3mevent_id[0m[2m=[0m"bolt.log.run" [3msignature[0m[2m=[0m"0x10"
[2m2026-09-04T07:51:56.409276Z[0m [32m INFO[0m [1mnornicdb.bolt.run[0m:[1mnornicdb.cypher.execute[0m: query phase breakdown [3mquery_hash[0m[2m=[0m11062239224005149050 [3mphase_parse_cache_us[0m[2m=[0m6 [3mphase_compliance_us[0m[2m=[0m1 [3mphase_pattern_us[0m[2m=[0m27 [3mphase_eval_us[0m[2m=[0m61680 [3mphase_audit_us[0m[2m=[0m245 [3mphase_total_us[0m[2m=[0m61959 [2m[3mdb.system[0m[2m=[0m"neo4j"[0m [2m[3mdb.operation.name[0m[2m=[0m"read"[0m
[2m2026-09-04T07:51:56.409611Z[0m [32m INFO[0m bolt RUN executed [3mevent_id[0m[2m=[0m"bolt.log.query" [3mquery[0m[2m=[0mUNWIND $rows AS row
		 MATCH (c:Customer {customerID: row.customerID})
		 CREATE (o:Order {orderID: row.orderID, shipCity: row.shipCity, shipCountry: row.shipCountry,
		                  orderDate: row.orderDate, notes: row.notes})
		 CREATE (c)-[:PURCHASED]->(o) [3mfields[0m[2m=[0m[]
[2m2026-09-04T07:51:56.409803Z[0m [32m INFO[0m bolt message received [3mevent_id[0m[2m=[0m"bolt.log.run" [3msignature[0m[2m=[0m"0x3F"
[2m2026-09-04T07:51:56.409812Z[0m [32m INFO[0m bolt sending responses [3mevent_id[0m[2m=[0m"bolt.log.run" [3mresponse_count[0m[2m=[0m2 [3mresponse_bytes[0m[2m=[0m165 [3mtransport[0m[2m=[0m"tcp"
[2m2026-09-04T07:51:56.410479Z[0m [32m INFO[0m bolt message received [3mevent_id[0m[2m=[0m"bolt.log.run" [3msignature[0m[2m=[0m"0x10"
[2m2026-09-04T07:51:56.425540Z[0m [32m INFO[0m [1mnornicdb.bolt.run[0m:[1mnornicdb.cypher.execute[0m: query phase breakdown [3mquery_hash[0m[2m=[0m11062239224005149050 [3mphase_parse_cache_us[0m[2m=[0m3 [3mphase_compliance_us[0m[2m=[0m1 [3mphase_pattern_us[0m[2m=[0m24 [3mphase_eval_us[0m[2m=[0m61422 [3mphase_audit_us[0m[2m=[0m271 [3mphase_total_us[0m[2m=[0m61721 [2m[3mdb.system[0m[2m=[0m"neo4j"[0m [2m[3mdb.operation.name[0m[2m=[0m"read"[0m
[2m2026-09-04T07:51:56.425868Z[0m [32m INFO[0m bolt RUN executed [3mevent_id[0m[2m=[0m"bolt.log.query" [3mquery[0m[2m=[0mUNWIND $rows AS row
		 MATCH (c:Customer {customerID: row.customerID})
		 CREATE (o:Order {orderID: row.orderID, shipCity: row.shipCity, shipCountry: row.shipCountry,
		                  orderDate: row.orderDate, notes: row.notes})
		 CREATE (c)-[:PURCHASED]->(o) [3mfields[0m[2m=[0m[]
[2m2026-09-04T07:51:56.426056Z[0m [32m INFO[0m bolt message received [3mevent_id[0m[2m=[0m"bolt.log.run" [3msignature[0m[2m=[0m"0x3F"
[2m2026-09-04T07:51:56.426073Z[0m [32m INFO[0m bolt sending responses [3mevent_id[0m[2m=[0m"bolt.log.run" [3mresponse_count[0m[2m=[0m2 [3mresponse_bytes[0m[2m=[0m165 [3mtransport[0m[2m=[0m"tcp"
[2m2026-09-04T07:51:56.426718Z[0m [32m INFO[0m bolt message received [3mevent_id[0m[2m=[0m"bolt.log.run" [3msignature[0m[2m=[0m"0x10"
[2m2026-09-04T07:51:56.441921Z[0m [32m INFO[0m [1mnornicdb.bolt.run[0m:[1mnornicdb.cypher.execute[0m: query phase breakdown [3mquery_hash[0m[2m=[0m11062239224005149050 [3mphase_parse_cache_us[0m[2m=[0m2 [3mphase_compliance_us[0m[2m=[0m1 [3mphase_pattern_us[0m[2m=[0m35 [3mphase_eval_us[0m[2m=[0m61576 [3mphase_audit_us[0m[2m=[0m270 [3mphase_total_us[0m[2m=[0m61884 [2m[3mdb.system[0m[2m=[0m"neo4j"[0m [2m[3mdb.operation.name[0m[2m=[0m"read"[0m
[2m2026-09-04T07:51:56.442249Z[0m [32m INFO[0m bolt RUN executed [3mevent_id[0m[2m=[0m"bolt.log.query" [3mquery[0m[2m=[0mUNWIND $rows AS row
		 MATCH (c:Customer {customerID: row.customerID})
		 CREATE (o:Order {orderID: row.orderID, shipCity: row.shipCity, shipCountry: row.shipCountry,
		                  orderDate: row.orderDate, notes: row.notes})
		 CREATE (c)-[:PURCHASED]->(o) [3mfields[0m[2m=[0m[]
[2m2026-09-04T07:51:56.442452Z[0m [32m INFO[0m bolt message received [3mevent_id[0m[2m=[0m"bolt.log.run" [3msignature[0m[2m=[0m"0x3F"
[2m2026-09-04T07:51:56.442462Z[0m [32m INFO[0m bolt sending responses [3mevent_id[0m[2m=[0m"bolt.log.run" [3mresponse_count[0m[2m=[0m2 [3mresponse_bytes[0m[2m=[0m165 [3mtransport[0m[2m=[0m"tcp"
[2m2026-09-04T07:51:56.443209Z[0m [32m INFO[0m bolt message received [3mevent_id[0m[2m=[0m"bolt.log.run" [3msignature[0m[2m=[0m"0x10"
[2m2026-09-04T07:51:56.457944Z[0m [32m INFO[0m [1mnornicdb.bolt.run[0m:[1mnornicdb.cypher.execute[0m: query phase breakdown [3mquery_hash[0m[2m=[0m11062239224005149050 [3mphase_parse_cache_us[0m[2m=[0m2 [3mphase_compliance_us[0m[2m=[0m1 [3mphase_pattern_us[0m[2m=[0m26 [3mphase_eval_us[0m[2m=[0m62766 [3mphase_audit_us[0m[2m=[0m246 [3mphase_total_us[0m[2m=[0m63041 [2m[3mdb.system[0m[2m=[0m"neo4j"[0m [2m[3mdb.operation.name[0m[2m=[0m"read"[0m
[2m2026-09-04T07:51:56.458286Z[0m [32m INFO[0m bolt RUN executed [3mevent_id[0m[2m=[0m"bolt.log.query" [3mquery[0m[2m=[0mUNWIND $rows AS row
		 MATCH (c:Customer {customerID: row.customerID})
		 CREATE (o:Order {orderID: row.orderID, shipCity: row.shipCity, shipCountry: row.shipCountry,
		                  orderDate: row.orderDate, notes: row.notes})
		 CREATE (c)-[:PURCHASED]->(o) [3mfields[0m[2m=[0m[]
[2m2026-09-04T07:51:56.458501Z[0m [32m INFO[0m bolt message received [3mevent_id[0m[2m=[0m"bolt.log.run" [3msignature[0m[2m=[0m"0x3F"
[2m2026-09-04T07:51:56.458511Z[0m [32m INFO[0m bolt sending responses [3mevent_id[0m[2m=[0m"bolt.log.run" [3mresponse_count[0m[2m=[0m2 [3mresponse_bytes[0m[2m=[0m165 [3mtransport[0m[2m=[0m"tcp"
[2m2026-09-04T07:51:56.459274Z[0m [32m INFO[0m bolt message received [3mevent_id[0m[2m=[0m"bolt.log.run" [3msignature[0m[2m=[0m"0x10"
[2m2026-09-04T07:51:56.475361Z[0m [32m INFO[0m [1mnornicdb.bolt.run[0m:[1mnornicdb.cypher.execute[0m: query phase breakdown [3mquery_hash[0m[2m=[0m11062239224005149050 [3mphase_parse_cache_us[0m[2m=[0m3 [3mphase_compliance_us[0m[2m=[0m1 [3mphase_pattern_us[0m[2m=[0m28 [3mphase_eval_us[0m[2m=[0m64365 [3mphase_audit_us[0m[2m=[0m238 [3mphase_total_us[0m[2m=[0m64635 [2m[3mdb.system[0m[2m=[0m"neo4j"[0m [2m[3mdb.operation.name[0m[2m=[0m"read"[0m
[2m2026-09-04T07:51:56.475714Z[0m [32m INFO[0m bolt RUN executed [3mevent_id[0m[2m=[0m"bolt.log.query" [3mquery[0m[2m=[0mUNWIND $rows AS row
		 MATCH (c:Customer {customerID: row.customerID})
		 CREATE (o:Order {orderID: row.orderID, shipCity: row.shipCity, shipCountry: row.shipCountry,
		                  orderDate: row.orderDate, notes: row.notes})
		 CREATE (c)-[:PURCHASED]->(o) [3mfields[0m[2m=[0m[]
[2m2026-09-04T07:51:56.475948Z[0m [32m INFO[0m bolt message received [3mevent_id[0m[2m=[0m"bolt.log.run" [3msignature[0m[2m=[0m"0x3F"
[2m2026-09-04T07:51:56.475964Z[0m [32m INFO[0m bolt sending responses [3mevent_id[0m[2m=[0m"bolt.log.run" [3mresponse_count[0m[2m=[0m2 [3mresponse_bytes[0m[2m=[0m165 [3mtransport[0m[2m=[0m"tcp"
[2m2026-09-04T07:51:56.476619Z[0m [32m INFO[0m bolt message received [3mevent_id[0m[2m=[0m"bolt.log.run" [3msignature[0m[2m=[0m"0x10"
[2m2026-09-04T07:51:56.492287Z[0m [32m INFO[0m [1mnornicdb.bolt.run[0m:[1mnornicdb.cypher.execute[0m: query phase breakdown [3mquery_hash[0m[2m=[0m11062239224005149050 [3mphase_parse_cache_us[0m[2m=[0m3 [3mphase_compliance_us[0m[2m=[0m1 [3mphase_pattern_us[0m[2m=[0m27 [3mphase_eval_us[0m[2m=[0m65003 [3mphase_audit_us[0m[2m=[0m281 [3mphase_total_us[0m[2m=[0m65315 [2m[3mdb.system[0m[2m=[0m"neo4j"[0m [2m[3mdb.operation.name[0m[2m=[0m"read"[0m
[2m2026-09-04T07:51:56.492614Z[0m [32m INFO[0m bolt RUN executed [3mevent_id[0m[2m=[0m"bolt.log.query" [3mquery[0m[2m=[0mUNWIND $rows AS row
		 MATCH (c:Customer {customerID: row.customerID})
		 CREATE (o:Order {orderID: row.orderID, shipCity: row.shipCity, shipCountry: row.shipCountry,
		                  orderDate: row.orderDate, notes: row.notes})
		 CREATE (c)-[:PURCHASED]->(o) [3mfields[0m[2m=[0m[]
[2m2026-09-04T07:51:56.492798Z[0m [32m INFO[0m bolt message received [3mevent_id[0m[2m=[0m"bolt.log.run" [3msignature[0m[2m=[0m"0x3F"
[2m2026-09-04T07:51:56.492806Z[0m [32m INFO[0m bolt sending responses [3mevent_id[0m[2m=[0m"bolt.log.run" [3mresponse_count[0m[2m=[0m2 [3mresponse_bytes[0m[2m=[0m165 [3mtransport[0m[2m=[0m"tcp"
[2m2026-09-04T07:51:56.493422Z[0m [32m INFO[0m bolt message received [3mevent_id[0m[2m=[0m"bolt.log.run" [3msignature[0m[2m=[0m"0x10"
[2m2026-09-04T07:51:56.508998Z[0m [32m INFO[0m [1mnornicdb.bolt.run[0m:[1mnornicdb.cypher.execute[0m: query phase breakdown [3mquery_hash[0m[2m=[0m11062239224005149050 [3mphase_parse_cache_us[0m[2m=[0m4 [3mphase_compliance_us[0m[2m=[0m2 [3mphase_pattern_us[0m[2m=[0m26 [3mphase_eval_us[0m[2m=[0m65210 [3mphase_audit_us[0m[2m=[0m260 [3mphase_total_us[0m[2m=[0m65502 [2m[3mdb.system[0m[2m=[0m"neo4j"[0m [2m[3mdb.operation.name[0m[2m=[0m"read"[0m
[2m2026-09-04T07:51:56.509388Z[0m [32m INFO[0m bolt RUN executed [3mevent_id[0m[2m=[0m"bolt.log.query" [3mquery[0m[2m=[0mUNWIND $rows AS row
		 MATCH (c:Customer {customerID: row.customerID})
		 CREATE (o:Order {orderID: row.orderID, shipCity: row.shipCity, shipCountry: row.shipCountry,
		                  orderDate: row.orderDate, notes: row.notes})
		 CREATE (c)-[:PURCHASED]->(o) [3mfields[0m[2m=[0m[]
[2m2026-09-04T07:51:56.509615Z[0m [32m INFO[0m bolt message received [3mevent_id[0m[2m=[0m"bolt.log.run" [3msignature[0m[2m=[0m"0x3F"
[2m2026-09-04T07:51:56.509625Z[0m [32m INFO[0m bolt sending responses [3mevent_id[0m[2m=[0m"bolt.log.run" [3mresponse_count[0m[2m=[0m2 [3mresponse_bytes[0m[2m=[0m165 [3mtransport[0m[2m=[0m"tcp"
[2m2026-09-04T07:51:56.510315Z[0m [32m INFO[0m bolt message received [3mevent_id[0m[2m=[0m"bolt.log.run" [3msignature[0m[2m=[0m"0x10"
[2m2026-09-04T07:51:56.525497Z[0m [32m INFO[0m [1mnornicdb.bolt.run[0m:[1mnornicdb.cypher.execute[0m: query phase breakdown [3mquery_hash[0m[2m=[0m11062239224005149050 [3mphase_parse_cache_us[0m[2m=[0m4 [3mphase_compliance_us[0m[2m=[0m2 [3mphase_pattern_us[0m[2m=[0m30 [3mphase_eval_us[0m[2m=[0m65605 [3mphase_audit_us[0m[2m=[0m263 [3mphase_total_us[0m[2m=[0m65904 [2m[3mdb.system[0m[2m=[0m"neo4j"[0m [2m[3mdb.operation.name[0m[2m=[0m"read"[0m
[2m2026-09-04T07:51:56.525830Z[0m [32m INFO[0m bolt RUN executed [3mevent_id[0m[2m=[0m"bolt.log.query" [3mquery[0m[2m=[0mUNWIND $rows AS row
		 MATCH (c:Customer {customerID: row.customerID})
		 CREATE (o:Order {orderID: row.orderID, shipCity: row.shipCity, shipCountry: row.shipCountry,
		                  orderDate: row.orderDate, notes: row.notes})
		 CREATE (c)-[:PURCHASED]->(o) [3mfields[0m[2m=[0m[]
[2m2026-09-04T07:51:56.526012Z[0m [32m INFO[0m bolt message received [3mevent_id[0m[2m=[0m"bolt.log.run" [3msignature[0m[2m=[0m"0x3F"
[2m2026-09-04T07:51:56.526023Z[0m [32m INFO[0m bolt sending responses [3mevent_id[0m[2m=[0m"bolt.log.run" [3mresponse_count[0m[2m=[0m2 [3mresponse_bytes[0m[2m=[0m165 [3mtransport[0m[2m=[0m"tcp"
[2m2026-09-04T07:51:56.526667Z[0m [32m INFO[0m bolt message received [3mevent_id[0m[2m=[0m"bolt.log.run" [3msignature[0m[2m=[0m"0x10"
[2m2026-09-04T07:51:56.541747Z[0m [32m INFO[0m [1mnornicdb.bolt.run[0m:[1mnornicdb.cypher.execute[0m: query phase breakdown [3mquery_hash[0m[2m=[0m11062239224005149050 [3mphase_parse_cache_us[0m[2m=[0m4 [3mphase_compliance_us[0m[2m=[0m2 [3mphase_pattern_us[0m[2m=[0m29 [3mphase_eval_us[0m[2m=[0m64494 [3mphase_audit_us[0m[2m=[0m324 [3mphase_total_us[0m[2m=[0m64853 [2m[3mdb.system[0m[2m=[0m"neo4j"[0m [2m[3mdb.operation.name[0m[2m=[0m"read"[0m
[2m2026-09-04T07:51:56.542040Z[0m [32m INFO[0m bolt RUN executed [3mevent_id[0m[2m=[0m"bolt.log.query" [3mquery[0m[2m=[0mUNWIND $rows AS row
		 MATCH (c:Customer {customerID: row.customerID})
		 CREATE (o:Order {orderID: row.orderID, shipCity: row.shipCity, shipCountry: row.shipCountry,
		                  orderDate: row.orderDate, notes: row.notes})
		 CREATE (c)-[:PURCHASED]->(o) [3mfields[0m[2m=[0m[]
[2m2026-09-04T07:51:56.542228Z[0m [32m INFO[0m bolt message received [3mevent_id[0m[2m=[0m"bolt.log.run" [3msignature[0m[2m=[0m"0x3F"
[2m2026-09-04T07:51:56.542237Z[0m [32m INFO[0m bolt sending responses [3mevent_id[0m[2m=[0m"bolt.log.run" [3mresponse_count[0m[2m=[0m2 [3mresponse_bytes[0m[2m=[0m165 [3mtransport[0m[2m=[0m"tcp"
[2m2026-09-04T07:51:56.542862Z[0m [32m INFO[0m bolt message received [3mevent_id[0m[2m=[0m"bolt.log.run" [3msignature[0m[2m=[0m"0x10"
[2m2026-09-04T07:51:56.558299Z[0m [32m INFO[0m [1mnornicdb.bolt.run[0m:[1mnornicdb.cypher.execute[0m: query phase breakdown [3mquery_hash[0m[2m=[0m11062239224005149050 [3mphase_parse_cache_us[0m[2m=[0m3 [3mphase_compliance_us[0m[2m=[0m1 [3mphase_pattern_us[0m[2m=[0m28 [3mphase_eval_us[0m[2m=[0m64317 [3mphase_audit_us[0m[2m=[0m246 [3mphase_total_us[0m[2m=[0m64595 [2m[3mdb.system[0m[2m=[0m"neo4j"[0m [2m[3mdb.operation.name[0m[2m=[0m"read"[0m
[2m2026-09-04T07:51:56.558617Z[0m [32m INFO[0m bolt RUN executed [3mevent_id[0m[2m=[0m"bolt.log.query" [3mquery[0m[2m=[0mUNWIND $rows AS row
		 MATCH (c:Customer {customerID: row.customerID})
		 CREATE (o:Order {orderID: row.orderID, shipCity: row.shipCity, shipCountry: row.shipCountry,
		                  orderDate: row.orderDate, notes: row.notes})
		 CREATE (c)-[:PURCHASED]->(o) [3mfields[0m[2m=[0m[]
[2m2026-09-04T07:51:56.558808Z[0m [32m INFO[0m bolt message received [3mevent_id[0m[2m=[0m"bolt.log.run" [3msignature[0m[2m=[0m"0x3F"
[2m2026-09-04T07:51:56.558818Z[0m [32m INFO[0m bolt sending responses [3mevent_id[0m[2m=[0m"bolt.log.run" [3mresponse_count[0m[2m=[0m2 [3mresponse_bytes[0m[2m=[0m165 [3mtransport[0m[2m=[0m"tcp"
[2m2026-09-04T07:51:56.559483Z[0m [32m INFO[0m bolt message received [3mevent_id[0m[2m=[0m"bolt.log.run" [3msignature[0m[2m=[0m"0x10"
[2m2026-09-04T07:51:56.583711Z[0m [32m INFO[0m [1mnornicdb.bolt.run[0m:[1mnornicdb.cypher.execute[0m: query phase breakdown [3mquery_hash[0m[2m=[0m11062239224005149050 [3mphase_parse_cache_us[0m[2m=[0m3 [3mphase_compliance_us[0m[2m=[0m2 [3mphase_pattern_us[0m[2m=[0m30 [3mphase_eval_us[0m[2m=[0m72849 [3mphase_audit_us[0m[2m=[0m248 [3mphase_total_us[0m[2m=[0m73132 [2m[3mdb.system[0m[2m=[0m"neo4j"[0m [2m[3mdb.operation.name[0m[2m=[0m"read"[0m
[2m2026-09-04T07:51:56.584044Z[0m [32m INFO[0m bolt RUN executed [3mevent_id[0m[2m=[0m"bolt.log.query" [3mquery[0m[2m=[0mUNWIND $rows AS row
		 MATCH (c:Customer {customerID: row.customerID})
		 CREATE (o:Order {orderID: row.orderID, shipCity: row.shipCity, shipCountry: row.shipCountry,
		                  orderDate: row.orderDate, notes: row.notes})
		 CREATE (c)-[:PURCHASED]->(o) [3mfields[0m[2m=[0m[]
[2m2026-09-04T07:51:56.584256Z[0m [32m INFO[0m bolt message received [3mevent_id[0m[2m=[0m"bolt.log.run" [3msignature[0m[2m=[0m"0x3F"
[2m2026-09-04T07:51:56.584267Z[0m [32m INFO[0m bolt sending responses [3mevent_id[0m[2m=[0m"bolt.log.run" [3mresponse_count[0m[2m=[0m2 [3mresponse_bytes[0m[2m=[0m165 [3mtransport[0m[2m=[0m"tcp"
[2m2026-09-04T07:51:56.584889Z[0m [32m INFO[0m bolt message received [3mevent_id[0m[2m=[0m"bolt.log.run" [3msignature[0m[2m=[0m"0x10"
[2m2026-09-04T07:51:56.599127Z[0m [32m INFO[0m [1mnornicdb.bolt.run[0m:[1mnornicdb.cypher.execute[0m: query phase breakdown [3mquery_hash[0m[2m=[0m11062239224005149050 [3mphase_parse_cache_us[0m[2m=[0m2 [3mphase_compliance_us[0m[2m=[0m1 [3mphase_pattern_us[0m[2m=[0m28 [3mphase_eval_us[0m[2m=[0m71903 [3mphase_audit_us[0m[2m=[0m237 [3mphase_total_us[0m[2m=[0m72171 [2m[3mdb.system[0m[2m=[0m"neo4j"[0m [2m[3mdb.operation.name[0m[2m=[0m"read"[0m
[2m2026-09-04T07:51:56.599457Z[0m [32m INFO[0m bolt RUN executed [3mevent_id[0m[2m=[0m"bolt.log.query" [3mquery[0m[2m=[0mUNWIND $rows AS row
		 MATCH (c:Customer {customerID: row.customerID})
		 CREATE (o:Order {orderID: row.orderID, shipCity: row.shipCity, shipCountry: row.shipCountry,
		                  orderDate: row.orderDate, notes: row.notes})
		 CREATE (c)-[:PURCHASED]->(o) [3mfields[0m[2m=[0m[]
[2m2026-09-04T07:51:56.599660Z[0m [32m INFO[0m bolt message received [3mevent_id[0m[2m=[0m"bolt.log.run" [3msignature[0m[2m=[0m"0x3F"
[2m2026-09-04T07:51:56.599669Z[0m [32m INFO[0m bolt sending responses [3mevent_id[0m[2m=[0m"bolt.log.run" [3mresponse_count[0m[2m=[0m2 [3mresponse_bytes[0m[2m=[0m165 [3mtransport[0m[2m=[0m"tcp"
[2m2026-09-04T07:51:56.600291Z[0m [32m INFO[0m bolt message received [3mevent_id[0m[2m=[0m"bolt.log.run" [3msignature[0m[2m=[0m"0x10"
[2m2026-09-04T07:51:56.614810Z[0m [32m INFO[0m [1mnornicdb.bolt.run[0m:[1mnornicdb.cypher.execute[0m: query phase breakdown [3mquery_hash[0m[2m=[0m11062239224005149050 [3mphase_parse_cache_us[0m[2m=[0m3 [3mphase_compliance_us[0m[2m=[0m1 [3mphase_pattern_us[0m[2m=[0m28 [3mphase_eval_us[0m[2m=[0m71444 [3mphase_audit_us[0m[2m=[0m225 [3mphase_total_us[0m[2m=[0m71701 [2m[3mdb.system[0m[2m=[0m"neo4j"[0m [2m[3mdb.operation.name[0m[2m=[0m"read"[0m
[2m2026-09-04T07:51:56.615107Z[0m [32m INFO[0m bolt RUN executed [3mevent_id[0m[2m=[0m"bolt.log.query" [3mquery[0m[2m=[0mUNWIND $rows AS row
		 MATCH (c:Customer {customerID: row.customerID})
		 CREATE (o:Order {orderID: row.orderID, shipCity: row.shipCity, shipCountry: row.shipCountry,
		                  orderDate: row.orderDate, notes: row.notes})
		 CREATE (c)-[:PURCHASED]->(o) [3mfields[0m[2m=[0m[]
[2m2026-09-04T07:51:56.615308Z[0m [32m INFO[0m bolt message received [3mevent_id[0m[2m=[0m"bolt.log.run" [3msignature[0m[2m=[0m"0x3F"
[2m2026-09-04T07:51:56.615318Z[0m [32m INFO[0m bolt sending responses [3mevent_id[0m[2m=[0m"bolt.log.run" [3mresponse_count[0m[2m=[0m2 [3mresponse_bytes[0m[2m=[0m165 [3mtransport[0m[2m=[0m"tcp"
[2m2026-09-04T07:51:56.615935Z[0m [32m INFO[0m bolt message received [3mevent_id[0m[2m=[0m"bolt.log.run" [3msignature[0m[2m=[0m"0x10"
[2m2026-09-04T07:51:56.631488Z[0m [32m INFO[0m [1mnornicdb.bolt.run[0m:[1mnornicdb.cypher.execute[0m: query phase breakdown [3mquery_hash[0m[2m=[0m11062239224005149050 [3mphase_parse_cache_us[0m[2m=[0m3 [3mphase_compliance_us[0m[2m=[0m1 [3mphase_pattern_us[0m[2m=[0m27 [3mphase_eval_us[0m[2m=[0m71415 [3mphase_audit_us[0m[2m=[0m286 [3mphase_total_us[0m[2m=[0m71732 [2m[3mdb.system[0m[2m=[0m"neo4j"[0m [2m[3mdb.operation.name[0m[2m=[0m"read"[0m
[2m2026-09-04T07:51:56.631909Z[0m [32m INFO[0m bolt RUN executed [3mevent_id[0m[2m=[0m"bolt.log.query" [3mquery[0m[2m=[0mUNWIND $rows AS row
		 MATCH (c:Customer {customerID: row.customerID})
		 CREATE (o:Order {orderID: row.orderID, shipCity: row.shipCity, shipCountry: row.shipCountry,
		                  orderDate: row.orderDate, notes: row.notes})
		 CREATE (c)-[:PURCHASED]->(o) [3mfields[0m[2m=[0m[]
[2m2026-09-04T07:51:56.632141Z[0m [32m INFO[0m bolt message received [3mevent_id[0m[2m=[0m"bolt.log.run" [3msignature[0m[2m=[0m"0x3F"
[2m2026-09-04T07:51:56.632153Z[0m [32m INFO[0m bolt sending responses [3mevent_id[0m[2m=[0m"bolt.log.run" [3mresponse_count[0m[2m=[0m2 [3mresponse_bytes[0m[2m=[0m165 [3mtransport[0m[2m=[0m"tcp"
[2m2026-09-04T07:51:56.632849Z[0m [32m INFO[0m bolt message received [3mevent_id[0m[2m=[0m"bolt.log.run" [3msignature[0m[2m=[0m"0x10"
[2m2026-09-04T07:51:56.648848Z[0m [32m INFO[0m [1mnornicdb.bolt.run[0m:[1mnornicdb.cypher.execute[0m: query phase breakdown [3mquery_hash[0m[2m=[0m11062239224005149050 [3mphase_parse_cache_us[0m[2m=[0m3 [3mphase_compliance_us[0m[2m=[0m1 [3mphase_pattern_us[0m[2m=[0m27 [3mphase_eval_us[0m[2m=[0m63397 [3mphase_audit_us[0m[2m=[0m289 [3mphase_total_us[0m[2m=[0m63717 [2m[3mdb.system[0m[2m=[0m"neo4j"[0m [2m[3mdb.operation.name[0m[2m=[0m"read"[0m
[2m2026-09-04T07:51:56.649263Z[0m [32m INFO[0m bolt RUN executed [3mevent_id[0m[2m=[0m"bolt.log.query" [3mquery[0m[2m=[0mUNWIND $rows AS row
		 MATCH (c:Customer {customerID: row.customerID})
		 CREATE (o:Order {orderID: row.orderID, shipCity: row.shipCity, shipCountry: row.shipCountry,
		                  orderDate: row.orderDate, notes: row.notes})
		 CREATE (c)-[:PURCHASED]->(o) [3mfields[0m[2m=[0m[]
[2m2026-09-04T07:51:56.649468Z[0m [32m INFO[0m bolt message received [3mevent_id[0m[2m=[0m"bolt.log.run" [3msignature[0m[2m=[0m"0x3F"
[2m2026-09-04T07:51:56.649478Z[0m [32m INFO[0m bolt sending responses [3mevent_id[0m[2m=[0m"bolt.log.run" [3mresponse_count[0m[2m=[0m2 [3mresponse_bytes[0m[2m=[0m165 [3mtransport[0m[2m=[0m"tcp"
[2m2026-09-04T07:51:56.650095Z[0m [32m INFO[0m bolt message received [3mevent_id[0m[2m=[0m"bolt.log.run" [3msignature[0m[2m=[0m"0x10"
[2m2026-09-04T07:51:56.665563Z[0m [32m INFO[0m [1mnornicdb.bolt.run[0m:[1mnornicdb.cypher.execute[0m: query phase breakdown [3mquery_hash[0m[2m=[0m11062239224005149050 [3mphase_parse_cache_us[0m[2m=[0m2 [3mphase_compliance_us[0m[2m=[0m1 [3mphase_pattern_us[0m[2m=[0m31 [3mphase_eval_us[0m[2m=[0m64684 [3mphase_audit_us[0m[2m=[0m250 [3mphase_total_us[0m[2m=[0m64968 [2m[3mdb.system[0m[2m=[0m"neo4j"[0m [2m[3mdb.operation.name[0m[2m=[0m"read"[0m
[2m2026-09-04T07:51:56.665902Z[0m [32m INFO[0m bolt RUN executed [3mevent_id[0m[2m=[0m"bolt.log.query" [3mquery[0m[2m=[0mUNWIND $rows AS row
		 MATCH (c:Customer {customerID: row.customerID})
		 CREATE (o:Order {orderID: row.orderID, shipCity: row.shipCity, shipCountry: row.shipCountry,
		                  orderDate: row.orderDate, notes: row.notes})
		 CREATE (c)-[:PURCHASED]->(o) [3mfields[0m[2m=[0m[]
[2m2026-09-04T07:51:56.666092Z[0m [32m INFO[0m bolt message received [3mevent_id[0m[2m=[0m"bolt.log.run" [3msignature[0m[2m=[0m"0x3F"
[2m2026-09-04T07:51:56.666103Z[0m [32m INFO[0m bolt sending responses [3mevent_id[0m[2m=[0m"bolt.log.run" [3mresponse_count[0m[2m=[0m2 [3mresponse_bytes[0m[2m=[0m165 [3mtransport[0m[2m=[0m"tcp"
[2m2026-09-04T07:51:56.666830Z[0m [32m INFO[0m bolt message received [3mevent_id[0m[2m=[0m"bolt.log.run" [3msignature[0m[2m=[0m"0x10"
[2m2026-09-04T07:51:56.682153Z[0m [32m INFO[0m [1mnornicdb.bolt.run[0m:[1mnornicdb.cypher.execute[0m: query phase breakdown [3mquery_hash[0m[2m=[0m11062239224005149050 [3mphase_parse_cache_us[0m[2m=[0m3 [3mphase_compliance_us[0m[2m=[0m1 [3mphase_pattern_us[0m[2m=[0m28 [3mphase_eval_us[0m[2m=[0m65707 [3mphase_audit_us[0m[2m=[0m232 [3mphase_total_us[0m[2m=[0m65971 [2m[3mdb.system[0m[2m=[0m"neo4j"[0m [2m[3mdb.operation.name[0m[2m=[0m"read"[0m
[2m2026-09-04T07:51:56.682481Z[0m [32m INFO[0m bolt RUN executed [3mevent_id[0m[2m=[0m"bolt.log.query" [3mquery[0m[2m=[0mUNWIND $rows AS row
		 MATCH (c:Customer {customerID: row.customerID})
		 CREATE (o:Order {orderID: row.orderID, shipCity: row.shipCity, shipCountry: row.shipCountry,
		                  orderDate: row.orderDate, notes: row.notes})
		 CREATE (c)-[:PURCHASED]->(o) [3mfields[0m[2m=[0m[]
[2m2026-09-04T07:51:56.682700Z[0m [32m INFO[0m bolt message received [3mevent_id[0m[2m=[0m"bolt.log.run" [3msignature[0m[2m=[0m"0x3F"
[2m2026-09-04T07:51:56.682711Z[0m [32m INFO[0m bolt sending responses [3mevent_id[0m[2m=[0m"bolt.log.run" [3mresponse_count[0m[2m=[0m2 [3mresponse_bytes[0m[2m=[0m165 [3mtransport[0m[2m=[0m"tcp"
[2m2026-09-04T07:51:56.683338Z[0m [32m INFO[0m bolt message received [3mevent_id[0m[2m=[0m"bolt.log.run" [3msignature[0m[2m=[0m"0x10"
[2m2026-09-04T07:51:56.698506Z[0m [32m INFO[0m [1mnornicdb.bolt.run[0m:[1mnornicdb.cypher.execute[0m: query phase breakdown [3mquery_hash[0m[2m=[0m11062239224005149050 [3mphase_parse_cache_us[0m[2m=[0m4 [3mphase_compliance_us[0m[2m=[0m2 [3mphase_pattern_us[0m[2m=[0m28 [3mphase_eval_us[0m[2m=[0m65016 [3mphase_audit_us[0m[2m=[0m307 [3mphase_total_us[0m[2m=[0m65357 [2m[3mdb.system[0m[2m=[0m"neo4j"[0m [2m[3mdb.operation.name[0m[2m=[0m"read"[0m
[2m2026-09-04T07:51:56.698828Z[0m [32m INFO[0m bolt RUN executed [3mevent_id[0m[2m=[0m"bolt.log.query" [3mquery[0m[2m=[0mUNWIND $rows AS row
		 MATCH (c:Customer {customerID: row.customerID})
		 CREATE (o:Order {orderID: row.orderID, shipCity: row.shipCity, shipCountry: row.shipCountry,
		                  orderDate: row.orderDate, notes: row.notes})
		 CREATE (c)-[:PURCHASED]->(o) [3mfields[0m[2m=[0m[]
[2m2026-09-04T07:51:56.699026Z[0m [32m INFO[0m bolt message received [3mevent_id[0m[2m=[0m"bolt.log.run" [3msignature[0m[2m=[0m"0x3F"
[2m2026-09-04T07:51:56.699034Z[0m [32m INFO[0m bolt sending responses [3mevent_id[0m[2m=[0m"bolt.log.run" [3mresponse_count[0m[2m=[0m2 [3mresponse_bytes[0m[2m=[0m165 [3mtransport[0m[2m=[0m"tcp"
[2m2026-09-04T07:51:56.699653Z[0m [32m INFO[0m bolt message received [3mevent_id[0m[2m=[0m"bolt.log.run" [3msignature[0m[2m=[0m"0x10"
[2m2026-09-04T07:51:56.714851Z[0m [32m INFO[0m [1mnornicdb.bolt.run[0m:[1mnornicdb.cypher.execute[0m: query phase breakdown [3mquery_hash[0m[2m=[0m11062239224005149050 [3mphase_parse_cache_us[0m[2m=[0m3 [3mphase_compliance_us[0m[2m=[0m1 [3mphase_pattern_us[0m[2m=[0m27 [3mphase_eval_us[0m[2m=[0m64098 [3mphase_audit_us[0m[2m=[0m298 [3mphase_total_us[0m[2m=[0m64427 [2m[3mdb.system[0m[2m=[0m"neo4j"[0m [2m[3mdb.operation.name[0m[2m=[0m"read"[0m
[2m2026-09-04T07:51:56.715187Z[0m [32m INFO[0m bolt RUN executed [3mevent_id[0m[2m=[0m"bolt.log.query" [3mquery[0m[2m=[0mUNWIND $rows AS row
		 MATCH (c:Customer {customerID: row.customerID})
		 CREATE (o:Order {orderID: row.orderID, shipCity: row.shipCity, shipCountry: row.shipCountry,
		                  orderDate: row.orderDate, notes: row.notes})
		 CREATE (c)-[:PURCHASED]->(o) [3mfields[0m[2m=[0m[]
[2m2026-09-04T07:51:56.715383Z[0m [32m INFO[0m bolt message received [3mevent_id[0m[2m=[0m"bolt.log.run" [3msignature[0m[2m=[0m"0x3F"
[2m2026-09-04T07:51:56.715391Z[0m [32m INFO[0m bolt sending responses [3mevent_id[0m[2m=[0m"bolt.log.run" [3mresponse_count[0m[2m=[0m2 [3mresponse_bytes[0m[2m=[0m165 [3mtransport[0m[2m=[0m"tcp"
[2m2026-09-04T07:51:56.716090Z[0m [32m INFO[0m bolt message received [3mevent_id[0m[2m=[0m"bolt.log.run" [3msignature[0m[2m=[0m"0x10"
[2m2026-09-04T07:51:56.731855Z[0m [32m INFO[0m [1mnornicdb.bolt.run[0m:[1mnornicdb.cypher.execute[0m: query phase breakdown [3mquery_hash[0m[2m=[0m11062239224005149050 [3mphase_parse_cache_us[0m[2m=[0m4 [3mphase_compliance_us[0m[2m=[0m1 [3mphase_pattern_us[0m[2m=[0m31 [3mphase_eval_us[0m[2m=[0m64371 [3mphase_audit_us[0m[2m=[0m274 [3mphase_total_us[0m[2m=[0m64681 [2m[3mdb.system[0m[2m=[0m"neo4j"[0m [2m[3mdb.operation.name[0m[2m=[0m"read"[0m
[2m2026-09-04T07:51:56.732200Z[0m [32m INFO[0m bolt RUN executed [3mevent_id[0m[2m=[0m"bolt.log.query" [3mquery[0m[2m=[0mUNWIND $rows AS row
		 MATCH (c:Customer {customerID: row.customerID})
		 CREATE (o:Order {orderID: row.orderID, shipCity: row.shipCity, shipCountry: row.shipCountry,
		                  orderDate: row.orderDate, notes: row.notes})
		 CREATE (c)-[:PURCHASED]->(o) [3mfields[0m[2m=[0m[]
[2m2026-09-04T07:51:56.732404Z[0m [32m INFO[0m bolt message received [3mevent_id[0m[2m=[0m"bolt.log.run" [3msignature[0m[2m=[0m"0x3F"
[2m2026-09-04T07:51:56.732414Z[0m [32m INFO[0m bolt sending responses [3mevent_id[0m[2m=[0m"bolt.log.run" [3mresponse_count[0m[2m=[0m2 [3mresponse_bytes[0m[2m=[0m165 [3mtransport[0m[2m=[0m"tcp"
[2m2026-09-04T07:51:56.733057Z[0m [32m INFO[0m bolt message received [3mevent_id[0m[2m=[0m"bolt.log.run" [3msignature[0m[2m=[0m"0x10"
[2m2026-09-04T07:51:56.748261Z[0m [32m INFO[0m [1mnornicdb.bolt.run[0m:[1mnornicdb.cypher.execute[0m: query phase breakdown [3mquery_hash[0m[2m=[0m11062239224005149050 [3mphase_parse_cache_us[0m[2m=[0m3 [3mphase_compliance_us[0m[2m=[0m1 [3mphase_pattern_us[0m[2m=[0m27 [3mphase_eval_us[0m[2m=[0m64388 [3mphase_audit_us[0m[2m=[0m237 [3mphase_total_us[0m[2m=[0m64656 [2m[3mdb.system[0m[2m=[0m"neo4j"[0m [2m[3mdb.operation.name[0m[2m=[0m"read"[0m
[2m2026-09-04T07:51:56.748564Z[0m [32m INFO[0m bolt RUN executed [3mevent_id[0m[2m=[0m"bolt.log.query" [3mquery[0m[2m=[0mUNWIND $rows AS row
		 MATCH (c:Customer {customerID: row.customerID})
		 CREATE (o:Order {orderID: row.orderID, shipCity: row.shipCity, shipCountry: row.shipCountry,
		                  orderDate: row.orderDate, notes: row.notes})
		 CREATE (c)-[:PURCHASED]->(o) [3mfields[0m[2m=[0m[]
[2m2026-09-04T07:51:56.748782Z[0m [32m INFO[0m bolt message received [3mevent_id[0m[2m=[0m"bolt.log.run" [3msignature[0m[2m=[0m"0x3F"
[2m2026-09-04T07:51:56.748791Z[0m [32m INFO[0m bolt sending responses [3mevent_id[0m[2m=[0m"bolt.log.run" [3mresponse_count[0m[2m=[0m2 [3mresponse_bytes[0m[2m=[0m165 [3mtransport[0m[2m=[0m"tcp"
[2m2026-09-04T07:51:56.749398Z[0m [32m INFO[0m bolt message received [3mevent_id[0m[2m=[0m"bolt.log.run" [3msignature[0m[2m=[0m"0x10"
[2m2026-09-04T07:51:56.764418Z[0m [32m INFO[0m [1mnornicdb.bolt.run[0m:[1mnornicdb.cypher.execute[0m: query phase breakdown [3mquery_hash[0m[2m=[0m11062239224005149050 [3mphase_parse_cache_us[0m[2m=[0m2 [3mphase_compliance_us[0m[2m=[0m1 [3mphase_pattern_us[0m[2m=[0m28 [3mphase_eval_us[0m[2m=[0m64156 [3mphase_audit_us[0m[2m=[0m297 [3mphase_total_us[0m[2m=[0m64484 [2m[3mdb.system[0m[2m=[0m"neo4j"[0m [2m[3mdb.operation.name[0m[2m=[0m"read"[0m
[2m2026-09-04T07:51:56.764786Z[0m [32m INFO[0m bolt RUN executed [3mevent_id[0m[2m=[0m"bolt.log.query" [3mquery[0m[2m=[0mUNWIND $rows AS row
		 MATCH (c:Customer {customerID: row.customerID})
		 CREATE (o:Order {orderID: row.orderID, shipCity: row.shipCity, shipCountry: row.shipCountry,
		                  orderDate: row.orderDate, notes: row.notes})
		 CREATE (c)-[:PURCHASED]->(o) [3mfields[0m[2m=[0m[]
[2m2026-09-04T07:51:56.765009Z[0m [32m INFO[0m bolt message received [3mevent_id[0m[2m=[0m"bolt.log.run" [3msignature[0m[2m=[0m"0x3F"
[2m2026-09-04T07:51:56.765022Z[0m [32m INFO[0m bolt sending responses [3mevent_id[0m[2m=[0m"bolt.log.run" [3mresponse_count[0m[2m=[0m2 [3mresponse_bytes[0m[2m=[0m165 [3mtransport[0m[2m=[0m"tcp"
[2m2026-09-04T07:51:56.765634Z[0m [32m INFO[0m bolt message received [3mevent_id[0m[2m=[0m"bolt.log.run" [3msignature[0m[2m=[0m"0x10"
[2m2026-09-04T07:51:56.781179Z[0m [32m INFO[0m [1mnornicdb.bolt.run[0m:[1mnornicdb.cypher.execute[0m: query phase breakdown [3mquery_hash[0m[2m=[0m11062239224005149050 [3mphase_parse_cache_us[0m[2m=[0m3 [3mphase_compliance_us[0m[2m=[0m1 [3mphase_pattern_us[0m[2m=[0m27 [3mphase_eval_us[0m[2m=[0m64508 [3mphase_audit_us[0m[2m=[0m229 [3mphase_total_us[0m[2m=[0m64768 [2m[3mdb.system[0m[2m=[0m"neo4j"[0m [2m[3mdb.operation.name[0m[2m=[0m"read"[0m
[2m2026-09-04T07:51:56.781446Z[0m [32m INFO[0m bolt RUN executed [3mevent_id[0m[2m=[0m"bolt.log.query" [3mquery[0m[2m=[0mUNWIND $rows AS row
		 MATCH (c:Customer {customerID: row.customerID})
		 CREATE (o:Order {orderID: row.orderID, shipCity: row.shipCity, shipCountry: row.shipCountry,
		                  orderDate: row.orderDate, notes: row.notes})
		 CREATE (c)-[:PURCHASED]->(o) [3mfields[0m[2m=[0m[]
[2m2026-09-04T07:51:56.781616Z[0m [32m INFO[0m bolt message received [3mevent_id[0m[2m=[0m"bolt.log.run" [3msignature[0m[2m=[0m"0x3F"
[2m2026-09-04T07:51:56.781623Z[0m [32m INFO[0m bolt sending responses [3mevent_id[0m[2m=[0m"bolt.log.run" [3mresponse_count[0m[2m=[0m2 [3mresponse_bytes[0m[2m=[0m165 [3mtransport[0m[2m=[0m"tcp"
[2m2026-09-04T07:51:56.782357Z[0m [32m INFO[0m bolt message received [3mevent_id[0m[2m=[0m"bolt.log.run" [3msignature[0m[2m=[0m"0x10"
[2m2026-09-04T07:51:56.798322Z[0m [32m INFO[0m [1mnornicdb.bolt.run[0m:[1mnornicdb.cypher.execute[0m: query phase breakdown [3mquery_hash[0m[2m=[0m11062239224005149050 [3mphase_parse_cache_us[0m[2m=[0m3 [3mphase_compliance_us[0m[2m=[0m1 [3mphase_pattern_us[0m[2m=[0m27 [3mphase_eval_us[0m[2m=[0m64672 [3mphase_audit_us[0m[2m=[0m284 [3mphase_total_us[0m[2m=[0m64987 [2m[3mdb.system[0m[2m=[0m"neo4j"[0m [2m[3mdb.operation.name[0m[2m=[0m"read"[0m
[2m2026-09-04T07:51:56.798656Z[0m [32m INFO[0m bolt RUN executed [3mevent_id[0m[2m=[0m"bolt.log.query" [3mquery[0m[2m=[0mUNWIND $rows AS row
		 MATCH (c:Customer {customerID: row.customerID})
		 CREATE (o:Order {orderID: row.orderID, shipCity: row.shipCity, shipCountry: row.shipCountry,
		                  orderDate: row.orderDate, notes: row.notes})
		 CREATE (c)-[:PURCHASED]->(o) [3mfields[0m[2m=[0m[]
[2m2026-09-04T07:51:56.798845Z[0m [32m INFO[0m bolt message received [3mevent_id[0m[2m=[0m"bolt.log.run" [3msignature[0m[2m=[0m"0x3F"
[2m2026-09-04T07:51:56.798854Z[0m [32m INFO[0m bolt sending responses [3mevent_id[0m[2m=[0m"bolt.log.run" [3mresponse_count[0m[2m=[0m2 [3mresponse_bytes[0m[2m=[0m165 [3mtransport[0m[2m=[0m"tcp"
[2m2026-09-04T07:51:56.799677Z[0m [32m INFO[0m bolt message received [3mevent_id[0m[2m=[0m"bolt.log.run" [3msignature[0m[2m=[0m"0x10"
[2m2026-09-04T07:51:56.816782Z[0m [32m INFO[0m [1mnornicdb.bolt.run[0m:[1mnornicdb.cypher.execute[0m: query phase breakdown [3mquery_hash[0m[2m=[0m11062239224005149050 [3mphase_parse_cache_us[0m[2m=[0m2 [3mphase_compliance_us[0m[2m=[0m1 [3mphase_pattern_us[0m[2m=[0m27 [3mphase_eval_us[0m[2m=[0m66826 [3mphase_audit_us[0m[2m=[0m265 [3mphase_total_us[0m[2m=[0m67121 [2m[3mdb.system[0m[2m=[0m"neo4j"[0m [2m[3mdb.operation.name[0m[2m=[0m"read"[0m
[2m2026-09-04T07:51:56.817108Z[0m [32m INFO[0m bolt RUN executed [3mevent_id[0m[2m=[0m"bolt.log.query" [3mquery[0m[2m=[0mUNWIND $rows AS row
		 MATCH (c:Customer {customerID: row.customerID})
		 CREATE (o:Order {orderID: row.orderID, shipCity: row.shipCity, shipCountry: row.shipCountry,
		                  orderDate: row.orderDate, notes: row.notes})
		 CREATE (c)-[:PURCHASED]->(o) [3mfields[0m[2m=[0m[]
[2m2026-09-04T07:51:56.817363Z[0m [32m INFO[0m bolt message received [3mevent_id[0m[2m=[0m"bolt.log.run" [3msignature[0m[2m=[0m"0x3F"
[2m2026-09-04T07:51:56.817378Z[0m [32m INFO[0m bolt sending responses [3mevent_id[0m[2m=[0m"bolt.log.run" [3mresponse_count[0m[2m=[0m2 [3mresponse_bytes[0m[2m=[0m165 [3mtransport[0m[2m=[0m"tcp"
[2m2026-09-04T07:51:56.818041Z[0m [32m INFO[0m bolt message received [3mevent_id[0m[2m=[0m"bolt.log.run" [3msignature[0m[2m=[0m"0x10"
[2m2026-09-04T07:51:56.833972Z[0m [32m INFO[0m [1mnornicdb.bolt.run[0m:[1mnornicdb.cypher.execute[0m: query phase breakdown [3mquery_hash[0m[2m=[0m11062239224005149050 [3mphase_parse_cache_us[0m[2m=[0m2 [3mphase_compliance_us[0m[2m=[0m1 [3mphase_pattern_us[0m[2m=[0m27 [3mphase_eval_us[0m[2m=[0m67830 [3mphase_audit_us[0m[2m=[0m246 [3mphase_total_us[0m[2m=[0m68106 [2m[3mdb.system[0m[2m=[0m"neo4j"[0m [2m[3mdb.operation.name[0m[2m=[0m"read"[0m
[2m2026-09-04T07:51:56.834285Z[0m [32m INFO[0m bolt RUN executed [3mevent_id[0m[2m=[0m"bolt.log.query" [3mquery[0m[2m=[0mUNWIND $rows AS row
		 MATCH (c:Customer {customerID: row.customerID})
		 CREATE (o:Order {orderID: row.orderID, shipCity: row.shipCity, shipCountry: row.shipCountry,
		                  orderDate: row.orderDate, notes: row.notes})
		 CREATE (c)-[:PURCHASED]->(o) [3mfields[0m[2m=[0m[]
[2m2026-09-04T07:51:56.834493Z[0m [32m INFO[0m bolt message received [3mevent_id[0m[2m=[0m"bolt.log.run" [3msignature[0m[2m=[0m"0x3F"
[2m2026-09-04T07:51:56.834503Z[0m [32m INFO[0m bolt sending responses [3mevent_id[0m[2m=[0m"bolt.log.run" [3mresponse_count[0m[2m=[0m2 [3mresponse_bytes[0m[2m=[0m165 [3mtransport[0m[2m=[0m"tcp"
[2m2026-09-04T07:51:56.835102Z[0m [32m INFO[0m bolt message received [3mevent_id[0m[2m=[0m"bolt.log.run" [3msignature[0m[2m=[0m"0x10"
[2m2026-09-04T07:51:56.850827Z[0m [32m INFO[0m [1mnornicdb.bolt.run[0m:[1mnornicdb.cypher.execute[0m: query phase breakdown [3mquery_hash[0m[2m=[0m11062239224005149050 [3mphase_parse_cache_us[0m[2m=[0m3 [3mphase_compliance_us[0m[2m=[0m1 [3mphase_pattern_us[0m[2m=[0m27 [3mphase_eval_us[0m[2m=[0m67805 [3mphase_audit_us[0m[2m=[0m253 [3mphase_total_us[0m[2m=[0m68089 [2m[3mdb.system[0m[2m=[0m"neo4j"[0m [2m[3mdb.operation.name[0m[2m=[0m"read"[0m
[2m2026-09-04T07:51:56.851211Z[0m [32m INFO[0m bolt RUN executed [3mevent_id[0m[2m=[0m"bolt.log.query" [3mquery[0m[2m=[0mUNWIND $rows AS row
		 MATCH (c:Customer {customerID: row.customerID})
		 CREATE (o:Order {orderID: row.orderID, shipCity: row.shipCity, shipCountry: row.shipCountry,
		                  orderDate: row.orderDate, notes: row.notes})
		 CREATE (c)-[:PURCHASED]->(o) [3mfields[0m[2m=[0m[]
[2m2026-09-04T07:51:56.851434Z[0m [32m INFO[0m bolt message received [3mevent_id[0m[2m=[0m"bolt.log.run" [3msignature[0m[2m=[0m"0x3F"
[2m2026-09-04T07:51:56.851444Z[0m [32m INFO[0m bolt sending responses [3mevent_id[0m[2m=[0m"bolt.log.run" [3mresponse_count[0m[2m=[0m2 [3mresponse_bytes[0m[2m=[0m165 [3mtransport[0m[2m=[0m"tcp"
[2m2026-09-04T07:51:56.852063Z[0m [32m INFO[0m bolt message received [3mevent_id[0m[2m=[0m"bolt.log.run" [3msignature[0m[2m=[0m"0x10"
[2m2026-09-04T07:51:56.867671Z[0m [32m INFO[0m [1mnornicdb.bolt.run[0m:[1mnornicdb.cypher.execute[0m: query phase breakdown [3mquery_hash[0m[2m=[0m11062239224005149050 [3mphase_parse_cache_us[0m[2m=[0m4 [3mphase_compliance_us[0m[2m=[0m2 [3mphase_pattern_us[0m[2m=[0m28 [3mphase_eval_us[0m[2m=[0m67383 [3mphase_audit_us[0m[2m=[0m261 [3mphase_total_us[0m[2m=[0m67678 [2m[3mdb.system[0m[2m=[0m"neo4j"[0m [2m[3mdb.operation.name[0m[2m=[0m"read"[0m
[2m2026-09-04T07:51:56.867999Z[0m [32m INFO[0m bolt RUN executed [3mevent_id[0m[2m=[0m"bolt.log.query" [3mquery[0m[2m=[0mUNWIND $rows AS row
		 MATCH (c:Customer {customerID: row.customerID})
		 CREATE (o:Order {orderID: row.orderID, shipCity: row.shipCity, shipCountry: row.shipCountry,
		                  orderDate: row.orderDate, notes: row.notes})
		 CREATE (c)-[:PURCHASED]->(o) [3mfields[0m[2m=[0m[]
[2m2026-09-04T07:51:56.868215Z[0m [32m INFO[0m bolt message received [3mevent_id[0m[2m=[0m"bolt.log.run" [3msignature[0m[2m=[0m"0x3F"
[2m2026-09-04T07:51:56.868225Z[0m [32m INFO[0m bolt sending responses [3mevent_id[0m[2m=[0m"bolt.log.run" [3mresponse_count[0m[2m=[0m2 [3mresponse_bytes[0m[2m=[0m165 [3mtransport[0m[2m=[0m"tcp"
[2m2026-09-04T07:51:56.868914Z[0m [32m INFO[0m bolt message received [3mevent_id[0m[2m=[0m"bolt.log.run" [3msignature[0m[2m=[0m"0x10"
[2m2026-09-04T07:51:56.884831Z[0m [32m INFO[0m [1mnornicdb.bolt.run[0m:[1mnornicdb.cypher.execute[0m: query phase breakdown [3mquery_hash[0m[2m=[0m11062239224005149050 [3mphase_parse_cache_us[0m[2m=[0m3 [3mphase_compliance_us[0m[2m=[0m1 [3mphase_pattern_us[0m[2m=[0m27 [3mphase_eval_us[0m[2m=[0m66291 [3mphase_audit_us[0m[2m=[0m228 [3mphase_total_us[0m[2m=[0m66550 [2m[3mdb.system[0m[2m=[0m"neo4j"[0m [2m[3mdb.operation.name[0m[2m=[0m"read"[0m
[2m2026-09-04T07:51:56.885154Z[0m [32m INFO[0m bolt RUN executed [3mevent_id[0m[2m=[0m"bolt.log.query" [3mquery[0m[2m=[0mUNWIND $rows AS row
		 MATCH (c:Customer {customerID: row.customerID})
		 CREATE (o:Order {orderID: row.orderID, shipCity: row.shipCity, shipCountry: row.shipCountry,
		                  orderDate: row.orderDate, notes: row.notes})
		 CREATE (c)-[:PURCHASED]->(o) [3mfields[0m[2m=[0m[]
[2m2026-09-04T07:51:56.885347Z[0m [32m INFO[0m bolt message received [3mevent_id[0m[2m=[0m"bolt.log.run" [3msignature[0m[2m=[0m"0x3F"
[2m2026-09-04T07:51:56.885357Z[0m [32m INFO[0m bolt sending responses [3mevent_id[0m[2m=[0m"bolt.log.run" [3mresponse_count[0m[2m=[0m2 [3mresponse_bytes[0m[2m=[0m165 [3mtransport[0m[2m=[0m"tcp"
[2m2026-09-04T07:51:56.885982Z[0m [32m INFO[0m bolt message received [3mevent_id[0m[2m=[0m"bolt.log.run" [3msignature[0m[2m=[0m"0x10"
[2m2026-09-04T07:51:56.901947Z[0m [32m INFO[0m [1mnornicdb.bolt.run[0m:[1mnornicdb.cypher.execute[0m: query phase breakdown [3mquery_hash[0m[2m=[0m11062239224005149050 [3mphase_parse_cache_us[0m[2m=[0m3 [3mphase_compliance_us[0m[2m=[0m1 [3mphase_pattern_us[0m[2m=[0m28 [3mphase_eval_us[0m[2m=[0m66341 [3mphase_audit_us[0m[2m=[0m242 [3mphase_total_us[0m[2m=[0m66615 [2m[3mdb.system[0m[2m=[0m"neo4j"[0m [2m[3mdb.operation.name[0m[2m=[0m"read"[0m
[2m2026-09-04T07:51:56.902247Z[0m [32m INFO[0m bolt RUN executed [3mevent_id[0m[2m=[0m"bolt.log.query" [3mquery[0m[2m=[0mUNWIND $rows AS row
		 MATCH (c:Customer {customerID: row.customerID})
		 CREATE (o:Order {orderID: row.orderID, shipCity: row.shipCity, shipCountry: row.shipCountry,
		                  orderDate: row.orderDate, notes: row.notes})
		 CREATE (c)-[:PURCHASED]->(o) [3mfields[0m[2m=[0m[]
[2m2026-09-04T07:51:56.902439Z[0m [32m INFO[0m bolt message received [3mevent_id[0m[2m=[0m"bolt.log.run" [3msignature[0m[2m=[0m"0x3F"
[2m2026-09-04T07:51:56.902450Z[0m [32m INFO[0m bolt sending responses [3mevent_id[0m[2m=[0m"bolt.log.run" [3mresponse_count[0m[2m=[0m2 [3mresponse_bytes[0m[2m=[0m165 [3mtransport[0m[2m=[0m"tcp"
[2m2026-09-04T07:51:56.903079Z[0m [32m INFO[0m bolt message received [3mevent_id[0m[2m=[0m"bolt.log.run" [3msignature[0m[2m=[0m"0x10"
[2m2026-09-04T07:51:56.919043Z[0m [32m INFO[0m [1mnornicdb.bolt.run[0m:[1mnornicdb.cypher.execute[0m: query phase breakdown [3mquery_hash[0m[2m=[0m11062239224005149050 [3mphase_parse_cache_us[0m[2m=[0m2 [3mphase_compliance_us[0m[2m=[0m1 [3mphase_pattern_us[0m[2m=[0m27 [3mphase_eval_us[0m[2m=[0m66451 [3mphase_audit_us[0m[2m=[0m257 [3mphase_total_us[0m[2m=[0m66738 [2m[3mdb.system[0m[2m=[0m"neo4j"[0m [2m[3mdb.operation.name[0m[2m=[0m"read"[0m
[2m2026-09-04T07:51:56.919390Z[0m [32m INFO[0m bolt RUN executed [3mevent_id[0m[2m=[0m"bolt.log.query" [3mquery[0m[2m=[0mUNWIND $rows AS row
		 MATCH (c:Customer {customerID: row.customerID})
		 CREATE (o:Order {orderID: row.orderID, shipCity: row.shipCity, shipCountry: row.shipCountry,
		                  orderDate: row.orderDate, notes: row.notes})
		 CREATE (c)-[:PURCHASED]->(o) [3mfields[0m[2m=[0m[]
[2m2026-09-04T07:51:56.919595Z[0m [32m INFO[0m bolt message received [3mevent_id[0m[2m=[0m"bolt.log.run" [3msignature[0m[2m=[0m"0x3F"
[2m2026-09-04T07:51:56.919609Z[0m [32m INFO[0m bolt sending responses [3mevent_id[0m[2m=[0m"bolt.log.run" [3mresponse_count[0m[2m=[0m2 [3mresponse_bytes[0m[2m=[0m165 [3mtransport[0m[2m=[0m"tcp"
[2m2026-09-04T07:51:56.920228Z[0m [32m INFO[0m bolt message received [3mevent_id[0m[2m=[0m"bolt.log.run" [3msignature[0m[2m=[0m"0x10"
[2m2026-09-04T07:51:56.936164Z[0m [32m INFO[0m [1mnornicdb.bolt.run[0m:[1mnornicdb.cypher.execute[0m: query phase breakdown [3mquery_hash[0m[2m=[0m11062239224005149050 [3mphase_parse_cache_us[0m[2m=[0m2 [3mphase_compliance_us[0m[2m=[0m1 [3mphase_pattern_us[0m[2m=[0m27 [3mphase_eval_us[0m[2m=[0m66723 [3mphase_audit_us[0m[2m=[0m248 [3mphase_total_us[0m[2m=[0m67001 [2m[3mdb.system[0m[2m=[0m"neo4j"[0m [2m[3mdb.operation.name[0m[2m=[0m"read"[0m
[2m2026-09-04T07:51:56.936505Z[0m [32m INFO[0m bolt RUN executed [3mevent_id[0m[2m=[0m"bolt.log.query" [3mquery[0m[2m=[0mUNWIND $rows AS row
		 MATCH (c:Customer {customerID: row.customerID})
		 CREATE (o:Order {orderID: row.orderID, shipCity: row.shipCity, shipCountry: row.shipCountry,
		                  orderDate: row.orderDate, notes: row.notes})
		 CREATE (c)-[:PURCHASED]->(o) [3mfields[0m[2m=[0m[]
[2m2026-09-04T07:51:56.936705Z[0m [32m INFO[0m bolt message received [3mevent_id[0m[2m=[0m"bolt.log.run" [3msignature[0m[2m=[0m"0x3F"
[2m2026-09-04T07:51:56.936715Z[0m [32m INFO[0m bolt sending responses [3mevent_id[0m[2m=[0m"bolt.log.run" [3mresponse_count[0m[2m=[0m2 [3mresponse_bytes[0m[2m=[0m165 [3mtransport[0m[2m=[0m"tcp"
[2m2026-09-04T07:51:56.937351Z[0m [32m INFO[0m bolt message received [3mevent_id[0m[2m=[0m"bolt.log.run" [3msignature[0m[2m=[0m"0x10"
[2m2026-09-04T07:51:56.953417Z[0m [32m INFO[0m [1mnornicdb.bolt.run[0m:[1mnornicdb.cypher.execute[0m: query phase breakdown [3mquery_hash[0m[2m=[0m11062239224005149050 [3mphase_parse_cache_us[0m[2m=[0m3 [3mphase_compliance_us[0m[2m=[0m2 [3mphase_pattern_us[0m[2m=[0m29 [3mphase_eval_us[0m[2m=[0m66760 [3mphase_audit_us[0m[2m=[0m288 [3mphase_total_us[0m[2m=[0m67082 [2m[3mdb.system[0m[2m=[0m"neo4j"[0m [2m[3mdb.operation.name[0m[2m=[0m"read"[0m
[2m2026-09-04T07:51:56.953724Z[0m [32m INFO[0m bolt RUN executed [3mevent_id[0m[2m=[0m"bolt.log.query" [3mquery[0m[2m=[0mUNWIND $rows AS row
		 MATCH (c:Customer {customerID: row.customerID})
		 CREATE (o:Order {orderID: row.orderID, shipCity: row.shipCity, shipCountry: row.shipCountry,
		                  orderDate: row.orderDate, notes: row.notes})
		 CREATE (c)-[:PURCHASED]->(o) [3mfields[0m[2m=[0m[]
[2m2026-09-04T07:51:56.953913Z[0m [32m INFO[0m bolt message received [3mevent_id[0m[2m=[0m"bolt.log.run" [3msignature[0m[2m=[0m"0x3F"
[2m2026-09-04T07:51:56.953922Z[0m [32m INFO[0m bolt sending responses [3mevent_id[0m[2m=[0m"bolt.log.run" [3mresponse_count[0m[2m=[0m2 [3mresponse_bytes[0m[2m=[0m165 [3mtransport[0m[2m=[0m"tcp"
[2m2026-09-04T07:51:56.954577Z[0m [32m INFO[0m bolt message received [3mevent_id[0m[2m=[0m"bolt.log.run" [3msignature[0m[2m=[0m"0x10"
[2m2026-09-04T07:51:56.970971Z[0m [32m INFO[0m [1mnornicdb.bolt.run[0m:[1mnornicdb.cypher.execute[0m: query phase breakdown [3mquery_hash[0m[2m=[0m11062239224005149050 [3mphase_parse_cache_us[0m[2m=[0m2 [3mphase_compliance_us[0m[2m=[0m1 [3mphase_pattern_us[0m[2m=[0m27 [3mphase_eval_us[0m[2m=[0m67353 [3mphase_audit_us[0m[2m=[0m281 [3mphase_total_us[0m[2m=[0m67664 [2m[3mdb.system[0m[2m=[0m"neo4j"[0m [2m[3mdb.operation.name[0m[2m=[0m"read"[0m
[2m2026-09-04T07:51:56.971310Z[0m [32m INFO[0m bolt RUN executed [3mevent_id[0m[2m=[0m"bolt.log.query" [3mquery[0m[2m=[0mUNWIND $rows AS row
		 MATCH (c:Customer {customerID: row.customerID})
		 CREATE (o:Order {orderID: row.orderID, shipCity: row.shipCity, shipCountry: row.shipCountry,
		                  orderDate: row.orderDate, notes: row.notes})
		 CREATE (c)-[:PURCHASED]->(o) [3mfields[0m[2m=[0m[]
[2m2026-09-04T07:51:56.971502Z[0m [32m INFO[0m bolt message received [3mevent_id[0m[2m=[0m"bolt.log.run" [3msignature[0m[2m=[0m"0x3F"
[2m2026-09-04T07:51:56.971514Z[0m [32m INFO[0m bolt sending responses [3mevent_id[0m[2m=[0m"bolt.log.run" [3mresponse_count[0m[2m=[0m2 [3mresponse_bytes[0m[2m=[0m165 [3mtransport[0m[2m=[0m"tcp"
[2m2026-09-04T07:51:56.972197Z[0m [32m INFO[0m bolt message received [3mevent_id[0m[2m=[0m"bolt.log.run" [3msignature[0m[2m=[0m"0x10"
[2m2026-09-04T07:51:56.988014Z[0m [32m INFO[0m [1mnornicdb.bolt.run[0m:[1mnornicdb.cypher.execute[0m: query phase breakdown [3mquery_hash[0m[2m=[0m11062239224005149050 [3mphase_parse_cache_us[0m[2m=[0m2 [3mphase_compliance_us[0m[2m=[0m1 [3mphase_pattern_us[0m[2m=[0m27 [3mphase_eval_us[0m[2m=[0m67273 [3mphase_audit_us[0m[2m=[0m247 [3mphase_total_us[0m[2m=[0m67550 [2m[3mdb.system[0m[2m=[0m"neo4j"[0m [2m[3mdb.operation.name[0m[2m=[0m"read"[0m
[2m2026-09-04T07:51:56.988341Z[0m [32m INFO[0m bolt RUN executed [3mevent_id[0m[2m=[0m"bolt.log.query" [3mquery[0m[2m=[0mUNWIND $rows AS row
		 MATCH (c:Customer {customerID: row.customerID})
		 CREATE (o:Order {orderID: row.orderID, shipCity: row.shipCity, shipCountry: row.shipCountry,
		                  orderDate: row.orderDate, notes: row.notes})
		 CREATE (c)-[:PURCHASED]->(o) [3mfields[0m[2m=[0m[]
[2m2026-09-04T07:51:56.988544Z[0m [32m INFO[0m bolt message received [3mevent_id[0m[2m=[0m"bolt.log.run" [3msignature[0m[2m=[0m"0x3F"
[2m2026-09-04T07:51:56.988554Z[0m [32m INFO[0m bolt sending responses [3mevent_id[0m[2m=[0m"bolt.log.run" [3mresponse_count[0m[2m=[0m2 [3mresponse_bytes[0m[2m=[0m165 [3mtransport[0m[2m=[0m"tcp"
[2m2026-09-04T07:51:56.989321Z[0m [32m INFO[0m bolt message received [3mevent_id[0m[2m=[0m"bolt.log.run" [3msignature[0m[2m=[0m"0x10"
[2m2026-09-04T07:51:57.005654Z[0m [32m INFO[0m [1mnornicdb.bolt.run[0m:[1mnornicdb.cypher.execute[0m: query phase breakdown [3mquery_hash[0m[2m=[0m11062239224005149050 [3mphase_parse_cache_us[0m[2m=[0m3 [3mphase_compliance_us[0m[2m=[0m1 [3mphase_pattern_us[0m[2m=[0m28 [3mphase_eval_us[0m[2m=[0m67820 [3mphase_audit_us[0m[2m=[0m214 [3mphase_total_us[0m[2m=[0m68066 [2m[3mdb.system[0m[2m=[0m"neo4j"[0m [2m[3mdb.operation.name[0m[2m=[0m"read"[0m
[2m2026-09-04T07:51:57.005971Z[0m [32m INFO[0m bolt RUN executed [3mevent_id[0m[2m=[0m"bolt.log.query" [3mquery[0m[2m=[0mUNWIND $rows AS row
		 MATCH (c:Customer {customerID: row.customerID})
		 CREATE (o:Order {orderID: row.orderID, shipCity: row.shipCity, shipCountry: row.shipCountry,
		                  orderDate: row.orderDate, notes: row.notes})
		 CREATE (c)-[:PURCHASED]->(o) [3mfields[0m[2m=[0m[]
[2m2026-09-04T07:51:57.006165Z[0m [32m INFO[0m bolt message received [3mevent_id[0m[2m=[0m"bolt.log.run" [3msignature[0m[2m=[0m"0x3F"
[2m2026-09-04T07:51:57.006175Z[0m [32m INFO[0m bolt sending responses [3mevent_id[0m[2m=[0m"bolt.log.run" [3mresponse_count[0m[2m=[0m2 [3mresponse_bytes[0m[2m=[0m165 [3mtransport[0m[2m=[0m"tcp"
[2m2026-09-04T07:51:57.006842Z[0m [32m INFO[0m bolt message received [3mevent_id[0m[2m=[0m"bolt.log.run" [3msignature[0m[2m=[0m"0x10"
[2m2026-09-04T07:51:57.023388Z[0m [32m INFO[0m [1mnornicdb.bolt.run[0m:[1mnornicdb.cypher.execute[0m: query phase breakdown [3mquery_hash[0m[2m=[0m11062239224005149050 [3mphase_parse_cache_us[0m[2m=[0m2 [3mphase_compliance_us[0m[2m=[0m1 [3mphase_pattern_us[0m[2m=[0m27 [3mphase_eval_us[0m[2m=[0m68312 [3mphase_audit_us[0m[2m=[0m230 [3mphase_total_us[0m[2m=[0m68572 [2m[3mdb.system[0m[2m=[0m"neo4j"[0m [2m[3mdb.operation.name[0m[2m=[0m"read"[0m
[2m2026-09-04T07:51:57.023698Z[0m [32m INFO[0m bolt RUN executed [3mevent_id[0m[2m=[0m"bolt.log.query" [3mquery[0m[2m=[0mUNWIND $rows AS row
		 MATCH (c:Customer {customerID: row.customerID})
		 CREATE (o:Order {orderID: row.orderID, shipCity: row.shipCity, shipCountry: row.shipCountry,
		                  orderDate: row.orderDate, notes: row.notes})
		 CREATE (c)-[:PURCHASED]->(o) [3mfields[0m[2m=[0m[]
[2m2026-09-04T07:51:57.023918Z[0m [32m INFO[0m bolt message received [3mevent_id[0m[2m=[0m"bolt.log.run" [3msignature[0m[2m=[0m"0x3F"
[2m2026-09-04T07:51:57.023928Z[0m [32m INFO[0m bolt sending responses [3mevent_id[0m[2m=[0m"bolt.log.run" [3mresponse_count[0m[2m=[0m2 [3mresponse_bytes[0m[2m=[0m165 [3mtransport[0m[2m=[0m"tcp"
[2m2026-09-04T07:51:57.024550Z[0m [32m INFO[0m bolt message received [3mevent_id[0m[2m=[0m"bolt.log.run" [3msignature[0m[2m=[0m"0x10"
[2m2026-09-04T07:51:57.040418Z[0m [32m INFO[0m [1mnornicdb.bolt.run[0m:[1mnornicdb.cypher.execute[0m: query phase breakdown [3mquery_hash[0m[2m=[0m11062239224005149050 [3mphase_parse_cache_us[0m[2m=[0m4 [3mphase_compliance_us[0m[2m=[0m1 [3mphase_pattern_us[0m[2m=[0m28 [3mphase_eval_us[0m[2m=[0m67689 [3mphase_audit_us[0m[2m=[0m243 [3mphase_total_us[0m[2m=[0m67965 [2m[3mdb.system[0m[2m=[0m"neo4j"[0m [2m[3mdb.operation.name[0m[2m=[0m"read"[0m
[2m2026-09-04T07:51:57.040725Z[0m [32m INFO[0m bolt RUN executed [3mevent_id[0m[2m=[0m"bolt.log.query" [3mquery[0m[2m=[0mUNWIND $rows AS row
		 MATCH (c:Customer {customerID: row.customerID})
		 CREATE (o:Order {orderID: row.orderID, shipCity: row.shipCity, shipCountry: row.shipCountry,
		                  orderDate: row.orderDate, notes: row.notes})
		 CREATE (c)-[:PURCHASED]->(o) [3mfields[0m[2m=[0m[]
[2m2026-09-04T07:51:57.040925Z[0m [32m INFO[0m bolt message received [3mevent_id[0m[2m=[0m"bolt.log.run" [3msignature[0m[2m=[0m"0x3F"
[2m2026-09-04T07:51:57.040938Z[0m [32m INFO[0m bolt sending responses [3mevent_id[0m[2m=[0m"bolt.log.run" [3mresponse_count[0m[2m=[0m2 [3mresponse_bytes[0m[2m=[0m165 [3mtransport[0m[2m=[0m"tcp"
[2m2026-09-04T07:51:57.041557Z[0m [32m INFO[0m bolt message received [3mevent_id[0m[2m=[0m"bolt.log.run" [3msignature[0m[2m=[0m"0x10"
[2m2026-09-04T07:51:57.057551Z[0m [32m INFO[0m [1mnornicdb.bolt.run[0m:[1mnornicdb.cypher.execute[0m: query phase breakdown [3mquery_hash[0m[2m=[0m11062239224005149050 [3mphase_parse_cache_us[0m[2m=[0m4 [3mphase_compliance_us[0m[2m=[0m1 [3mphase_pattern_us[0m[2m=[0m28 [3mphase_eval_us[0m[2m=[0m67643 [3mphase_audit_us[0m[2m=[0m255 [3mphase_total_us[0m[2m=[0m67931 [2m[3mdb.system[0m[2m=[0m"neo4j"[0m [2m[3mdb.operation.name[0m[2m=[0m"read"[0m
[2m2026-09-04T07:51:57.057868Z[0m [32m INFO[0m bolt RUN executed [3mevent_id[0m[2m=[0m"bolt.log.query" [3mquery[0m[2m=[0mUNWIND $rows AS row
		 MATCH (c:Customer {customerID: row.customerID})
		 CREATE (o:Order {orderID: row.orderID, shipCity: row.shipCity, shipCountry: row.shipCountry,
		                  orderDate: row.orderDate, notes: row.notes})
		 CREATE (c)-[:PURCHASED]->(o) [3mfields[0m[2m=[0m[]
[2m2026-09-04T07:51:57.058077Z[0m [32m INFO[0m bolt message received [3mevent_id[0m[2m=[0m"bolt.log.run" [3msignature[0m[2m=[0m"0x3F"
[2m2026-09-04T07:51:57.058089Z[0m [32m INFO[0m bolt sending responses [3mevent_id[0m[2m=[0m"bolt.log.run" [3mresponse_count[0m[2m=[0m2 [3mresponse_bytes[0m[2m=[0m165 [3mtransport[0m[2m=[0m"tcp"
[2m2026-09-04T07:51:57.058704Z[0m [32m INFO[0m bolt message received [3mevent_id[0m[2m=[0m"bolt.log.run" [3msignature[0m[2m=[0m"0x10"
[2m2026-09-04T07:51:57.074883Z[0m [32m INFO[0m [1mnornicdb.bolt.run[0m:[1mnornicdb.cypher.execute[0m: query phase breakdown [3mquery_hash[0m[2m=[0m11062239224005149050 [3mphase_parse_cache_us[0m[2m=[0m3 [3mphase_compliance_us[0m[2m=[0m1 [3mphase_pattern_us[0m[2m=[0m30 [3mphase_eval_us[0m[2m=[0m67455 [3mphase_audit_us[0m[2m=[0m264 [3mphase_total_us[0m[2m=[0m67753 [2m[3mdb.system[0m[2m=[0m"neo4j"[0m [2m[3mdb.operation.name[0m[2m=[0m"read"[0m
[2m2026-09-04T07:51:57.075197Z[0m [32m INFO[0m bolt RUN executed [3mevent_id[0m[2m=[0m"bolt.log.query" [3mquery[0m[2m=[0mUNWIND $rows AS row
		 MATCH (c:Customer {customerID: row.customerID})
		 CREATE (o:Order {orderID: row.orderID, shipCity: row.shipCity, shipCountry: row.shipCountry,
		                  orderDate: row.orderDate, notes: row.notes})
		 CREATE (c)-[:PURCHASED]->(o) [3mfields[0m[2m=[0m[]
[2m2026-09-04T07:51:57.075391Z[0m [32m INFO[0m bolt message received [3mevent_id[0m[2m=[0m"bolt.log.run" [3msignature[0m[2m=[0m"0x3F"
[2m2026-09-04T07:51:57.075400Z[0m [32m INFO[0m bolt sending responses [3mevent_id[0m[2m=[0m"bolt.log.run" [3mresponse_count[0m[2m=[0m2 [3mresponse_bytes[0m[2m=[0m165 [3mtransport[0m[2m=[0m"tcp"
[2m2026-09-04T07:51:57.076042Z[0m [32m INFO[0m bolt message received [3mevent_id[0m[2m=[0m"bolt.log.run" [3msignature[0m[2m=[0m"0x10"
[2m2026-09-04T07:51:57.091561Z[0m [32m INFO[0m [1mnornicdb.bolt.run[0m:[1mnornicdb.cypher.execute[0m: query phase breakdown [3mquery_hash[0m[2m=[0m11062239224005149050 [3mphase_parse_cache_us[0m[2m=[0m3 [3mphase_compliance_us[0m[2m=[0m2 [3mphase_pattern_us[0m[2m=[0m28 [3mphase_eval_us[0m[2m=[0m66514 [3mphase_audit_us[0m[2m=[0m221 [3mphase_total_us[0m[2m=[0m66768 [2m[3mdb.system[0m[2m=[0m"neo4j"[0m [2m[3mdb.operation.name[0m[2m=[0m"read"[0m
[2m2026-09-04T07:51:57.091865Z[0m [32m INFO[0m bolt RUN executed [3mevent_id[0m[2m=[0m"bolt.log.query" [3mquery[0m[2m=[0mUNWIND $rows AS row
		 MATCH (c:Customer {customerID: row.customerID})
		 CREATE (o:Order {orderID: row.orderID, shipCity: row.shipCity, shipCountry: row.shipCountry,
		                  orderDate: row.orderDate, notes: row.notes})
		 CREATE (c)-[:PURCHASED]->(o) [3mfields[0m[2m=[0m[]
[2m2026-09-04T07:51:57.092050Z[0m [32m INFO[0m bolt message received [3mevent_id[0m[2m=[0m"bolt.log.run" [3msignature[0m[2m=[0m"0x3F"
[2m2026-09-04T07:51:57.092059Z[0m [32m INFO[0m bolt sending responses [3mevent_id[0m[2m=[0m"bolt.log.run" [3mresponse_count[0m[2m=[0m2 [3mresponse_bytes[0m[2m=[0m165 [3mtransport[0m[2m=[0m"tcp"
[2m2026-09-04T07:51:57.092707Z[0m [32m INFO[0m bolt message received [3mevent_id[0m[2m=[0m"bolt.log.run" [3msignature[0m[2m=[0m"0x10"
[2m2026-09-04T07:51:57.108634Z[0m [32m INFO[0m [1mnornicdb.bolt.run[0m:[1mnornicdb.cypher.execute[0m: query phase breakdown [3mquery_hash[0m[2m=[0m11062239224005149050 [3mphase_parse_cache_us[0m[2m=[0m6 [3mphase_compliance_us[0m[2m=[0m1 [3mphase_pattern_us[0m[2m=[0m28 [3mphase_eval_us[0m[2m=[0m66564 [3mphase_audit_us[0m[2m=[0m241 [3mphase_total_us[0m[2m=[0m66840 [2m[3mdb.system[0m[2m=[0m"neo4j"[0m [2m[3mdb.operation.name[0m[2m=[0m"read"[0m
[2m2026-09-04T07:51:57.108936Z[0m [32m INFO[0m bolt RUN executed [3mevent_id[0m[2m=[0m"bolt.log.query" [3mquery[0m[2m=[0mUNWIND $rows AS row
		 MATCH (c:Customer {customerID: row.customerID})
		 CREATE (o:Order {orderID: row.orderID, shipCity: row.shipCity, shipCountry: row.shipCountry,
		                  orderDate: row.orderDate, notes: row.notes})
		 CREATE (c)-[:PURCHASED]->(o) [3mfields[0m[2m=[0m[]
[2m2026-09-04T07:51:57.109131Z[0m [32m INFO[0m bolt message received [3mevent_id[0m[2m=[0m"bolt.log.run" [3msignature[0m[2m=[0m"0x3F"
[2m2026-09-04T07:51:57.109141Z[0m [32m INFO[0m bolt sending responses [3mevent_id[0m[2m=[0m"bolt.log.run" [3mresponse_count[0m[2m=[0m2 [3mresponse_bytes[0m[2m=[0m165 [3mtransport[0m[2m=[0m"tcp"
[2m2026-09-04T07:51:57.109785Z[0m [32m INFO[0m bolt message received [3mevent_id[0m[2m=[0m"bolt.log.run" [3msignature[0m[2m=[0m"0x10"
[2m2026-09-04T07:51:57.126801Z[0m [32m INFO[0m [1mnornicdb.bolt.run[0m:[1mnornicdb.cypher.execute[0m: query phase breakdown [3mquery_hash[0m[2m=[0m11062239224005149050 [3mphase_parse_cache_us[0m[2m=[0m2 [3mphase_compliance_us[0m[2m=[0m1 [3mphase_pattern_us[0m[2m=[0m27 [3mphase_eval_us[0m[2m=[0m67585 [3mphase_audit_us[0m[2m=[0m245 [3mphase_total_us[0m[2m=[0m67860 [2m[3mdb.system[0m[2m=[0m"neo4j"[0m [2m[3mdb.operation.name[0m[2m=[0m"read"[0m
[2m2026-09-04T07:51:57.127124Z[0m [32m INFO[0m bolt RUN executed [3mevent_id[0m[2m=[0m"bolt.log.query" [3mquery[0m[2m=[0mUNWIND $rows AS row
		 MATCH (c:Customer {customerID: row.customerID})
		 CREATE (o:Order {orderID: row.orderID, shipCity: row.shipCity, shipCountry: row.shipCountry,
		                  orderDate: row.orderDate, notes: row.notes})
		 CREATE (c)-[:PURCHASED]->(o) [3mfields[0m[2m=[0m[]
[2m2026-09-04T07:51:57.127325Z[0m [32m INFO[0m bolt message received [3mevent_id[0m[2m=[0m"bolt.log.run" [3msignature[0m[2m=[0m"0x3F"
[2m2026-09-04T07:51:57.127336Z[0m [32m INFO[0m bolt sending responses [3mevent_id[0m[2m=[0m"bolt.log.run" [3mresponse_count[0m[2m=[0m2 [3mresponse_bytes[0m[2m=[0m165 [3mtransport[0m[2m=[0m"tcp"
[2m2026-09-04T07:51:57.127959Z[0m [32m INFO[0m bolt message received [3mevent_id[0m[2m=[0m"bolt.log.run" [3msignature[0m[2m=[0m"0x10"
[2m2026-09-04T07:51:57.144033Z[0m [32m INFO[0m [1mnornicdb.bolt.run[0m:[1mnornicdb.cypher.execute[0m: query phase breakdown [3mquery_hash[0m[2m=[0m11062239224005149050 [3mphase_parse_cache_us[0m[2m=[0m2 [3mphase_compliance_us[0m[2m=[0m1 [3mphase_pattern_us[0m[2m=[0m27 [3mphase_eval_us[0m[2m=[0m67474 [3mphase_audit_us[0m[2m=[0m249 [3mphase_total_us[0m[2m=[0m67753 [2m[3mdb.system[0m[2m=[0m"neo4j"[0m [2m[3mdb.operation.name[0m[2m=[0m"read"[0m
[2m2026-09-04T07:51:57.144350Z[0m [32m INFO[0m bolt RUN executed [3mevent_id[0m[2m=[0m"bolt.log.query" [3mquery[0m[2m=[0mUNWIND $rows AS row
		 MATCH (c:Customer {customerID: row.customerID})
		 CREATE (o:Order {orderID: row.orderID, shipCity: row.shipCity, shipCountry: row.shipCountry,
		                  orderDate: row.orderDate, notes: row.notes})
		 CREATE (c)-[:PURCHASED]->(o) [3mfields[0m[2m=[0m[]
[2m2026-09-04T07:51:57.144573Z[0m [32m INFO[0m bolt message received [3mevent_id[0m[2m=[0m"bolt.log.run" [3msignature[0m[2m=[0m"0x3F"
[2m2026-09-04T07:51:57.144582Z[0m [32m INFO[0m bolt sending responses [3mevent_id[0m[2m=[0m"bolt.log.run" [3mresponse_count[0m[2m=[0m2 [3mresponse_bytes[0m[2m=[0m165 [3mtransport[0m[2m=[0m"tcp"
[2m2026-09-04T07:51:57.145205Z[0m [32m INFO[0m bolt message received [3mevent_id[0m[2m=[0m"bolt.log.run" [3msignature[0m[2m=[0m"0x10"
[2m2026-09-04T07:51:57.162311Z[0m [32m INFO[0m [1mnornicdb.bolt.run[0m:[1mnornicdb.cypher.execute[0m: query phase breakdown [3mquery_hash[0m[2m=[0m11062239224005149050 [3mphase_parse_cache_us[0m[2m=[0m3 [3mphase_compliance_us[0m[2m=[0m2 [3mphase_pattern_us[0m[2m=[0m27 [3mphase_eval_us[0m[2m=[0m68997 [3mphase_audit_us[0m[2m=[0m288 [3mphase_total_us[0m[2m=[0m69317 [2m[3mdb.system[0m[2m=[0m"neo4j"[0m [2m[3mdb.operation.name[0m[2m=[0m"read"[0m
[2m2026-09-04T07:51:57.162683Z[0m [32m INFO[0m bolt RUN executed [3mevent_id[0m[2m=[0m"bolt.log.query" [3mquery[0m[2m=[0mUNWIND $rows AS row
		 MATCH (c:Customer {customerID: row.customerID})
		 CREATE (o:Order {orderID: row.orderID, shipCity: row.shipCity, shipCountry: row.shipCountry,
		                  orderDate: row.orderDate, notes: row.notes})
		 CREATE (c)-[:PURCHASED]->(o) [3mfields[0m[2m=[0m[]
[2m2026-09-04T07:51:57.162897Z[0m [32m INFO[0m bolt message received [3mevent_id[0m[2m=[0m"bolt.log.run" [3msignature[0m[2m=[0m"0x3F"
[2m2026-09-04T07:51:57.162907Z[0m [32m INFO[0m bolt sending responses [3mevent_id[0m[2m=[0m"bolt.log.run" [3mresponse_count[0m[2m=[0m2 [3mresponse_bytes[0m[2m=[0m165 [3mtransport[0m[2m=[0m"tcp"
[2m2026-09-04T07:51:57.163520Z[0m [32m INFO[0m bolt message received [3mevent_id[0m[2m=[0m"bolt.log.run" [3msignature[0m[2m=[0m"0x10"
[2m2026-09-04T07:51:57.180035Z[0m [32m INFO[0m [1mnornicdb.bolt.run[0m:[1mnornicdb.cypher.execute[0m: query phase breakdown [3mquery_hash[0m[2m=[0m11062239224005149050 [3mphase_parse_cache_us[0m[2m=[0m2 [3mphase_compliance_us[0m[2m=[0m1 [3mphase_pattern_us[0m[2m=[0m27 [3mphase_eval_us[0m[2m=[0m69745 [3mphase_audit_us[0m[2m=[0m241 [3mphase_total_us[0m[2m=[0m70016 [2m[3mdb.system[0m[2m=[0m"neo4j"[0m [2m[3mdb.operation.name[0m[2m=[0m"read"[0m
[2m2026-09-04T07:51:57.180375Z[0m [32m INFO[0m bolt RUN executed [3mevent_id[0m[2m=[0m"bolt.log.query" [3mquery[0m[2m=[0mUNWIND $rows AS row
		 MATCH (c:Customer {customerID: row.customerID})
		 CREATE (o:Order {orderID: row.orderID, shipCity: row.shipCity, shipCountry: row.shipCountry,
		                  orderDate: row.orderDate, notes: row.notes})
		 CREATE (c)-[:PURCHASED]->(o) [3mfields[0m[2m=[0m[]
[2m2026-09-04T07:51:57.180572Z[0m [32m INFO[0m bolt message received [3mevent_id[0m[2m=[0m"bolt.log.run" [3msignature[0m[2m=[0m"0x3F"
[2m2026-09-04T07:51:57.180581Z[0m [32m INFO[0m bolt sending responses [3mevent_id[0m[2m=[0m"bolt.log.run" [3mresponse_count[0m[2m=[0m2 [3mresponse_bytes[0m[2m=[0m165 [3mtransport[0m[2m=[0m"tcp"
[2m2026-09-04T07:51:57.181164Z[0m [32m INFO[0m bolt message received [3mevent_id[0m[2m=[0m"bolt.log.run" [3msignature[0m[2m=[0m"0x10"
[2m2026-09-04T07:51:57.197469Z[0m [32m INFO[0m [1mnornicdb.bolt.run[0m:[1mnornicdb.cypher.execute[0m: query phase breakdown [3mquery_hash[0m[2m=[0m11062239224005149050 [3mphase_parse_cache_us[0m[2m=[0m3 [3mphase_compliance_us[0m[2m=[0m1 [3mphase_pattern_us[0m[2m=[0m27 [3mphase_eval_us[0m[2m=[0m69009 [3mphase_audit_us[0m[2m=[0m232 [3mphase_total_us[0m[2m=[0m69272 [2m[3mdb.system[0m[2m=[0m"neo4j"[0m [2m[3mdb.operation.name[0m[2m=[0m"read"[0m
[2m2026-09-04T07:51:57.197799Z[0m [32m INFO[0m bolt RUN executed [3mevent_id[0m[2m=[0m"bolt.log.query" [3mquery[0m[2m=[0mUNWIND $rows AS row
		 MATCH (c:Customer {customerID: row.customerID})
		 CREATE (o:Order {orderID: row.orderID, shipCity: row.shipCity, shipCountry: row.shipCountry,
		                  orderDate: row.orderDate, notes: row.notes})
		 CREATE (c)-[:PURCHASED]->(o) [3mfields[0m[2m=[0m[]
[2m2026-09-04T07:51:57.198006Z[0m [32m INFO[0m bolt message received [3mevent_id[0m[2m=[0m"bolt.log.run" [3msignature[0m[2m=[0m"0x3F"
[2m2026-09-04T07:51:57.198015Z[0m [32m INFO[0m bolt sending responses [3mevent_id[0m[2m=[0m"bolt.log.run" [3mresponse_count[0m[2m=[0m2 [3mresponse_bytes[0m[2m=[0m165 [3mtransport[0m[2m=[0m"tcp"
[2m2026-09-04T07:51:57.198699Z[0m [32m INFO[0m bolt message received [3mevent_id[0m[2m=[0m"bolt.log.run" [3msignature[0m[2m=[0m"0x10"
[2m2026-09-04T07:51:57.214670Z[0m [32m INFO[0m [1mnornicdb.bolt.run[0m:[1mnornicdb.cypher.execute[0m: query phase breakdown [3mquery_hash[0m[2m=[0m11062239224005149050 [3mphase_parse_cache_us[0m[2m=[0m4 [3mphase_compliance_us[0m[2m=[0m2 [3mphase_pattern_us[0m[2m=[0m28 [3mphase_eval_us[0m[2m=[0m68966 [3mphase_audit_us[0m[2m=[0m233 [3mphase_total_us[0m[2m=[0m69233 [2m[3mdb.system[0m[2m=[0m"neo4j"[0m [2m[3mdb.operation.name[0m[2m=[0m"read"[0m
[2m2026-09-04T07:51:57.214995Z[0m [32m INFO[0m bolt RUN executed [3mevent_id[0m[2m=[0m"bolt.log.query" [3mquery[0m[2m=[0mUNWIND $rows AS row
		 MATCH (c:Customer {customerID: row.customerID})
		 CREATE (o:Order {orderID: row.orderID, shipCity: row.shipCity, shipCountry: row.shipCountry,
		                  orderDate: row.orderDate, notes: row.notes})
		 CREATE (c)-[:PURCHASED]->(o) [3mfields[0m[2m=[0m[]
[2m2026-09-04T07:51:57.215182Z[0m [32m INFO[0m bolt message received [3mevent_id[0m[2m=[0m"bolt.log.run" [3msignature[0m[2m=[0m"0x3F"
[2m2026-09-04T07:51:57.215191Z[0m [32m INFO[0m bolt sending responses [3mevent_id[0m[2m=[0m"bolt.log.run" [3mresponse_count[0m[2m=[0m2 [3mresponse_bytes[0m[2m=[0m165 [3mtransport[0m[2m=[0m"tcp"
[2m2026-09-04T07:51:57.215809Z[0m [32m INFO[0m bolt message received [3mevent_id[0m[2m=[0m"bolt.log.run" [3msignature[0m[2m=[0m"0x10"
[2m2026-09-04T07:51:57.232262Z[0m [32m INFO[0m [1mnornicdb.bolt.run[0m:[1mnornicdb.cypher.execute[0m: query phase breakdown [3mquery_hash[0m[2m=[0m11062239224005149050 [3mphase_parse_cache_us[0m[2m=[0m3 [3mphase_compliance_us[0m[2m=[0m1 [3mphase_pattern_us[0m[2m=[0m28 [3mphase_eval_us[0m[2m=[0m68263 [3mphase_audit_us[0m[2m=[0m211 [3mphase_total_us[0m[2m=[0m68506 [2m[3mdb.system[0m[2m=[0m"neo4j"[0m [2m[3mdb.operation.name[0m[2m=[0m"read"[0m
[2m2026-09-04T07:51:57.232555Z[0m [32m INFO[0m bolt RUN executed [3mevent_id[0m[2m=[0m"bolt.log.query" [3mquery[0m[2m=[0mUNWIND $rows AS row
		 MATCH (c:Customer {customerID: row.customerID})
		 CREATE (o:Order {orderID: row.orderID, shipCity: row.shipCity, shipCountry: row.shipCountry,
		                  orderDate: row.orderDate, notes: row.notes})
		 CREATE (c)-[:PURCHASED]->(o) [3mfields[0m[2m=[0m[]
[2m2026-09-04T07:51:57.232766Z[0m [32m INFO[0m bolt message received [3mevent_id[0m[2m=[0m"bolt.log.run" [3msignature[0m[2m=[0m"0x3F"
[2m2026-09-04T07:51:57.232785Z[0m [32m INFO[0m bolt sending responses [3mevent_id[0m[2m=[0m"bolt.log.run" [3mresponse_count[0m[2m=[0m2 [3mresponse_bytes[0m[2m=[0m165 [3mtransport[0m[2m=[0m"tcp"
[2m2026-09-04T07:51:57.233414Z[0m [32m INFO[0m bolt message received [3mevent_id[0m[2m=[0m"bolt.log.run" [3msignature[0m[2m=[0m"0x10"
[2m2026-09-04T07:51:57.249547Z[0m [32m INFO[0m [1mnornicdb.bolt.run[0m:[1mnornicdb.cypher.execute[0m: query phase breakdown [3mquery_hash[0m[2m=[0m11062239224005149050 [3mphase_parse_cache_us[0m[2m=[0m3 [3mphase_compliance_us[0m[2m=[0m1 [3mphase_pattern_us[0m[2m=[0m27 [3mphase_eval_us[0m[2m=[0m67877 [3mphase_audit_us[0m[2m=[0m248 [3mphase_total_us[0m[2m=[0m68156 [2m[3mdb.system[0m[2m=[0m"neo4j"[0m [2m[3mdb.operation.name[0m[2m=[0m"read"[0m
[2m2026-09-04T07:51:57.249877Z[0m [32m INFO[0m bolt RUN executed [3mevent_id[0m[2m=[0m"bolt.log.query" [3mquery[0m[2m=[0mUNWIND $rows AS row
		 MATCH (c:Customer {customerID: row.customerID})
		 CREATE (o:Order {orderID: row.orderID, shipCity: row.shipCity, shipCountry: row.shipCountry,
		                  orderDate: row.orderDate, notes: row.notes})
		 CREATE (c)-[:PURCHASED]->(o) [3mfields[0m[2m=[0m[]
[2m2026-09-04T07:51:57.250065Z[0m [32m INFO[0m bolt message received [3mevent_id[0m[2m=[0m"bolt.log.run" [3msignature[0m[2m=[0m"0x3F"
[2m2026-09-04T07:51:57.250074Z[0m [32m INFO[0m bolt sending responses [3mevent_id[0m[2m=[0m"bolt.log.run" [3mresponse_count[0m[2m=[0m2 [3mresponse_bytes[0m[2m=[0m165 [3mtransport[0m[2m=[0m"tcp"
[2m2026-09-04T07:51:57.250677Z[0m [32m INFO[0m bolt message received [3mevent_id[0m[2m=[0m"bolt.log.run" [3msignature[0m[2m=[0m"0x10"
[2m2026-09-04T07:51:57.267006Z[0m [32m INFO[0m [1mnornicdb.bolt.run[0m:[1mnornicdb.cypher.execute[0m: query phase breakdown [3mquery_hash[0m[2m=[0m11062239224005149050 [3mphase_parse_cache_us[0m[2m=[0m3 [3mphase_compliance_us[0m[2m=[0m2 [3mphase_pattern_us[0m[2m=[0m26 [3mphase_eval_us[0m[2m=[0m67754 [3mphase_audit_us[0m[2m=[0m247 [3mphase_total_us[0m[2m=[0m68032 [2m[3mdb.system[0m[2m=[0m"neo4j"[0m [2m[3mdb.operation.name[0m[2m=[0m"read"[0m
[2m2026-09-04T07:51:57.267344Z[0m [32m INFO[0m bolt RUN executed [3mevent_id[0m[2m=[0m"bolt.log.query" [3mquery[0m[2m=[0mUNWIND $rows AS row
		 MATCH (c:Customer {customerID: row.customerID})
		 CREATE (o:Order {orderID: row.orderID, shipCity: row.shipCity, shipCountry: row.shipCountry,
		                  orderDate: row.orderDate, notes: row.notes})
		 CREATE (c)-[:PURCHASED]->(o) [3mfields[0m[2m=[0m[]
[2m2026-09-04T07:51:57.267556Z[0m [32m INFO[0m bolt message received [3mevent_id[0m[2m=[0m"bolt.log.run" [3msignature[0m[2m=[0m"0x3F"
[2m2026-09-04T07:51:57.267567Z[0m [32m INFO[0m bolt sending responses [3mevent_id[0m[2m=[0m"bolt.log.run" [3mresponse_count[0m[2m=[0m2 [3mresponse_bytes[0m[2m=[0m165 [3mtransport[0m[2m=[0m"tcp"
[2m2026-09-04T07:51:57.268185Z[0m [32m INFO[0m bolt message received [3mevent_id[0m[2m=[0m"bolt.log.run" [3msignature[0m[2m=[0m"0x10"
[2m2026-09-04T07:51:57.285512Z[0m [32m INFO[0m [1mnornicdb.bolt.run[0m:[1mnornicdb.cypher.execute[0m: query phase breakdown [3mquery_hash[0m[2m=[0m11062239224005149050 [3mphase_parse_cache_us[0m[2m=[0m3 [3mphase_compliance_us[0m[2m=[0m1 [3mphase_pattern_us[0m[2m=[0m27 [3mphase_eval_us[0m[2m=[0m69184 [3mphase_audit_us[0m[2m=[0m246 [3mphase_total_us[0m[2m=[0m69461 [2m[3mdb.system[0m[2m=[0m"neo4j"[0m [2m[3mdb.operation.name[0m[2m=[0m"read"[0m
[2m2026-09-04T07:51:57.285847Z[0m [32m INFO[0m bolt RUN executed [3mevent_id[0m[2m=[0m"bolt.log.query" [3mquery[0m[2m=[0mUNWIND $rows AS row
		 MATCH (c:Customer {customerID: row.customerID})
		 CREATE (o:Order {orderID: row.orderID, shipCity: row.shipCity, shipCountry: row.shipCountry,
		                  orderDate: row.orderDate, notes: row.notes})
		 CREATE (c)-[:PURCHASED]->(o) [3mfields[0m[2m=[0m[]
[2m2026-09-04T07:51:57.286082Z[0m [32m INFO[0m bolt message received [3mevent_id[0m[2m=[0m"bolt.log.run" [3msignature[0m[2m=[0m"0x3F"
[2m2026-09-04T07:51:57.286092Z[0m [32m INFO[0m bolt sending responses [3mevent_id[0m[2m=[0m"bolt.log.run" [3mresponse_count[0m[2m=[0m2 [3mresponse_bytes[0m[2m=[0m165 [3mtransport[0m[2m=[0m"tcp"
[2m2026-09-04T07:51:57.286678Z[0m [32m INFO[0m bolt message received [3mevent_id[0m[2m=[0m"bolt.log.run" [3msignature[0m[2m=[0m"0x10"
[2m2026-09-04T07:51:57.303359Z[0m [32m INFO[0m [1mnornicdb.bolt.run[0m:[1mnornicdb.cypher.execute[0m: query phase breakdown [3mquery_hash[0m[2m=[0m11062239224005149050 [3mphase_parse_cache_us[0m[2m=[0m3 [3mphase_compliance_us[0m[2m=[0m2 [3mphase_pattern_us[0m[2m=[0m26 [3mphase_eval_us[0m[2m=[0m69415 [3mphase_audit_us[0m[2m=[0m241 [3mphase_total_us[0m[2m=[0m69687 [2m[3mdb.system[0m[2m=[0m"neo4j"[0m [2m[3mdb.operation.name[0m[2m=[0m"read"[0m
[2m2026-09-04T07:51:57.303653Z[0m [32m INFO[0m bolt RUN executed [3mevent_id[0m[2m=[0m"bolt.log.query" [3mquery[0m[2m=[0mUNWIND $rows AS row
		 MATCH (c:Customer {customerID: row.customerID})
		 CREATE (o:Order {orderID: row.orderID, shipCity: row.shipCity, shipCountry: row.shipCountry,
		                  orderDate: row.orderDate, notes: row.notes})
		 CREATE (c)-[:PURCHASED]->(o) [3mfields[0m[2m=[0m[]
[2m2026-09-04T07:51:57.303864Z[0m [32m INFO[0m bolt message received [3mevent_id[0m[2m=[0m"bolt.log.run" [3msignature[0m[2m=[0m"0x3F"
[2m2026-09-04T07:51:57.303873Z[0m [32m INFO[0m bolt sending responses [3mevent_id[0m[2m=[0m"bolt.log.run" [3mresponse_count[0m[2m=[0m2 [3mresponse_bytes[0m[2m=[0m165 [3mtransport[0m[2m=[0m"tcp"
[2m2026-09-04T07:51:57.304505Z[0m [32m INFO[0m bolt message received [3mevent_id[0m[2m=[0m"bolt.log.run" [3msignature[0m[2m=[0m"0x10"
[2m2026-09-04T07:51:57.321021Z[0m [32m INFO[0m [1mnornicdb.bolt.run[0m:[1mnornicdb.cypher.execute[0m: query phase breakdown [3mquery_hash[0m[2m=[0m11062239224005149050 [3mphase_parse_cache_us[0m[2m=[0m2 [3mphase_compliance_us[0m[2m=[0m1 [3mphase_pattern_us[0m[2m=[0m27 [3mphase_eval_us[0m[2m=[0m69837 [3mphase_audit_us[0m[2m=[0m244 [3mphase_total_us[0m[2m=[0m70111 [2m[3mdb.system[0m[2m=[0m"neo4j"[0m [2m[3mdb.operation.name[0m[2m=[0m"read"[0m
[2m2026-09-04T07:51:57.321353Z[0m [32m INFO[0m bolt RUN executed [3mevent_id[0m[2m=[0m"bolt.log.query" [3mquery[0m[2m=[0mUNWIND $rows AS row
		 MATCH (c:Customer {customerID: row.customerID})
		 CREATE (o:Order {orderID: row.orderID, shipCity: row.shipCity, shipCountry: row.shipCountry,
		                  orderDate: row.orderDate, notes: row.notes})
		 CREATE (c)-[:PURCHASED]->(o) [3mfields[0m[2m=[0m[]
[2m2026-09-04T07:51:57.321582Z[0m [32m INFO[0m bolt message received [3mevent_id[0m[2m=[0m"bolt.log.run" [3msignature[0m[2m=[0m"0x3F"
[2m2026-09-04T07:51:57.321605Z[0m [32m INFO[0m bolt sending responses [3mevent_id[0m[2m=[0m"bolt.log.run" [3mresponse_count[0m[2m=[0m2 [3mresponse_bytes[0m[2m=[0m165 [3mtransport[0m[2m=[0m"tcp"
[2m2026-09-04T07:51:57.322271Z[0m [32m INFO[0m bolt message received [3mevent_id[0m[2m=[0m"bolt.log.run" [3msignature[0m[2m=[0m"0x10"
[2m2026-09-04T07:51:57.340261Z[0m [32m INFO[0m [1mnornicdb.bolt.run[0m:[1mnornicdb.cypher.execute[0m: query phase breakdown [3mquery_hash[0m[2m=[0m11062239224005149050 [3mphase_parse_cache_us[0m[2m=[0m2 [3mphase_compliance_us[0m[2m=[0m1 [3mphase_pattern_us[0m[2m=[0m27 [3mphase_eval_us[0m[2m=[0m71558 [3mphase_audit_us[0m[2m=[0m239 [3mphase_total_us[0m[2m=[0m71827 [2m[3mdb.system[0m[2m=[0m"neo4j"[0m [2m[3mdb.operation.name[0m[2m=[0m"read"[0m
[2m2026-09-04T07:51:57.340606Z[0m [32m INFO[0m bolt RUN executed [3mevent_id[0m[2m=[0m"bolt.log.query" [3mquery[0m[2m=[0mUNWIND $rows AS row
		 MATCH (c:Customer {customerID: row.customerID})
		 CREATE (o:Order {orderID: row.orderID, shipCity: row.shipCity, shipCountry: row.shipCountry,
		                  orderDate: row.orderDate, notes: row.notes})
		 CREATE (c)-[:PURCHASED]->(o) [3mfields[0m[2m=[0m[]
[2m2026-09-04T07:51:57.340796Z[0m [32m INFO[0m bolt message received [3mevent_id[0m[2m=[0m"bolt.log.run" [3msignature[0m[2m=[0m"0x3F"
[2m2026-09-04T07:51:57.340806Z[0m [32m INFO[0m bolt sending responses [3mevent_id[0m[2m=[0m"bolt.log.run" [3mresponse_count[0m[2m=[0m2 [3mresponse_bytes[0m[2m=[0m165 [3mtransport[0m[2m=[0m"tcp"
[2m2026-09-04T07:51:57.341433Z[0m [32m INFO[0m bolt message received [3mevent_id[0m[2m=[0m"bolt.log.run" [3msignature[0m[2m=[0m"0x10"
[2m2026-09-04T07:51:57.358727Z[0m [32m INFO[0m [1mnornicdb.bolt.run[0m:[1mnornicdb.cypher.execute[0m: query phase breakdown [3mquery_hash[0m[2m=[0m11062239224005149050 [3mphase_parse_cache_us[0m[2m=[0m2 [3mphase_compliance_us[0m[2m=[0m1 [3mphase_pattern_us[0m[2m=[0m28 [3mphase_eval_us[0m[2m=[0m71546 [3mphase_audit_us[0m[2m=[0m238 [3mphase_total_us[0m[2m=[0m71815 [2m[3mdb.system[0m[2m=[0m"neo4j"[0m [2m[3mdb.operation.name[0m[2m=[0m"read"[0m
[2m2026-09-04T07:51:57.359039Z[0m [32m INFO[0m bolt RUN executed [3mevent_id[0m[2m=[0m"bolt.log.query" [3mquery[0m[2m=[0mUNWIND $rows AS row
		 MATCH (c:Customer {customerID: row.customerID})
		 CREATE (o:Order {orderID: row.orderID, shipCity: row.shipCity, shipCountry: row.shipCountry,
		                  orderDate: row.orderDate, notes: row.notes})
		 CREATE (c)-[:PURCHASED]->(o) [3mfields[0m[2m=[0m[]
[2m2026-09-04T07:51:57.359234Z[0m [32m INFO[0m bolt message received [3mevent_id[0m[2m=[0m"bolt.log.run" [3msignature[0m[2m=[0m"0x3F"
[2m2026-09-04T07:51:57.359243Z[0m [32m INFO[0m bolt sending responses [3mevent_id[0m[2m=[0m"bolt.log.run" [3mresponse_count[0m[2m=[0m2 [3mresponse_bytes[0m[2m=[0m165 [3mtransport[0m[2m=[0m"tcp"
[2m2026-09-04T07:51:57.359852Z[0m [32m INFO[0m bolt message received [3mevent_id[0m[2m=[0m"bolt.log.run" [3msignature[0m[2m=[0m"0x10"
[2m2026-09-04T07:51:57.376752Z[0m [32m INFO[0m [1mnornicdb.bolt.run[0m:[1mnornicdb.cypher.execute[0m: query phase breakdown [3mquery_hash[0m[2m=[0m11062239224005149050 [3mphase_parse_cache_us[0m[2m=[0m2 [3mphase_compliance_us[0m[2m=[0m1 [3mphase_pattern_us[0m[2m=[0m27 [3mphase_eval_us[0m[2m=[0m71752 [3mphase_audit_us[0m[2m=[0m230 [3mphase_total_us[0m[2m=[0m72012 [2m[3mdb.system[0m[2m=[0m"neo4j"[0m [2m[3mdb.operation.name[0m[2m=[0m"read"[0m
[2m2026-09-04T07:51:57.377047Z[0m [32m INFO[0m bolt RUN executed [3mevent_id[0m[2m=[0m"bolt.log.query" [3mquery[0m[2m=[0mUNWIND $rows AS row
		 MATCH (c:Customer {customerID: row.customerID})
		 CREATE (o:Order {orderID: row.orderID, shipCity: row.shipCity, shipCountry: row.shipCountry,
		                  orderDate: row.orderDate, notes: row.notes})
		 CREATE (c)-[:PURCHASED]->(o) [3mfields[0m[2m=[0m[]
[2m2026-09-04T07:51:57.377223Z[0m [32m INFO[0m bolt message received [3mevent_id[0m[2m=[0m"bolt.log.run" [3msignature[0m[2m=[0m"0x3F"
[2m2026-09-04T07:51:57.377231Z[0m [32m INFO[0m bolt sending responses [3mevent_id[0m[2m=[0m"bolt.log.run" [3mresponse_count[0m[2m=[0m2 [3mresponse_bytes[0m[2m=[0m165 [3mtransport[0m[2m=[0m"tcp"
[2m2026-09-04T07:51:57.377904Z[0m [32m INFO[0m bolt message received [3mevent_id[0m[2m=[0m"bolt.log.run" [3msignature[0m[2m=[0m"0x10"
[2m2026-09-04T07:51:57.394880Z[0m [32m INFO[0m [1mnornicdb.bolt.run[0m:[1mnornicdb.cypher.execute[0m: query phase breakdown [3mquery_hash[0m[2m=[0m11062239224005149050 [3mphase_parse_cache_us[0m[2m=[0m4 [3mphase_compliance_us[0m[2m=[0m3 [3mphase_pattern_us[0m[2m=[0m31 [3mphase_eval_us[0m[2m=[0m72068 [3mphase_audit_us[0m[2m=[0m260 [3mphase_total_us[0m[2m=[0m72366 [2m[3mdb.system[0m[2m=[0m"neo4j"[0m [2m[3mdb.operation.name[0m[2m=[0m"read"[0m
[2m2026-09-04T07:51:57.395186Z[0m [32m INFO[0m bolt RUN executed [3mevent_id[0m[2m=[0m"bolt.log.query" [3mquery[0m[2m=[0mUNWIND $rows AS row
		 MATCH (c:Customer {customerID: row.customerID})
		 CREATE (o:Order {orderID: row.orderID, shipCity: row.shipCity, shipCountry: row.shipCountry,
		                  orderDate: row.orderDate, notes: row.notes})
		 CREATE (c)-[:PURCHASED]->(o) [3mfields[0m[2m=[0m[]
[2m2026-09-04T07:51:57.395381Z[0m [32m INFO[0m bolt message received [3mevent_id[0m[2m=[0m"bolt.log.run" [3msignature[0m[2m=[0m"0x3F"
[2m2026-09-04T07:51:57.395390Z[0m [32m INFO[0m bolt sending responses [3mevent_id[0m[2m=[0m"bolt.log.run" [3mresponse_count[0m[2m=[0m2 [3mresponse_bytes[0m[2m=[0m165 [3mtransport[0m[2m=[0m"tcp"
[2m2026-09-04T07:51:57.396011Z[0m [32m INFO[0m bolt message received [3mevent_id[0m[2m=[0m"bolt.log.run" [3msignature[0m[2m=[0m"0x10"
[2m2026-09-04T07:51:57.412340Z[0m [32m INFO[0m [1mnornicdb.bolt.run[0m:[1mnornicdb.cypher.execute[0m: query phase breakdown [3mquery_hash[0m[2m=[0m11062239224005149050 [3mphase_parse_cache_us[0m[2m=[0m3 [3mphase_compliance_us[0m[2m=[0m1 [3mphase_pattern_us[0m[2m=[0m27 [3mphase_eval_us[0m[2m=[0m70382 [3mphase_audit_us[0m[2m=[0m251 [3mphase_total_us[0m[2m=[0m70664 [2m[3mdb.system[0m[2m=[0m"neo4j"[0m [2m[3mdb.operation.name[0m[2m=[0m"read"[0m
[2m2026-09-04T07:51:57.412704Z[0m [32m INFO[0m bolt RUN executed [3mevent_id[0m[2m=[0m"bolt.log.query" [3mquery[0m[2m=[0mUNWIND $rows AS row
		 MATCH (c:Customer {customerID: row.customerID})
		 CREATE (o:Order {orderID: row.orderID, shipCity: row.shipCity, shipCountry: row.shipCountry,
		                  orderDate: row.orderDate, notes: row.notes})
		 CREATE (c)-[:PURCHASED]->(o) [3mfields[0m[2m=[0m[]
[2m2026-09-04T07:51:57.412910Z[0m [32m INFO[0m bolt message received [3mevent_id[0m[2m=[0m"bolt.log.run" [3msignature[0m[2m=[0m"0x3F"
[2m2026-09-04T07:51:57.412921Z[0m [32m INFO[0m bolt sending responses [3mevent_id[0m[2m=[0m"bolt.log.run" [3mresponse_count[0m[2m=[0m2 [3mresponse_bytes[0m[2m=[0m165 [3mtransport[0m[2m=[0m"tcp"
[2m2026-09-04T07:51:57.413565Z[0m [32m INFO[0m bolt message received [3mevent_id[0m[2m=[0m"bolt.log.run" [3msignature[0m[2m=[0m"0x10"
[2m2026-09-04T07:51:57.430785Z[0m [32m INFO[0m [1mnornicdb.bolt.run[0m:[1mnornicdb.cypher.execute[0m: query phase breakdown [3mquery_hash[0m[2m=[0m11062239224005149050 [3mphase_parse_cache_us[0m[2m=[0m3 [3mphase_compliance_us[0m[2m=[0m1 [3mphase_pattern_us[0m[2m=[0m28 [3mphase_eval_us[0m[2m=[0m70421 [3mphase_audit_us[0m[2m=[0m244 [3mphase_total_us[0m[2m=[0m70697 [2m[3mdb.system[0m[2m=[0m"neo4j"[0m [2m[3mdb.operation.name[0m[2m=[0m"read"[0m
[2m2026-09-04T07:51:57.431098Z[0m [32m INFO[0m bolt RUN executed [3mevent_id[0m[2m=[0m"bolt.log.query" [3mquery[0m[2m=[0mUNWIND $rows AS row
		 MATCH (c:Customer {customerID: row.customerID})
		 CREATE (o:Order {orderID: row.orderID, shipCity: row.shipCity, shipCountry: row.shipCountry,
		                  orderDate: row.orderDate, notes: row.notes})
		 CREATE (c)-[:PURCHASED]->(o) [3mfields[0m[2m=[0m[]
[2m2026-09-04T07:51:57.431292Z[0m [32m INFO[0m bolt message received [3mevent_id[0m[2m=[0m"bolt.log.run" [3msignature[0m[2m=[0m"0x3F"
[2m2026-09-04T07:51:57.431302Z[0m [32m INFO[0m bolt sending responses [3mevent_id[0m[2m=[0m"bolt.log.run" [3mresponse_count[0m[2m=[0m2 [3mresponse_bytes[0m[2m=[0m165 [3mtransport[0m[2m=[0m"tcp"
[2m2026-09-04T07:51:57.431900Z[0m [32m INFO[0m bolt message received [3mevent_id[0m[2m=[0m"bolt.log.run" [3msignature[0m[2m=[0m"0x10"
[2m2026-09-04T07:51:57.448761Z[0m [32m INFO[0m [1mnornicdb.bolt.run[0m:[1mnornicdb.cypher.execute[0m: query phase breakdown [3mquery_hash[0m[2m=[0m11062239224005149050 [3mphase_parse_cache_us[0m[2m=[0m4 [3mphase_compliance_us[0m[2m=[0m2 [3mphase_pattern_us[0m[2m=[0m28 [3mphase_eval_us[0m[2m=[0m70287 [3mphase_audit_us[0m[2m=[0m253 [3mphase_total_us[0m[2m=[0m70574 [2m[3mdb.system[0m[2m=[0m"neo4j"[0m [2m[3mdb.operation.name[0m[2m=[0m"read"[0m
[2m2026-09-04T07:51:57.449078Z[0m [32m INFO[0m bolt RUN executed [3mevent_id[0m[2m=[0m"bolt.log.query" [3mquery[0m[2m=[0mUNWIND $rows AS row
		 MATCH (c:Customer {customerID: row.customerID})
		 CREATE (o:Order {orderID: row.orderID, shipCity: row.shipCity, shipCountry: row.shipCountry,
		                  orderDate: row.orderDate, notes: row.notes})
		 CREATE (c)-[:PURCHASED]->(o) [3mfields[0m[2m=[0m[]
[2m2026-09-04T07:51:57.449304Z[0m [32m INFO[0m bolt message received [3mevent_id[0m[2m=[0m"bolt.log.run" [3msignature[0m[2m=[0m"0x3F"
[2m2026-09-04T07:51:57.449312Z[0m [32m INFO[0m bolt sending responses [3mevent_id[0m[2m=[0m"bolt.log.run" [3mresponse_count[0m[2m=[0m2 [3mresponse_bytes[0m[2m=[0m165 [3mtransport[0m[2m=[0m"tcp"
[2m2026-09-04T07:51:57.449906Z[0m [32m INFO[0m bolt message received [3mevent_id[0m[2m=[0m"bolt.log.run" [3msignature[0m[2m=[0m"0x10"
[2m2026-09-04T07:51:57.466951Z[0m [32m INFO[0m [1mnornicdb.bolt.run[0m:[1mnornicdb.cypher.execute[0m: query phase breakdown [3mquery_hash[0m[2m=[0m11062239224005149050 [3mphase_parse_cache_us[0m[2m=[0m3 [3mphase_compliance_us[0m[2m=[0m1 [3mphase_pattern_us[0m[2m=[0m27 [3mphase_eval_us[0m[2m=[0m70440 [3mphase_audit_us[0m[2m=[0m230 [3mphase_total_us[0m[2m=[0m70701 [2m[3mdb.system[0m[2m=[0m"neo4j"[0m [2m[3mdb.operation.name[0m[2m=[0m"read"[0m
[2m2026-09-04T07:51:57.467287Z[0m [32m INFO[0m bolt RUN executed [3mevent_id[0m[2m=[0m"bolt.log.query" [3mquery[0m[2m=[0mUNWIND $rows AS row
		 MATCH (c:Customer {customerID: row.customerID})
		 CREATE (o:Order {orderID: row.orderID, shipCity: row.shipCity, shipCountry: row.shipCountry,
		                  orderDate: row.orderDate, notes: row.notes})
		 CREATE (c)-[:PURCHASED]->(o) [3mfields[0m[2m=[0m[]
[2m2026-09-04T07:51:57.467520Z[0m [32m INFO[0m bolt message received [3mevent_id[0m[2m=[0m"bolt.log.run" [3msignature[0m[2m=[0m"0x3F"
[2m2026-09-04T07:51:57.467529Z[0m [32m INFO[0m bolt sending responses [3mevent_id[0m[2m=[0m"bolt.log.run" [3mresponse_count[0m[2m=[0m2 [3mresponse_bytes[0m[2m=[0m165 [3mtransport[0m[2m=[0m"tcp"
[2m2026-09-04T07:51:57.468175Z[0m [32m INFO[0m bolt message received [3mevent_id[0m[2m=[0m"bolt.log.run" [3msignature[0m[2m=[0m"0x10"
[2m2026-09-04T07:51:57.484635Z[0m [32m INFO[0m [1mnornicdb.bolt.run[0m:[1mnornicdb.cypher.execute[0m: query phase breakdown [3mquery_hash[0m[2m=[0m11062239224005149050 [3mphase_parse_cache_us[0m[2m=[0m3 [3mphase_compliance_us[0m[2m=[0m2 [3mphase_pattern_us[0m[2m=[0m33 [3mphase_eval_us[0m[2m=[0m70501 [3mphase_audit_us[0m[2m=[0m244 [3mphase_total_us[0m[2m=[0m70783 [2m[3mdb.system[0m[2m=[0m"neo4j"[0m [2m[3mdb.operation.name[0m[2m=[0m"read"[0m
[2m2026-09-04T07:51:57.484972Z[0m [32m INFO[0m bolt RUN executed [3mevent_id[0m[2m=[0m"bolt.log.query" [3mquery[0m[2m=[0mUNWIND $rows AS row
		 MATCH (c:Customer {customerID: row.customerID})
		 CREATE (o:Order {orderID: row.orderID, shipCity: row.shipCity, shipCountry: row.shipCountry,
		                  orderDate: row.orderDate, notes: row.notes})
		 CREATE (c)-[:PURCHASED]->(o) [3mfields[0m[2m=[0m[]
[2m2026-09-04T07:51:57.485170Z[0m [32m INFO[0m bolt message received [3mevent_id[0m[2m=[0m"bolt.log.run" [3msignature[0m[2m=[0m"0x3F"
[2m2026-09-04T07:51:57.485179Z[0m [32m INFO[0m bolt sending responses [3mevent_id[0m[2m=[0m"bolt.log.run" [3mresponse_count[0m[2m=[0m2 [3mresponse_bytes[0m[2m=[0m165 [3mtransport[0m[2m=[0m"tcp"
[2m2026-09-04T07:51:57.485830Z[0m [32m INFO[0m bolt message received [3mevent_id[0m[2m=[0m"bolt.log.run" [3msignature[0m[2m=[0m"0x10"
[2m2026-09-04T07:51:57.502915Z[0m [32m INFO[0m [1mnornicdb.bolt.run[0m:[1mnornicdb.cypher.execute[0m: query phase breakdown [3mquery_hash[0m[2m=[0m11062239224005149050 [3mphase_parse_cache_us[0m[2m=[0m3 [3mphase_compliance_us[0m[2m=[0m1 [3mphase_pattern_us[0m[2m=[0m26 [3mphase_eval_us[0m[2m=[0m70503 [3mphase_audit_us[0m[2m=[0m246 [3mphase_total_us[0m[2m=[0m70779 [2m[3mdb.system[0m[2m=[0m"neo4j"[0m [2m[3mdb.operation.name[0m[2m=[0m"read"[0m
[2m2026-09-04T07:51:57.503241Z[0m [32m INFO[0m bolt RUN executed [3mevent_id[0m[2m=[0m"bolt.log.query" [3mquery[0m[2m=[0mUNWIND $rows AS row
		 MATCH (c:Customer {customerID: row.customerID})
		 CREATE (o:Order {orderID: row.orderID, shipCity: row.shipCity, shipCountry: row.shipCountry,
		                  orderDate: row.orderDate, notes: row.notes})
		 CREATE (c)-[:PURCHASED]->(o) [3mfields[0m[2m=[0m[]
[2m2026-09-04T07:51:57.503427Z[0m [32m INFO[0m bolt message received [3mevent_id[0m[2m=[0m"bolt.log.run" [3msignature[0m[2m=[0m"0x3F"
[2m2026-09-04T07:51:57.503440Z[0m [32m INFO[0m bolt sending responses [3mevent_id[0m[2m=[0m"bolt.log.run" [3mresponse_count[0m[2m=[0m2 [3mresponse_bytes[0m[2m=[0m165 [3mtransport[0m[2m=[0m"tcp"
[2m2026-09-04T07:51:57.504087Z[0m [32m INFO[0m bolt message received [3mevent_id[0m[2m=[0m"bolt.log.run" [3msignature[0m[2m=[0m"0x10"
[2m2026-09-04T07:51:57.521146Z[0m [32m INFO[0m [1mnornicdb.bolt.run[0m:[1mnornicdb.cypher.execute[0m: query phase breakdown [3mquery_hash[0m[2m=[0m11062239224005149050 [3mphase_parse_cache_us[0m[2m=[0m3 [3mphase_compliance_us[0m[2m=[0m1 [3mphase_pattern_us[0m[2m=[0m28 [3mphase_eval_us[0m[2m=[0m70733 [3mphase_audit_us[0m[2m=[0m240 [3mphase_total_us[0m[2m=[0m71005 [2m[3mdb.system[0m[2m=[0m"neo4j"[0m [2m[3mdb.operation.name[0m[2m=[0m"read"[0m
[2m2026-09-04T07:51:57.521463Z[0m [32m INFO[0m bolt RUN executed [3mevent_id[0m[2m=[0m"bolt.log.query" [3mquery[0m[2m=[0mUNWIND $rows AS row
		 MATCH (c:Customer {customerID: row.customerID})
		 CREATE (o:Order {orderID: row.orderID, shipCity: row.shipCity, shipCountry: row.shipCountry,
		                  orderDate: row.orderDate, notes: row.notes})
		 CREATE (c)-[:PURCHASED]->(o) [3mfields[0m[2m=[0m[]
[2m2026-09-04T07:51:57.521668Z[0m [32m INFO[0m bolt message received [3mevent_id[0m[2m=[0m"bolt.log.run" [3msignature[0m[2m=[0m"0x3F"
[2m2026-09-04T07:51:57.521679Z[0m [32m INFO[0m bolt sending responses [3mevent_id[0m[2m=[0m"bolt.log.run" [3mresponse_count[0m[2m=[0m2 [3mresponse_bytes[0m[2m=[0m165 [3mtransport[0m[2m=[0m"tcp"
[2m2026-09-04T07:51:57.522304Z[0m [32m INFO[0m bolt message received [3mevent_id[0m[2m=[0m"bolt.log.run" [3msignature[0m[2m=[0m"0x10"
[2m2026-09-04T07:51:57.539018Z[0m [32m INFO[0m [1mnornicdb.bolt.run[0m:[1mnornicdb.cypher.execute[0m: query phase breakdown [3mquery_hash[0m[2m=[0m11062239224005149050 [3mphase_parse_cache_us[0m[2m=[0m2 [3mphase_compliance_us[0m[2m=[0m1 [3mphase_pattern_us[0m[2m=[0m27 [3mphase_eval_us[0m[2m=[0m70225 [3mphase_audit_us[0m[2m=[0m352 [3mphase_total_us[0m[2m=[0m70607 [2m[3mdb.system[0m[2m=[0m"neo4j"[0m [2m[3mdb.operation.name[0m[2m=[0m"read"[0m
[2m2026-09-04T07:51:57.539311Z[0m [32m INFO[0m bolt RUN executed [3mevent_id[0m[2m=[0m"bolt.log.query" [3mquery[0m[2m=[0mUNWIND $rows AS row
		 MATCH (c:Customer {customerID: row.customerID})
		 CREATE (o:Order {orderID: row.orderID, shipCity: row.shipCity, shipCountry: row.shipCountry,
		                  orderDate: row.orderDate, notes: row.notes})
		 CREATE (c)-[:PURCHASED]->(o) [3mfields[0m[2m=[0m[]
[2m2026-09-04T07:51:57.539504Z[0m [32m INFO[0m bolt message received [3mevent_id[0m[2m=[0m"bolt.log.run" [3msignature[0m[2m=[0m"0x3F"
[2m2026-09-04T07:51:57.539512Z[0m [32m INFO[0m bolt sending responses [3mevent_id[0m[2m=[0m"bolt.log.run" [3mresponse_count[0m[2m=[0m2 [3mresponse_bytes[0m[2m=[0m165 [3mtransport[0m[2m=[0m"tcp"
[2m2026-09-04T07:51:57.556028Z[0m [32m INFO[0m [1mnornicdb.bolt.run[0m:[1mnornicdb.cypher.execute[0m: query phase breakdown [3mquery_hash[0m[2m=[0m11062239224005149050 [3mphase_parse_cache_us[0m[2m=[0m3 [3mphase_compliance_us[0m[2m=[0m5 [3mphase_pattern_us[0m[2m=[0m28 [3mphase_eval_us[0m[2m=[0m69657 [3mphase_audit_us[0m[2m=[0m264 [3mphase_total_us[0m[2m=[0m69957 [2m[3mdb.system[0m[2m=[0m"neo4j"[0m [2m[3mdb.operation.name[0m[2m=[0m"read"[0m
[2m2026-09-04T07:51:57.556353Z[0m [32m INFO[0m bolt RUN executed [3mevent_id[0m[2m=[0m"bolt.log.query" [3mquery[0m[2m=[0mUNWIND $rows AS row
		 MATCH (c:Customer {customerID: row.customerID})
		 CREATE (o:Order {orderID: row.orderID, shipCity: row.shipCity, shipCountry: row.shipCountry,
		                  orderDate: row.orderDate, notes: row.notes})
		 CREATE (c)-[:PURCHASED]->(o) [3mfields[0m[2m=[0m[]
[2m2026-09-04T07:51:57.556542Z[0m [32m INFO[0m bolt message received [3mevent_id[0m[2m=[0m"bolt.log.run" [3msignature[0m[2m=[0m"0x3F"
[2m2026-09-04T07:51:57.556551Z[0m [32m INFO[0m bolt sending responses [3mevent_id[0m[2m=[0m"bolt.log.run" [3mresponse_count[0m[2m=[0m2 [3mresponse_bytes[0m[2m=[0m165 [3mtransport[0m[2m=[0m"tcp"
[2m2026-09-04T07:51:57.572438Z[0m [32m INFO[0m [1mnornicdb.bolt.run[0m:[1mnornicdb.cypher.execute[0m: query phase breakdown [3mquery_hash[0m[2m=[0m11062239224005149050 [3mphase_parse_cache_us[0m[2m=[0m4 [3mphase_compliance_us[0m[2m=[0m1 [3mphase_pattern_us[0m[2m=[0m27 [3mphase_eval_us[0m[2m=[0m67810 [3mphase_audit_us[0m[2m=[0m249 [3mphase_total_us[0m[2m=[0m68091 [2m[3mdb.system[0m[2m=[0m"neo4j"[0m [2m[3mdb.operation.name[0m[2m=[0m"read"[0m
[2m2026-09-04T07:51:57.572742Z[0m [32m INFO[0m bolt RUN executed [3mevent_id[0m[2m=[0m"bolt.log.query" [3mquery[0m[2m=[0mUNWIND $rows AS row
		 MATCH (c:Customer {customerID: row.customerID})
		 CREATE (o:Order {orderID: row.orderID, shipCity: row.shipCity, shipCountry: row.shipCountry,
		                  orderDate: row.orderDate, notes: row.notes})
		 CREATE (c)-[:PURCHASED]->(o) [3mfields[0m[2m=[0m[]
[2m2026-09-04T07:51:57.572934Z[0m [32m INFO[0m bolt message received [3mevent_id[0m[2m=[0m"bolt.log.run" [3msignature[0m[2m=[0m"0x3F"
[2m2026-09-04T07:51:57.572943Z[0m [32m INFO[0m bolt sending responses [3mevent_id[0m[2m=[0m"bolt.log.run" [3mresponse_count[0m[2m=[0m2 [3mresponse_bytes[0m[2m=[0m165 [3mtransport[0m[2m=[0m"tcp"
[2m2026-09-04T07:51:57.589191Z[0m [32m INFO[0m [1mnornicdb.bolt.run[0m:[1mnornicdb.cypher.execute[0m: query phase breakdown [3mquery_hash[0m[2m=[0m11062239224005149050 [3mphase_parse_cache_us[0m[2m=[0m3 [3mphase_compliance_us[0m[2m=[0m1 [3mphase_pattern_us[0m[2m=[0m28 [3mphase_eval_us[0m[2m=[0m66365 [3mphase_audit_us[0m[2m=[0m242 [3mphase_total_us[0m[2m=[0m66639 [2m[3mdb.system[0m[2m=[0m"neo4j"[0m [2m[3mdb.operation.name[0m[2m=[0m"read"[0m
[2m2026-09-04T07:51:57.589482Z[0m [32m INFO[0m bolt RUN executed [3mevent_id[0m[2m=[0m"bolt.log.query" [3mquery[0m[2m=[0mUNWIND $rows AS row
		 MATCH (c:Customer {customerID: row.customerID})
		 CREATE (o:Order {orderID: row.orderID, shipCity: row.shipCity, shipCountry: row.shipCountry,
		                  orderDate: row.orderDate, notes: row.notes})
		 CREATE (c)-[:PURCHASED]->(o) [3mfields[0m[2m=[0m[]
[2m2026-09-04T07:51:57.589665Z[0m [32m INFO[0m bolt message received [3mevent_id[0m[2m=[0m"bolt.log.run" [3msignature[0m[2m=[0m"0x3F"
[2m2026-09-04T07:51:57.589674Z[0m [32m INFO[0m bolt sending responses [3mevent_id[0m[2m=[0m"bolt.log.run" [3mresponse_count[0m[2m=[0m2 [3mresponse_bytes[0m[2m=[0m165 [3mtransport[0m[2m=[0m"tcp"
[2m2026-09-04T07:51:57.628183Z[0m [32m INFO[0m bolt message received [3mevent_id[0m[2m=[0m"bolt.log.run" [3msignature[0m[2m=[0m"0x10"
[2m2026-09-04T07:51:57.628200Z[0m [32m INFO[0m bolt message received [3mevent_id[0m[2m=[0m"bolt.log.run" [3msignature[0m[2m=[0m"0x10"
[2m2026-09-04T07:51:57.628189Z[0m [32m INFO[0m bolt message received [3mevent_id[0m[2m=[0m"bolt.log.run" [3msignature[0m[2m=[0m"0x10"
[2m2026-09-04T07:51:57.628196Z[0m [32m INFO[0m bolt message received [3mevent_id[0m[2m=[0m"bolt.log.run" [3msignature[0m[2m=[0m"0x10"
[2m2026-09-04T07:51:57.679032Z[0m [32m INFO[0m [1mnornicdb.bolt.run[0m:[1mnornicdb.cypher.execute[0m: query phase breakdown [3mquery_hash[0m[2m=[0m1524916313068911758 [3mphase_parse_cache_us[0m[2m=[0m5 [3mphase_compliance_us[0m[2m=[0m1 [3mphase_pattern_us[0m[2m=[0m24 [3mphase_eval_us[0m[2m=[0m50018 [3mphase_audit_us[0m[2m=[0m469 [3mphase_total_us[0m[2m=[0m50517 [2m[3mdb.system[0m[2m=[0m"neo4j"[0m [2m[3mdb.operation.name[0m[2m=[0m"read"[0m
[2m2026-09-04T07:51:57.679255Z[0m [32m INFO[0m bolt RUN executed [3mevent_id[0m[2m=[0m"bolt.log.query" [3mquery[0m[2m=[0mUNWIND $rows AS row
		 MATCH (o:Order {orderID: row.orderID})
		 MATCH (p:Product {productID: row.productID})
		 CREATE (o)-[:ORDERS {quantity: row.quantity, discount: row.discount}]->(p) [3mfields[0m[2m=[0m[]
[2m2026-09-04T07:51:57.679373Z[0m [32m INFO[0m bolt message received [3mevent_id[0m[2m=[0m"bolt.log.run" [3msignature[0m[2m=[0m"0x3F"
[2m2026-09-04T07:51:57.679381Z[0m [32m INFO[0m bolt sending responses [3mevent_id[0m[2m=[0m"bolt.log.run" [3mresponse_count[0m[2m=[0m2 [3mresponse_bytes[0m[2m=[0m163 [3mtransport[0m[2m=[0m"tcp"
[2m2026-09-04T07:51:57.679793Z[0m [32m INFO[0m bolt message received [3mevent_id[0m[2m=[0m"bolt.log.run" [3msignature[0m[2m=[0m"0x10"
[2m2026-09-04T07:51:57.684455Z[0m [32m INFO[0m [1mnornicdb.bolt.run[0m:[1mnornicdb.cypher.execute[0m: query phase breakdown [3mquery_hash[0m[2m=[0m1524916313068911758 [3mphase_parse_cache_us[0m[2m=[0m2 [3mphase_compliance_us[0m[2m=[0m1 [3mphase_pattern_us[0m[2m=[0m22 [3mphase_eval_us[0m[2m=[0m55652 [3mphase_audit_us[0m[2m=[0m255 [3mphase_total_us[0m[2m=[0m55932 [2m[3mdb.system[0m[2m=[0m"neo4j"[0m [2m[3mdb.operation.name[0m[2m=[0m"read"[0m
[2m2026-09-04T07:51:57.684672Z[0m [32m INFO[0m bolt RUN executed [3mevent_id[0m[2m=[0m"bolt.log.query" [3mquery[0m[2m=[0mUNWIND $rows AS row
		 MATCH (o:Order {orderID: row.orderID})
		 MATCH (p:Product {productID: row.productID})
		 CREATE (o)-[:ORDERS {quantity: row.quantity, discount: row.discount}]->(p) [3mfields[0m[2m=[0m[]
[2m2026-09-04T07:51:57.684784Z[0m [32m INFO[0m bolt message received [3mevent_id[0m[2m=[0m"bolt.log.run" [3msignature[0m[2m=[0m"0x3F"
[2m2026-09-04T07:51:57.684792Z[0m [32m INFO[0m bolt sending responses [3mevent_id[0m[2m=[0m"bolt.log.run" [3mresponse_count[0m[2m=[0m2 [3mresponse_bytes[0m[2m=[0m163 [3mtransport[0m[2m=[0m"tcp"
[2m2026-09-04T07:51:57.685156Z[0m [32m INFO[0m bolt message received [3mevent_id[0m[2m=[0m"bolt.log.run" [3msignature[0m[2m=[0m"0x10"
[2m2026-09-04T07:51:57.690616Z[0m [32m INFO[0m [1mnornicdb.bolt.run[0m:[1mnornicdb.cypher.execute[0m: query phase breakdown [3mquery_hash[0m[2m=[0m1524916313068911758 [3mphase_parse_cache_us[0m[2m=[0m16 [3mphase_compliance_us[0m[2m=[0m2 [3mphase_pattern_us[0m[2m=[0m21 [3mphase_eval_us[0m[2m=[0m61820 [3mphase_audit_us[0m[2m=[0m258 [3mphase_total_us[0m[2m=[0m62117 [2m[3mdb.system[0m[2m=[0m"neo4j"[0m [2m[3mdb.operation.name[0m[2m=[0m"read"[0m
[2m2026-09-04T07:51:57.690814Z[0m [32m INFO[0m bolt RUN executed [3mevent_id[0m[2m=[0m"bolt.log.query" [3mquery[0m[2m=[0mUNWIND $rows AS row
		 MATCH (o:Order {orderID: row.orderID})
		 MATCH (p:Product {productID: row.productID})
		 CREATE (o)-[:ORDERS {quantity: row.quantity, discount: row.discount}]->(p) [3mfields[0m[2m=[0m[]
[2m2026-09-04T07:51:57.690923Z[0m [32m INFO[0m bolt message received [3mevent_id[0m[2m=[0m"bolt.log.run" [3msignature[0m[2m=[0m"0x3F"
[2m2026-09-04T07:51:57.690937Z[0m [32m INFO[0m bolt sending responses [3mevent_id[0m[2m=[0m"bolt.log.run" [3mresponse_count[0m[2m=[0m2 [3mresponse_bytes[0m[2m=[0m163 [3mtransport[0m[2m=[0m"tcp"
[2m2026-09-04T07:51:57.691305Z[0m [32m INFO[0m bolt message received [3mevent_id[0m[2m=[0m"bolt.log.run" [3msignature[0m[2m=[0m"0x10"
[2m2026-09-04T07:51:57.696845Z[0m [32m INFO[0m [1mnornicdb.bolt.run[0m:[1mnornicdb.cypher.execute[0m: query phase breakdown [3mquery_hash[0m[2m=[0m1524916313068911758 [3mphase_parse_cache_us[0m[2m=[0m6 [3mphase_compliance_us[0m[2m=[0m1 [3mphase_pattern_us[0m[2m=[0m22 [3mphase_eval_us[0m[2m=[0m67989 [3mphase_audit_us[0m[2m=[0m280 [3mphase_total_us[0m[2m=[0m68298 [2m[3mdb.system[0m[2m=[0m"neo4j"[0m [2m[3mdb.operation.name[0m[2m=[0m"read"[0m
[2m2026-09-04T07:51:57.697052Z[0m [32m INFO[0m bolt RUN executed [3mevent_id[0m[2m=[0m"bolt.log.query" [3mquery[0m[2m=[0mUNWIND $rows AS row
		 MATCH (o:Order {orderID: row.orderID})
		 MATCH (p:Product {productID: row.productID})
		 CREATE (o)-[:ORDERS {quantity: row.quantity, discount: row.discount}]->(p) [3mfields[0m[2m=[0m[]
[2m2026-09-04T07:51:57.697172Z[0m [32m INFO[0m bolt message received [3mevent_id[0m[2m=[0m"bolt.log.run" [3msignature[0m[2m=[0m"0x3F"
[2m2026-09-04T07:51:57.697181Z[0m [32m INFO[0m bolt sending responses [3mevent_id[0m[2m=[0m"bolt.log.run" [3mresponse_count[0m[2m=[0m2 [3mresponse_bytes[0m[2m=[0m163 [3mtransport[0m[2m=[0m"tcp"
[2m2026-09-04T07:51:57.697577Z[0m [32m INFO[0m bolt message received [3mevent_id[0m[2m=[0m"bolt.log.run" [3msignature[0m[2m=[0m"0x10"
[2m2026-09-04T07:51:57.726479Z[0m [32m INFO[0m [1mnornicdb.bolt.run[0m:[1mnornicdb.cypher.execute[0m: query phase breakdown [3mquery_hash[0m[2m=[0m1524916313068911758 [3mphase_parse_cache_us[0m[2m=[0m3 [3mphase_compliance_us[0m[2m=[0m1 [3mphase_pattern_us[0m[2m=[0m21 [3mphase_eval_us[0m[2m=[0m46370 [3mphase_audit_us[0m[2m=[0m162 [3mphase_total_us[0m[2m=[0m46557 [2m[3mdb.system[0m[2m=[0m"neo4j"[0m [2m[3mdb.operation.name[0m[2m=[0m"read"[0m
[2m2026-09-04T07:51:57.726708Z[0m [32m INFO[0m bolt RUN executed [3mevent_id[0m[2m=[0m"bolt.log.query" [3mquery[0m[2m=[0mUNWIND $rows AS row
		 MATCH (o:Order {orderID: row.orderID})
		 MATCH (p:Product {productID: row.productID})
		 CREATE (o)-[:ORDERS {quantity: row.quantity, discount: row.discount}]->(p) [3mfields[0m[2m=[0m[]
[2m2026-09-04T07:51:57.726836Z[0m [32m INFO[0m bolt message received [3mevent_id[0m[2m=[0m"bolt.log.run" [3msignature[0m[2m=[0m"0x3F"
[2m2026-09-04T07:51:57.726844Z[0m [32m INFO[0m bolt sending responses [3mevent_id[0m[2m=[0m"bolt.log.run" [3mresponse_count[0m[2m=[0m2 [3mresponse_bytes[0m[2m=[0m163 [3mtransport[0m[2m=[0m"tcp"
[2m2026-09-04T07:51:57.727217Z[0m [32m INFO[0m bolt message received [3mevent_id[0m[2m=[0m"bolt.log.run" [3msignature[0m[2m=[0m"0x10"
[2m2026-09-04T07:51:57.733343Z[0m [32m INFO[0m [1mnornicdb.bolt.run[0m:[1mnornicdb.cypher.execute[0m: query phase breakdown [3mquery_hash[0m[2m=[0m1524916313068911758 [3mphase_parse_cache_us[0m[2m=[0m2 [3mphase_compliance_us[0m[2m=[0m1 [3mphase_pattern_us[0m[2m=[0m20 [3mphase_eval_us[0m[2m=[0m47815 [3mphase_audit_us[0m[2m=[0m217 [3mphase_total_us[0m[2m=[0m48055 [2m[3mdb.system[0m[2m=[0m"neo4j"[0m [2m[3mdb.operation.name[0m[2m=[0m"read"[0m
[2m2026-09-04T07:51:57.733624Z[0m [32m INFO[0m bolt RUN executed [3mevent_id[0m[2m=[0m"bolt.log.query" [3mquery[0m[2m=[0mUNWIND $rows AS row
		 MATCH (o:Order {orderID: row.orderID})
		 MATCH (p:Product {productID: row.productID})
		 CREATE (o)-[:ORDERS {quantity: row.quantity, discount: row.discount}]->(p) [3mfields[0m[2m=[0m[]
[2m2026-09-04T07:51:57.733777Z[0m [32m INFO[0m bolt message received [3mevent_id[0m[2m=[0m"bolt.log.run" [3msignature[0m[2m=[0m"0x3F"
[2m2026-09-04T07:51:57.733796Z[0m [32m INFO[0m bolt sending responses [3mevent_id[0m[2m=[0m"bolt.log.run" [3mresponse_count[0m[2m=[0m2 [3mresponse_bytes[0m[2m=[0m163 [3mtransport[0m[2m=[0m"tcp"
[2m2026-09-04T07:51:57.734216Z[0m [32m INFO[0m bolt message received [3mevent_id[0m[2m=[0m"bolt.log.run" [3msignature[0m[2m=[0m"0x10"
[2m2026-09-04T07:51:57.741739Z[0m [32m INFO[0m [1mnornicdb.bolt.run[0m:[1mnornicdb.cypher.execute[0m: query phase breakdown [3mquery_hash[0m[2m=[0m1524916313068911758 [3mphase_parse_cache_us[0m[2m=[0m2 [3mphase_compliance_us[0m[2m=[0m1 [3mphase_pattern_us[0m[2m=[0m21 [3mphase_eval_us[0m[2m=[0m49846 [3mphase_audit_us[0m[2m=[0m434 [3mphase_total_us[0m[2m=[0m50304 [2m[3mdb.system[0m[2m=[0m"neo4j"[0m [2m[3mdb.operation.name[0m[2m=[0m"read"[0m
[2m2026-09-04T07:51:57.741988Z[0m [32m INFO[0m bolt RUN executed [3mevent_id[0m[2m=[0m"bolt.log.query" [3mquery[0m[2m=[0mUNWIND $rows AS row
		 MATCH (o:Order {orderID: row.orderID})
		 MATCH (p:Product {productID: row.productID})
		 CREATE (o)-[:ORDERS {quantity: row.quantity, discount: row.discount}]->(p) [3mfields[0m[2m=[0m[]
[2m2026-09-04T07:51:57.742124Z[0m [32m INFO[0m bolt message received [3mevent_id[0m[2m=[0m"bolt.log.run" [3msignature[0m[2m=[0m"0x3F"
[2m2026-09-04T07:51:57.742133Z[0m [32m INFO[0m bolt sending responses [3mevent_id[0m[2m=[0m"bolt.log.run" [3mresponse_count[0m[2m=[0m2 [3mresponse_bytes[0m[2m=[0m163 [3mtransport[0m[2m=[0m"tcp"
[2m2026-09-04T07:51:57.742482Z[0m [32m INFO[0m bolt message received [3mevent_id[0m[2m=[0m"bolt.log.run" [3msignature[0m[2m=[0m"0x10"
[2m2026-09-04T07:51:57.747812Z[0m [32m INFO[0m [1mnornicdb.bolt.run[0m:[1mnornicdb.cypher.execute[0m: query phase breakdown [3mquery_hash[0m[2m=[0m1524916313068911758 [3mphase_parse_cache_us[0m[2m=[0m2 [3mphase_compliance_us[0m[2m=[0m1 [3mphase_pattern_us[0m[2m=[0m20 [3mphase_eval_us[0m[2m=[0m49842 [3mphase_audit_us[0m[2m=[0m179 [3mphase_total_us[0m[2m=[0m50044 [2m[3mdb.system[0m[2m=[0m"neo4j"[0m [2m[3mdb.operation.name[0m[2m=[0m"read"[0m
[2m2026-09-04T07:51:57.748058Z[0m [32m INFO[0m bolt RUN executed [3mevent_id[0m[2m=[0m"bolt.log.query" [3mquery[0m[2m=[0mUNWIND $rows AS row
		 MATCH (o:Order {orderID: row.orderID})
		 MATCH (p:Product {productID: row.productID})
		 CREATE (o)-[:ORDERS {quantity: row.quantity, discount: row.discount}]->(p) [3mfields[0m[2m=[0m[]
[2m2026-09-04T07:51:57.748192Z[0m [32m INFO[0m bolt message received [3mevent_id[0m[2m=[0m"bolt.log.run" [3msignature[0m[2m=[0m"0x3F"
[2m2026-09-04T07:51:57.748201Z[0m [32m INFO[0m bolt sending responses [3mevent_id[0m[2m=[0m"bolt.log.run" [3mresponse_count[0m[2m=[0m2 [3mresponse_bytes[0m[2m=[0m163 [3mtransport[0m[2m=[0m"tcp"
[2m2026-09-04T07:51:57.748543Z[0m [32m INFO[0m bolt message received [3mevent_id[0m[2m=[0m"bolt.log.run" [3msignature[0m[2m=[0m"0x10"
[2m2026-09-04T07:51:57.775670Z[0m [32m INFO[0m [1mnornicdb.bolt.run[0m:[1mnornicdb.cypher.execute[0m: query phase breakdown [3mquery_hash[0m[2m=[0m1524916313068911758 [3mphase_parse_cache_us[0m[2m=[0m2 [3mphase_compliance_us[0m[2m=[0m1 [3mphase_pattern_us[0m[2m=[0m21 [3mphase_eval_us[0m[2m=[0m48131 [3mphase_audit_us[0m[2m=[0m173 [3mphase_total_us[0m[2m=[0m48328 [2m[3mdb.system[0m[2m=[0m"neo4j"[0m [2m[3mdb.operation.name[0m[2m=[0m"read"[0m
[2m2026-09-04T07:51:57.775875Z[0m [32m INFO[0m bolt RUN executed [3mevent_id[0m[2m=[0m"bolt.log.query" [3mquery[0m[2m=[0mUNWIND $rows AS row
		 MATCH (o:Order {orderID: row.orderID})
		 MATCH (p:Product {productID: row.productID})
		 CREATE (o)-[:ORDERS {quantity: row.quantity, discount: row.discount}]->(p) [3mfields[0m[2m=[0m[]
[2m2026-09-04T07:51:57.775995Z[0m [32m INFO[0m bolt message received [3mevent_id[0m[2m=[0m"bolt.log.run" [3msignature[0m[2m=[0m"0x3F"
[2m2026-09-04T07:51:57.776006Z[0m [32m INFO[0m bolt sending responses [3mevent_id[0m[2m=[0m"bolt.log.run" [3mresponse_count[0m[2m=[0m2 [3mresponse_bytes[0m[2m=[0m163 [3mtransport[0m[2m=[0m"tcp"
[2m2026-09-04T07:51:57.776380Z[0m [32m INFO[0m bolt message received [3mevent_id[0m[2m=[0m"bolt.log.run" [3msignature[0m[2m=[0m"0x10"
[2m2026-09-04T07:51:57.782642Z[0m [32m INFO[0m [1mnornicdb.bolt.run[0m:[1mnornicdb.cypher.execute[0m: query phase breakdown [3mquery_hash[0m[2m=[0m1524916313068911758 [3mphase_parse_cache_us[0m[2m=[0m2 [3mphase_compliance_us[0m[2m=[0m1 [3mphase_pattern_us[0m[2m=[0m22 [3mphase_eval_us[0m[2m=[0m48046 [3mphase_audit_us[0m[2m=[0m173 [3mphase_total_us[0m[2m=[0m48244 [2m[3mdb.system[0m[2m=[0m"neo4j"[0m [2m[3mdb.operation.name[0m[2m=[0m"read"[0m
[2m2026-09-04T07:51:57.782876Z[0m [32m INFO[0m bolt RUN executed [3mevent_id[0m[2m=[0m"bolt.log.query" [3mquery[0m[2m=[0mUNWIND $rows AS row
		 MATCH (o:Order {orderID: row.orderID})
		 MATCH (p:Product {productID: row.productID})
		 CREATE (o)-[:ORDERS {quantity: row.quantity, discount: row.discount}]->(p) [3mfields[0m[2m=[0m[]
[2m2026-09-04T07:51:57.782987Z[0m [32m INFO[0m bolt message received [3mevent_id[0m[2m=[0m"bolt.log.run" [3msignature[0m[2m=[0m"0x3F"
[2m2026-09-04T07:51:57.782995Z[0m [32m INFO[0m bolt sending responses [3mevent_id[0m[2m=[0m"bolt.log.run" [3mresponse_count[0m[2m=[0m2 [3mresponse_bytes[0m[2m=[0m163 [3mtransport[0m[2m=[0m"tcp"
[2m2026-09-04T07:51:57.783360Z[0m [32m INFO[0m bolt message received [3mevent_id[0m[2m=[0m"bolt.log.run" [3msignature[0m[2m=[0m"0x10"
[2m2026-09-04T07:51:57.790229Z[0m [32m INFO[0m [1mnornicdb.bolt.run[0m:[1mnornicdb.cypher.execute[0m: query phase breakdown [3mquery_hash[0m[2m=[0m1524916313068911758 [3mphase_parse_cache_us[0m[2m=[0m2 [3mphase_compliance_us[0m[2m=[0m1 [3mphase_pattern_us[0m[2m=[0m21 [3mphase_eval_us[0m[2m=[0m47412 [3mphase_audit_us[0m[2m=[0m165 [3mphase_total_us[0m[2m=[0m47601 [2m[3mdb.system[0m[2m=[0m"neo4j"[0m [2m[3mdb.operation.name[0m[2m=[0m"read"[0m
[2m2026-09-04T07:51:57.790433Z[0m [32m INFO[0m bolt RUN executed [3mevent_id[0m[2m=[0m"bolt.log.query" [3mquery[0m[2m=[0mUNWIND $rows AS row
		 MATCH (o:Order {orderID: row.orderID})
		 MATCH (p:Product {productID: row.productID})
		 CREATE (o)-[:ORDERS {quantity: row.quantity, discount: row.discount}]->(p) [3mfields[0m[2m=[0m[]
[2m2026-09-04T07:51:57.790546Z[0m [32m INFO[0m bolt message received [3mevent_id[0m[2m=[0m"bolt.log.run" [3msignature[0m[2m=[0m"0x3F"
[2m2026-09-04T07:51:57.790555Z[0m [32m INFO[0m bolt sending responses [3mevent_id[0m[2m=[0m"bolt.log.run" [3mresponse_count[0m[2m=[0m2 [3mresponse_bytes[0m[2m=[0m163 [3mtransport[0m[2m=[0m"tcp"
[2m2026-09-04T07:51:57.790975Z[0m [32m INFO[0m bolt message received [3mevent_id[0m[2m=[0m"bolt.log.run" [3msignature[0m[2m=[0m"0x10"
[2m2026-09-04T07:51:57.797359Z[0m [32m INFO[0m [1mnornicdb.bolt.run[0m:[1mnornicdb.cypher.execute[0m: query phase breakdown [3mquery_hash[0m[2m=[0m1524916313068911758 [3mphase_parse_cache_us[0m[2m=[0m2 [3mphase_compliance_us[0m[2m=[0m0 [3mphase_pattern_us[0m[2m=[0m19 [3mphase_eval_us[0m[2m=[0m48489 [3mphase_audit_us[0m[2m=[0m172 [3mphase_total_us[0m[2m=[0m48682 [2m[3mdb.system[0m[2m=[0m"neo4j"[0m [2m[3mdb.operation.name[0m[2m=[0m"read"[0m
[2m2026-09-04T07:51:57.797583Z[0m [32m INFO[0m bolt RUN executed [3mevent_id[0m[2m=[0m"bolt.log.query" [3mquery[0m[2m=[0mUNWIND $rows AS row
		 MATCH (o:Order {orderID: row.orderID})
		 MATCH (p:Product {productID: row.productID})
		 CREATE (o)-[:ORDERS {quantity: row.quantity, discount: row.discount}]->(p) [3mfields[0m[2m=[0m[]
[2m2026-09-04T07:51:57.797708Z[0m [32m INFO[0m bolt message received [3mevent_id[0m[2m=[0m"bolt.log.run" [3msignature[0m[2m=[0m"0x3F"
[2m2026-09-04T07:51:57.797717Z[0m [32m INFO[0m bolt sending responses [3mevent_id[0m[2m=[0m"bolt.log.run" [3mresponse_count[0m[2m=[0m2 [3mresponse_bytes[0m[2m=[0m163 [3mtransport[0m[2m=[0m"tcp"
[2m2026-09-04T07:51:57.798128Z[0m [32m INFO[0m bolt message received [3mevent_id[0m[2m=[0m"bolt.log.run" [3msignature[0m[2m=[0m"0x10"
[2m2026-09-04T07:51:57.827185Z[0m [32m INFO[0m [1mnornicdb.bolt.run[0m:[1mnornicdb.cypher.execute[0m: query phase breakdown [3mquery_hash[0m[2m=[0m1524916313068911758 [3mphase_parse_cache_us[0m[2m=[0m2 [3mphase_compliance_us[0m[2m=[0m1 [3mphase_pattern_us[0m[2m=[0m21 [3mphase_eval_us[0m[2m=[0m50184 [3mphase_audit_us[0m[2m=[0m459 [3mphase_total_us[0m[2m=[0m50667 [2m[3mdb.system[0m[2m=[0m"neo4j"[0m [2m[3mdb.operation.name[0m[2m=[0m"read"[0m
[2m2026-09-04T07:51:57.827452Z[0m [32m INFO[0m bolt RUN executed [3mevent_id[0m[2m=[0m"bolt.log.query" [3mquery[0m[2m=[0mUNWIND $rows AS row
		 MATCH (o:Order {orderID: row.orderID})
		 MATCH (p:Product {productID: row.productID})
		 CREATE (o)-[:ORDERS {quantity: row.quantity, discount: row.discount}]->(p) [3mfields[0m[2m=[0m[]
[2m2026-09-04T07:51:57.827598Z[0m [32m INFO[0m bolt message received [3mevent_id[0m[2m=[0m"bolt.log.run" [3msignature[0m[2m=[0m"0x3F"
[2m2026-09-04T07:51:57.827609Z[0m [32m INFO[0m bolt sending responses [3mevent_id[0m[2m=[0m"bolt.log.run" [3mresponse_count[0m[2m=[0m2 [3mresponse_bytes[0m[2m=[0m163 [3mtransport[0m[2m=[0m"tcp"
[2m2026-09-04T07:51:57.827978Z[0m [32m INFO[0m bolt message received [3mevent_id[0m[2m=[0m"bolt.log.run" [3msignature[0m[2m=[0m"0x10"
[2m2026-09-04T07:51:57.833273Z[0m [32m INFO[0m [1mnornicdb.bolt.run[0m:[1mnornicdb.cypher.execute[0m: query phase breakdown [3mquery_hash[0m[2m=[0m1524916313068911758 [3mphase_parse_cache_us[0m[2m=[0m2 [3mphase_compliance_us[0m[2m=[0m0 [3mphase_pattern_us[0m[2m=[0m22 [3mphase_eval_us[0m[2m=[0m49584 [3mphase_audit_us[0m[2m=[0m176 [3mphase_total_us[0m[2m=[0m49784 [2m[3mdb.system[0m[2m=[0m"neo4j"[0m [2m[3mdb.operation.name[0m[2m=[0m"read"[0m
[2m2026-09-04T07:51:57.833537Z[0m [32m INFO[0m bolt RUN executed [3mevent_id[0m[2m=[0m"bolt.log.query" [3mquery[0m[2m=[0mUNWIND $rows AS row
		 MATCH (o:Order {orderID: row.orderID})
		 MATCH (p:Product {productID: row.productID})
		 CREATE (o)-[:ORDERS {quantity: row.quantity, discount: row.discount}]->(p) [3mfields[0m[2m=[0m[]
[2m2026-09-04T07:51:57.833663Z[0m [32m INFO[0m bolt message received [3mevent_id[0m[2m=[0m"bolt.log.run" [3msignature[0m[2m=[0m"0x3F"
[2m2026-09-04T07:51:57.833672Z[0m [32m INFO[0m bolt sending responses [3mevent_id[0m[2m=[0m"bolt.log.run" [3mresponse_count[0m[2m=[0m2 [3mresponse_bytes[0m[2m=[0m163 [3mtransport[0m[2m=[0m"tcp"
[2m2026-09-04T07:51:57.834046Z[0m [32m INFO[0m bolt message received [3mevent_id[0m[2m=[0m"bolt.log.run" [3msignature[0m[2m=[0m"0x10"
[2m2026-09-04T07:51:57.842244Z[0m [32m INFO[0m [1mnornicdb.bolt.run[0m:[1mnornicdb.cypher.execute[0m: query phase breakdown [3mquery_hash[0m[2m=[0m1524916313068911758 [3mphase_parse_cache_us[0m[2m=[0m3 [3mphase_compliance_us[0m[2m=[0m1 [3mphase_pattern_us[0m[2m=[0m21 [3mphase_eval_us[0m[2m=[0m50873 [3mphase_audit_us[0m[2m=[0m188 [3mphase_total_us[0m[2m=[0m51086 [2m[3mdb.system[0m[2m=[0m"neo4j"[0m [2m[3mdb.operation.name[0m[2m=[0m"read"[0m
[2m2026-09-04T07:51:57.842487Z[0m [32m INFO[0m bolt RUN executed [3mevent_id[0m[2m=[0m"bolt.log.query" [3mquery[0m[2m=[0mUNWIND $rows AS row
		 MATCH (o:Order {orderID: row.orderID})
		 MATCH (p:Product {productID: row.productID})
		 CREATE (o)-[:ORDERS {quantity: row.quantity, discount: row.discount}]->(p) [3mfields[0m[2m=[0m[]
[2m2026-09-04T07:51:57.842617Z[0m [32m INFO[0m bolt message received [3mevent_id[0m[2m=[0m"bolt.log.run" [3msignature[0m[2m=[0m"0x3F"
[2m2026-09-04T07:51:57.842628Z[0m [32m INFO[0m bolt sending responses [3mevent_id[0m[2m=[0m"bolt.log.run" [3mresponse_count[0m[2m=[0m2 [3mresponse_bytes[0m[2m=[0m163 [3mtransport[0m[2m=[0m"tcp"
[2m2026-09-04T07:51:57.843041Z[0m [32m INFO[0m bolt message received [3mevent_id[0m[2m=[0m"bolt.log.run" [3msignature[0m[2m=[0m"0x10"
[2m2026-09-04T07:51:57.849186Z[0m [32m INFO[0m [1mnornicdb.bolt.run[0m:[1mnornicdb.cypher.execute[0m: query phase breakdown [3mquery_hash[0m[2m=[0m1524916313068911758 [3mphase_parse_cache_us[0m[2m=[0m2 [3mphase_compliance_us[0m[2m=[0m1 [3mphase_pattern_us[0m[2m=[0m19 [3mphase_eval_us[0m[2m=[0m50670 [3mphase_audit_us[0m[2m=[0m181 [3mphase_total_us[0m[2m=[0m50873 [2m[3mdb.system[0m[2m=[0m"neo4j"[0m [2m[3mdb.operation.name[0m[2m=[0m"read"[0m
[2m2026-09-04T07:51:57.849408Z[0m [32m INFO[0m bolt RUN executed [3mevent_id[0m[2m=[0m"bolt.log.query" [3mquery[0m[2m=[0mUNWIND $rows AS row
		 MATCH (o:Order {orderID: row.orderID})
		 MATCH (p:Product {productID: row.productID})
		 CREATE (o)-[:ORDERS {quantity: row.quantity, discount: row.discount}]->(p) [3mfields[0m[2m=[0m[]
[2m2026-09-04T07:51:57.849530Z[0m [32m INFO[0m bolt message received [3mevent_id[0m[2m=[0m"bolt.log.run" [3msignature[0m[2m=[0m"0x3F"
[2m2026-09-04T07:51:57.849538Z[0m [32m INFO[0m bolt sending responses [3mevent_id[0m[2m=[0m"bolt.log.run" [3mresponse_count[0m[2m=[0m2 [3mresponse_bytes[0m[2m=[0m163 [3mtransport[0m[2m=[0m"tcp"
[2m2026-09-04T07:51:57.849903Z[0m [32m INFO[0m bolt message received [3mevent_id[0m[2m=[0m"bolt.log.run" [3msignature[0m[2m=[0m"0x10"
[2m2026-09-04T07:51:57.878751Z[0m [32m INFO[0m [1mnornicdb.bolt.run[0m:[1mnornicdb.cypher.execute[0m: query phase breakdown [3mquery_hash[0m[2m=[0m1524916313068911758 [3mphase_parse_cache_us[0m[2m=[0m3 [3mphase_compliance_us[0m[2m=[0m1 [3mphase_pattern_us[0m[2m=[0m24 [3mphase_eval_us[0m[2m=[0m50059 [3mphase_audit_us[0m[2m=[0m549 [3mphase_total_us[0m[2m=[0m50636 [2m[3mdb.system[0m[2m=[0m"neo4j"[0m [2m[3mdb.operation.name[0m[2m=[0m"read"[0m
[2m2026-09-04T07:51:57.878967Z[0m [32m INFO[0m bolt RUN executed [3mevent_id[0m[2m=[0m"bolt.log.query" [3mquery[0m[2m=[0mUNWIND $rows AS row
		 MATCH (o:Order {orderID: row.orderID})
		 MATCH (p:Product {productID: row.productID})
		 CREATE (o)-[:ORDERS {quantity: row.quantity, discount: row.discount}]->(p) [3mfields[0m[2m=[0m[]
[2m2026-09-04T07:51:57.879087Z[0m [32m INFO[0m bolt message received [3mevent_id[0m[2m=[0m"bolt.log.run" [3msignature[0m[2m=[0m"0x3F"
[2m2026-09-04T07:51:57.879096Z[0m [32m INFO[0m bolt sending responses [3mevent_id[0m[2m=[0m"bolt.log.run" [3mresponse_count[0m[2m=[0m2 [3mresponse_bytes[0m[2m=[0m163 [3mtransport[0m[2m=[0m"tcp"
[2m2026-09-04T07:51:57.879502Z[0m [32m INFO[0m bolt message received [3mevent_id[0m[2m=[0m"bolt.log.run" [3msignature[0m[2m=[0m"0x10"
[2m2026-09-04T07:51:57.885000Z[0m [32m INFO[0m [1mnornicdb.bolt.run[0m:[1mnornicdb.cypher.execute[0m: query phase breakdown [3mquery_hash[0m[2m=[0m1524916313068911758 [3mphase_parse_cache_us[0m[2m=[0m2 [3mphase_compliance_us[0m[2m=[0m0 [3mphase_pattern_us[0m[2m=[0m21 [3mphase_eval_us[0m[2m=[0m50570 [3mphase_audit_us[0m[2m=[0m183 [3mphase_total_us[0m[2m=[0m50776 [2m[3mdb.system[0m[2m=[0m"neo4j"[0m [2m[3mdb.operation.name[0m[2m=[0m"read"[0m
[2m2026-09-04T07:51:57.885229Z[0m [32m INFO[0m bolt RUN executed [3mevent_id[0m[2m=[0m"bolt.log.query" [3mquery[0m[2m=[0mUNWIND $rows AS row
		 MATCH (o:Order {orderID: row.orderID})
		 MATCH (p:Product {productID: row.productID})
		 CREATE (o)-[:ORDERS {quantity: row.quantity, discount: row.discount}]->(p) [3mfields[0m[2m=[0m[]
[2m2026-09-04T07:51:57.885344Z[0m [32m INFO[0m bolt message received [3mevent_id[0m[2m=[0m"bolt.log.run" [3msignature[0m[2m=[0m"0x3F"
[2m2026-09-04T07:51:57.885351Z[0m [32m INFO[0m bolt sending responses [3mevent_id[0m[2m=[0m"bolt.log.run" [3mresponse_count[0m[2m=[0m2 [3mresponse_bytes[0m[2m=[0m163 [3mtransport[0m[2m=[0m"tcp"
[2m2026-09-04T07:51:57.885762Z[0m [32m INFO[0m bolt message received [3mevent_id[0m[2m=[0m"bolt.log.run" [3msignature[0m[2m=[0m"0x10"
[2m2026-09-04T07:51:57.894321Z[0m [32m INFO[0m [1mnornicdb.bolt.run[0m:[1mnornicdb.cypher.execute[0m: query phase breakdown [3mquery_hash[0m[2m=[0m1524916313068911758 [3mphase_parse_cache_us[0m[2m=[0m2 [3mphase_compliance_us[0m[2m=[0m1 [3mphase_pattern_us[0m[2m=[0m21 [3mphase_eval_us[0m[2m=[0m50574 [3mphase_audit_us[0m[2m=[0m500 [3mphase_total_us[0m[2m=[0m51098 [2m[3mdb.system[0m[2m=[0m"neo4j"[0m [2m[3mdb.operation.name[0m[2m=[0m"read"[0m
[2m2026-09-04T07:51:57.894523Z[0m [32m INFO[0m bolt RUN executed [3mevent_id[0m[2m=[0m"bolt.log.query" [3mquery[0m[2m=[0mUNWIND $rows AS row
		 MATCH (o:Order {orderID: row.orderID})
		 MATCH (p:Product {productID: row.productID})
		 CREATE (o)-[:ORDERS {quantity: row.quantity, discount: row.discount}]->(p) [3mfields[0m[2m=[0m[]
[2m2026-09-04T07:51:57.894638Z[0m [32m INFO[0m bolt message received [3mevent_id[0m[2m=[0m"bolt.log.run" [3msignature[0m[2m=[0m"0x3F"
[2m2026-09-04T07:51:57.894649Z[0m [32m INFO[0m bolt sending responses [3mevent_id[0m[2m=[0m"bolt.log.run" [3mresponse_count[0m[2m=[0m2 [3mresponse_bytes[0m[2m=[0m163 [3mtransport[0m[2m=[0m"tcp"
[2m2026-09-04T07:51:57.894986Z[0m [32m INFO[0m bolt message received [3mevent_id[0m[2m=[0m"bolt.log.run" [3msignature[0m[2m=[0m"0x10"
[2m2026-09-04T07:51:57.900821Z[0m [32m INFO[0m [1mnornicdb.bolt.run[0m:[1mnornicdb.cypher.execute[0m: query phase breakdown [3mquery_hash[0m[2m=[0m1524916313068911758 [3mphase_parse_cache_us[0m[2m=[0m3 [3mphase_compliance_us[0m[2m=[0m1 [3mphase_pattern_us[0m[2m=[0m21 [3mphase_eval_us[0m[2m=[0m50585 [3mphase_audit_us[0m[2m=[0m176 [3mphase_total_us[0m[2m=[0m50786 [2m[3mdb.system[0m[2m=[0m"neo4j"[0m [2m[3mdb.operation.name[0m[2m=[0m"read"[0m
[2m2026-09-04T07:51:57.901010Z[0m [32m INFO[0m bolt RUN executed [3mevent_id[0m[2m=[0m"bolt.log.query" [3mquery[0m[2m=[0mUNWIND $rows AS row
		 MATCH (o:Order {orderID: row.orderID})
		 MATCH (p:Product {productID: row.productID})
		 CREATE (o)-[:ORDERS {quantity: row.quantity, discount: row.discount}]->(p) [3mfields[0m[2m=[0m[]
[2m2026-09-04T07:51:57.901115Z[0m [32m INFO[0m bolt message received [3mevent_id[0m[2m=[0m"bolt.log.run" [3msignature[0m[2m=[0m"0x3F"
[2m2026-09-04T07:51:57.901126Z[0m [32m INFO[0m bolt sending responses [3mevent_id[0m[2m=[0m"bolt.log.run" [3mresponse_count[0m[2m=[0m2 [3mresponse_bytes[0m[2m=[0m163 [3mtransport[0m[2m=[0m"tcp"
[2m2026-09-04T07:51:57.901489Z[0m [32m INFO[0m bolt message received [3mevent_id[0m[2m=[0m"bolt.log.run" [3msignature[0m[2m=[0m"0x10"
[2m2026-09-04T07:51:57.929947Z[0m [32m INFO[0m [1mnornicdb.bolt.run[0m:[1mnornicdb.cypher.execute[0m: query phase breakdown [3mquery_hash[0m[2m=[0m1524916313068911758 [3mphase_parse_cache_us[0m[2m=[0m3 [3mphase_compliance_us[0m[2m=[0m1 [3mphase_pattern_us[0m[2m=[0m22 [3mphase_eval_us[0m[2m=[0m50084 [3mphase_audit_us[0m[2m=[0m186 [3mphase_total_us[0m[2m=[0m50296 [2m[3mdb.system[0m[2m=[0m"neo4j"[0m [2m[3mdb.operation.name[0m[2m=[0m"read"[0m
[2m2026-09-04T07:51:57.930196Z[0m [32m INFO[0m bolt RUN executed [3mevent_id[0m[2m=[0m"bolt.log.query" [3mquery[0m[2m=[0mUNWIND $rows AS row
		 MATCH (o:Order {orderID: row.orderID})
		 MATCH (p:Product {productID: row.productID})
		 CREATE (o)-[:ORDERS {quantity: row.quantity, discount: row.discount}]->(p) [3mfields[0m[2m=[0m[]
[2m2026-09-04T07:51:57.930362Z[0m [32m INFO[0m bolt message received [3mevent_id[0m[2m=[0m"bolt.log.run" [3msignature[0m[2m=[0m"0x3F"
[2m2026-09-04T07:51:57.930371Z[0m [32m INFO[0m bolt sending responses [3mevent_id[0m[2m=[0m"bolt.log.run" [3mresponse_count[0m[2m=[0m2 [3mresponse_bytes[0m[2m=[0m163 [3mtransport[0m[2m=[0m"tcp"
[2m2026-09-04T07:51:57.930769Z[0m [32m INFO[0m bolt message received [3mevent_id[0m[2m=[0m"bolt.log.run" [3msignature[0m[2m=[0m"0x10"
[2m2026-09-04T07:51:57.937292Z[0m [32m INFO[0m [1mnornicdb.bolt.run[0m:[1mnornicdb.cypher.execute[0m: query phase breakdown [3mquery_hash[0m[2m=[0m1524916313068911758 [3mphase_parse_cache_us[0m[2m=[0m2 [3mphase_compliance_us[0m[2m=[0m0 [3mphase_pattern_us[0m[2m=[0m19 [3mphase_eval_us[0m[2m=[0m51071 [3mphase_audit_us[0m[2m=[0m248 [3mphase_total_us[0m[2m=[0m51340 [2m[3mdb.system[0m[2m=[0m"neo4j"[0m [2m[3mdb.operation.name[0m[2m=[0m"read"[0m
[2m2026-09-04T07:51:57.937550Z[0m [32m INFO[0m bolt RUN executed [3mevent_id[0m[2m=[0m"bolt.log.query" [3mquery[0m[2m=[0mUNWIND $rows AS row
		 MATCH (o:Order {orderID: row.orderID})
		 MATCH (p:Product {productID: row.productID})
		 CREATE (o)-[:ORDERS {quantity: row.quantity, discount: row.discount}]->(p) [3mfields[0m[2m=[0m[]
[2m2026-09-04T07:51:57.937701Z[0m [32m INFO[0m bolt message received [3mevent_id[0m[2m=[0m"bolt.log.run" [3msignature[0m[2m=[0m"0x3F"
[2m2026-09-04T07:51:57.937709Z[0m [32m INFO[0m bolt sending responses [3mevent_id[0m[2m=[0m"bolt.log.run" [3mresponse_count[0m[2m=[0m2 [3mresponse_bytes[0m[2m=[0m163 [3mtransport[0m[2m=[0m"tcp"
[2m2026-09-04T07:51:57.938103Z[0m [32m INFO[0m bolt message received [3mevent_id[0m[2m=[0m"bolt.log.run" [3msignature[0m[2m=[0m"0x10"
[2m2026-09-04T07:51:57.945618Z[0m [32m INFO[0m [1mnornicdb.bolt.run[0m:[1mnornicdb.cypher.execute[0m: query phase breakdown [3mquery_hash[0m[2m=[0m1524916313068911758 [3mphase_parse_cache_us[0m[2m=[0m2 [3mphase_compliance_us[0m[2m=[0m1 [3mphase_pattern_us[0m[2m=[0m21 [3mphase_eval_us[0m[2m=[0m50315 [3mphase_audit_us[0m[2m=[0m163 [3mphase_total_us[0m[2m=[0m50502 [2m[3mdb.system[0m[2m=[0m"neo4j"[0m [2m[3mdb.operation.name[0m[2m=[0m"read"[0m
[2m2026-09-04T07:51:57.945867Z[0m [32m INFO[0m bolt RUN executed [3mevent_id[0m[2m=[0m"bolt.log.query" [3mquery[0m[2m=[0mUNWIND $rows AS row
		 MATCH (o:Order {orderID: row.orderID})
		 MATCH (p:Product {productID: row.productID})
		 CREATE (o)-[:ORDERS {quantity: row.quantity, discount: row.discount}]->(p) [3mfields[0m[2m=[0m[]
[2m2026-09-04T07:51:57.945990Z[0m [32m INFO[0m bolt message received [3mevent_id[0m[2m=[0m"bolt.log.run" [3msignature[0m[2m=[0m"0x3F"
[2m2026-09-04T07:51:57.946000Z[0m [32m INFO[0m bolt sending responses [3mevent_id[0m[2m=[0m"bolt.log.run" [3mresponse_count[0m[2m=[0m2 [3mresponse_bytes[0m[2m=[0m163 [3mtransport[0m[2m=[0m"tcp"
[2m2026-09-04T07:51:57.946403Z[0m [32m INFO[0m bolt message received [3mevent_id[0m[2m=[0m"bolt.log.run" [3msignature[0m[2m=[0m"0x10"
[2m2026-09-04T07:51:57.953120Z[0m [32m INFO[0m [1mnornicdb.bolt.run[0m:[1mnornicdb.cypher.execute[0m: query phase breakdown [3mquery_hash[0m[2m=[0m1524916313068911758 [3mphase_parse_cache_us[0m[2m=[0m3 [3mphase_compliance_us[0m[2m=[0m1 [3mphase_pattern_us[0m[2m=[0m22 [3mphase_eval_us[0m[2m=[0m51311 [3mphase_audit_us[0m[2m=[0m173 [3mphase_total_us[0m[2m=[0m51510 [2m[3mdb.system[0m[2m=[0m"neo4j"[0m [2m[3mdb.operation.name[0m[2m=[0m"read"[0m
[2m2026-09-04T07:51:57.953332Z[0m [32m INFO[0m bolt RUN executed [3mevent_id[0m[2m=[0m"bolt.log.query" [3mquery[0m[2m=[0mUNWIND $rows AS row
		 MATCH (o:Order {orderID: row.orderID})
		 MATCH (p:Product {productID: row.productID})
		 CREATE (o)-[:ORDERS {quantity: row.quantity, discount: row.discount}]->(p) [3mfields[0m[2m=[0m[]
[2m2026-09-04T07:51:57.953448Z[0m [32m INFO[0m bolt message received [3mevent_id[0m[2m=[0m"bolt.log.run" [3msignature[0m[2m=[0m"0x3F"
[2m2026-09-04T07:51:57.953455Z[0m [32m INFO[0m bolt sending responses [3mevent_id[0m[2m=[0m"bolt.log.run" [3mresponse_count[0m[2m=[0m2 [3mresponse_bytes[0m[2m=[0m163 [3mtransport[0m[2m=[0m"tcp"
[2m2026-09-04T07:51:57.953840Z[0m [32m INFO[0m bolt message received [3mevent_id[0m[2m=[0m"bolt.log.run" [3msignature[0m[2m=[0m"0x10"
[2m2026-09-04T07:51:57.981972Z[0m [32m INFO[0m [1mnornicdb.bolt.run[0m:[1mnornicdb.cypher.execute[0m: query phase breakdown [3mquery_hash[0m[2m=[0m1524916313068911758 [3mphase_parse_cache_us[0m[2m=[0m3 [3mphase_compliance_us[0m[2m=[0m2 [3mphase_pattern_us[0m[2m=[0m24 [3mphase_eval_us[0m[2m=[0m50563 [3mphase_audit_us[0m[2m=[0m476 [3mphase_total_us[0m[2m=[0m51068 [2m[3mdb.system[0m[2m=[0m"neo4j"[0m [2m[3mdb.operation.name[0m[2m=[0m"read"[0m
[2m2026-09-04T07:51:57.982177Z[0m [32m INFO[0m bolt RUN executed [3mevent_id[0m[2m=[0m"bolt.log.query" [3mquery[0m[2m=[0mUNWIND $rows AS row
		 MATCH (o:Order {orderID: row.orderID})
		 MATCH (p:Product {productID: row.productID})
		 CREATE (o)-[:ORDERS {quantity: row.quantity, discount: row.discount}]->(p) [3mfields[0m[2m=[0m[]
[2m2026-09-04T07:51:57.982294Z[0m [32m INFO[0m bolt message received [3mevent_id[0m[2m=[0m"bolt.log.run" [3msignature[0m[2m=[0m"0x3F"
[2m2026-09-04T07:51:57.982302Z[0m [32m INFO[0m bolt sending responses [3mevent_id[0m[2m=[0m"bolt.log.run" [3mresponse_count[0m[2m=[0m2 [3mresponse_bytes[0m[2m=[0m163 [3mtransport[0m[2m=[0m"tcp"
[2m2026-09-04T07:51:57.982681Z[0m [32m INFO[0m bolt message received [3mevent_id[0m[2m=[0m"bolt.log.run" [3msignature[0m[2m=[0m"0x10"
[2m2026-09-04T07:51:57.988510Z[0m [32m INFO[0m [1mnornicdb.bolt.run[0m:[1mnornicdb.cypher.execute[0m: query phase breakdown [3mquery_hash[0m[2m=[0m1524916313068911758 [3mphase_parse_cache_us[0m[2m=[0m3 [3mphase_compliance_us[0m[2m=[0m1 [3mphase_pattern_us[0m[2m=[0m21 [3mphase_eval_us[0m[2m=[0m50005 [3mphase_audit_us[0m[2m=[0m186 [3mphase_total_us[0m[2m=[0m50216 [2m[3mdb.system[0m[2m=[0m"neo4j"[0m [2m[3mdb.operation.name[0m[2m=[0m"read"[0m
[2m2026-09-04T07:51:57.988737Z[0m [32m INFO[0m bolt RUN executed [3mevent_id[0m[2m=[0m"bolt.log.query" [3mquery[0m[2m=[0mUNWIND $rows AS row
		 MATCH (o:Order {orderID: row.orderID})
		 MATCH (p:Product {productID: row.productID})
		 CREATE (o)-[:ORDERS {quantity: row.quantity, discount: row.discount}]->(p) [3mfields[0m[2m=[0m[]
[2m2026-09-04T07:51:57.988848Z[0m [32m INFO[0m bolt message received [3mevent_id[0m[2m=[0m"bolt.log.run" [3msignature[0m[2m=[0m"0x3F"
[2m2026-09-04T07:51:57.988856Z[0m [32m INFO[0m bolt sending responses [3mevent_id[0m[2m=[0m"bolt.log.run" [3mresponse_count[0m[2m=[0m2 [3mresponse_bytes[0m[2m=[0m163 [3mtransport[0m[2m=[0m"tcp"
[2m2026-09-04T07:51:57.989250Z[0m [32m INFO[0m bolt message received [3mevent_id[0m[2m=[0m"bolt.log.run" [3msignature[0m[2m=[0m"0x10"
[2m2026-09-04T07:51:57.997047Z[0m [32m INFO[0m [1mnornicdb.bolt.run[0m:[1mnornicdb.cypher.execute[0m: query phase breakdown [3mquery_hash[0m[2m=[0m1524916313068911758 [3mphase_parse_cache_us[0m[2m=[0m2 [3mphase_compliance_us[0m[2m=[0m1 [3mphase_pattern_us[0m[2m=[0m21 [3mphase_eval_us[0m[2m=[0m50259 [3mphase_audit_us[0m[2m=[0m180 [3mphase_total_us[0m[2m=[0m50463 [2m[3mdb.system[0m[2m=[0m"neo4j"[0m [2m[3mdb.operation.name[0m[2m=[0m"read"[0m
[2m2026-09-04T07:51:57.997231Z[0m [32m INFO[0m bolt RUN executed [3mevent_id[0m[2m=[0m"bolt.log.query" [3mquery[0m[2m=[0mUNWIND $rows AS row
		 MATCH (o:Order {orderID: row.orderID})
		 MATCH (p:Product {productID: row.productID})
		 CREATE (o)-[:ORDERS {quantity: row.quantity, discount: row.discount}]->(p) [3mfields[0m[2m=[0m[]
[2m2026-09-04T07:51:57.997341Z[0m [32m INFO[0m bolt message received [3mevent_id[0m[2m=[0m"bolt.log.run" [3msignature[0m[2m=[0m"0x3F"
[2m2026-09-04T07:51:57.997349Z[0m [32m INFO[0m bolt sending responses [3mevent_id[0m[2m=[0m"bolt.log.run" [3mresponse_count[0m[2m=[0m2 [3mresponse_bytes[0m[2m=[0m163 [3mtransport[0m[2m=[0m"tcp"
[2m2026-09-04T07:51:57.997759Z[0m [32m INFO[0m bolt message received [3mevent_id[0m[2m=[0m"bolt.log.run" [3msignature[0m[2m=[0m"0x10"
[2m2026-09-04T07:51:58.004270Z[0m [32m INFO[0m [1mnornicdb.bolt.run[0m:[1mnornicdb.cypher.execute[0m: query phase breakdown [3mquery_hash[0m[2m=[0m1524916313068911758 [3mphase_parse_cache_us[0m[2m=[0m2 [3mphase_compliance_us[0m[2m=[0m0 [3mphase_pattern_us[0m[2m=[0m30 [3mphase_eval_us[0m[2m=[0m50034 [3mphase_audit_us[0m[2m=[0m166 [3mphase_total_us[0m[2m=[0m50232 [2m[3mdb.system[0m[2m=[0m"neo4j"[0m [2m[3mdb.operation.name[0m[2m=[0m"read"[0m
[2m2026-09-04T07:51:58.004462Z[0m [32m INFO[0m bolt RUN executed [3mevent_id[0m[2m=[0m"bolt.log.query" [3mquery[0m[2m=[0mUNWIND $rows AS row
		 MATCH (o:Order {orderID: row.orderID})
		 MATCH (p:Product {productID: row.productID})
		 CREATE (o)-[:ORDERS {quantity: row.quantity, discount: row.discount}]->(p) [3mfields[0m[2m=[0m[]
[2m2026-09-04T07:51:58.004567Z[0m [32m INFO[0m bolt message received [3mevent_id[0m[2m=[0m"bolt.log.run" [3msignature[0m[2m=[0m"0x3F"
[2m2026-09-04T07:51:58.004576Z[0m [32m INFO[0m bolt sending responses [3mevent_id[0m[2m=[0m"bolt.log.run" [3mresponse_count[0m[2m=[0m2 [3mresponse_bytes[0m[2m=[0m163 [3mtransport[0m[2m=[0m"tcp"
[2m2026-09-04T07:51:58.004965Z[0m [32m INFO[0m bolt message received [3mevent_id[0m[2m=[0m"bolt.log.run" [3msignature[0m[2m=[0m"0x10"
[2m2026-09-04T07:51:58.030875Z[0m [32m INFO[0m [1mnornicdb.bolt.run[0m:[1mnornicdb.cypher.execute[0m: query phase breakdown [3mquery_hash[0m[2m=[0m1524916313068911758 [3mphase_parse_cache_us[0m[2m=[0m2 [3mphase_compliance_us[0m[2m=[0m1 [3mphase_pattern_us[0m[2m=[0m23 [3mphase_eval_us[0m[2m=[0m47855 [3mphase_audit_us[0m[2m=[0m161 [3mphase_total_us[0m[2m=[0m48042 [2m[3mdb.system[0m[2m=[0m"neo4j"[0m [2m[3mdb.operation.name[0m[2m=[0m"read"[0m
[2m2026-09-04T07:51:58.031079Z[0m [32m INFO[0m bolt RUN executed [3mevent_id[0m[2m=[0m"bolt.log.query" [3mquery[0m[2m=[0mUNWIND $rows AS row
		 MATCH (o:Order {orderID: row.orderID})
		 MATCH (p:Product {productID: row.productID})
		 CREATE (o)-[:ORDERS {quantity: row.quantity, discount: row.discount}]->(p) [3mfields[0m[2m=[0m[]
[2m2026-09-04T07:51:58.031202Z[0m [32m INFO[0m bolt message received [3mevent_id[0m[2m=[0m"bolt.log.run" [3msignature[0m[2m=[0m"0x3F"
[2m2026-09-04T07:51:58.031211Z[0m [32m INFO[0m bolt sending responses [3mevent_id[0m[2m=[0m"bolt.log.run" [3mresponse_count[0m[2m=[0m2 [3mresponse_bytes[0m[2m=[0m163 [3mtransport[0m[2m=[0m"tcp"
[2m2026-09-04T07:51:58.031633Z[0m [32m INFO[0m bolt message received [3mevent_id[0m[2m=[0m"bolt.log.run" [3msignature[0m[2m=[0m"0x10"
[2m2026-09-04T07:51:58.038414Z[0m [32m INFO[0m [1mnornicdb.bolt.run[0m:[1mnornicdb.cypher.execute[0m: query phase breakdown [3mquery_hash[0m[2m=[0m1524916313068911758 [3mphase_parse_cache_us[0m[2m=[0m2 [3mphase_compliance_us[0m[2m=[0m0 [3mphase_pattern_us[0m[2m=[0m20 [3mphase_eval_us[0m[2m=[0m48772 [3mphase_audit_us[0m[2m=[0m185 [3mphase_total_us[0m[2m=[0m48979 [2m[3mdb.system[0m[2m=[0m"neo4j"[0m [2m[3mdb.operation.name[0m[2m=[0m"read"[0m
[2m2026-09-04T07:51:58.038640Z[0m [32m INFO[0m bolt RUN executed [3mevent_id[0m[2m=[0m"bolt.log.query" [3mquery[0m[2m=[0mUNWIND $rows AS row
		 MATCH (o:Order {orderID: row.orderID})
		 MATCH (p:Product {productID: row.productID})
		 CREATE (o)-[:ORDERS {quantity: row.quantity, discount: row.discount}]->(p) [3mfields[0m[2m=[0m[]
[2m2026-09-04T07:51:58.038764Z[0m [32m INFO[0m bolt message received [3mevent_id[0m[2m=[0m"bolt.log.run" [3msignature[0m[2m=[0m"0x3F"
[2m2026-09-04T07:51:58.038772Z[0m [32m INFO[0m bolt sending responses [3mevent_id[0m[2m=[0m"bolt.log.run" [3mresponse_count[0m[2m=[0m2 [3mresponse_bytes[0m[2m=[0m163 [3mtransport[0m[2m=[0m"tcp"
[2m2026-09-04T07:51:58.039164Z[0m [32m INFO[0m bolt message received [3mevent_id[0m[2m=[0m"bolt.log.run" [3msignature[0m[2m=[0m"0x10"
[2m2026-09-04T07:51:58.046042Z[0m [32m INFO[0m [1mnornicdb.bolt.run[0m:[1mnornicdb.cypher.execute[0m: query phase breakdown [3mquery_hash[0m[2m=[0m1524916313068911758 [3mphase_parse_cache_us[0m[2m=[0m2 [3mphase_compliance_us[0m[2m=[0m1 [3mphase_pattern_us[0m[2m=[0m22 [3mphase_eval_us[0m[2m=[0m47913 [3mphase_audit_us[0m[2m=[0m171 [3mphase_total_us[0m[2m=[0m48109 [2m[3mdb.system[0m[2m=[0m"neo4j"[0m [2m[3mdb.operation.name[0m[2m=[0m"read"[0m
[2m2026-09-04T07:51:58.046250Z[0m [32m INFO[0m bolt RUN executed [3mevent_id[0m[2m=[0m"bolt.log.query" [3mquery[0m[2m=[0mUNWIND $rows AS row
		 MATCH (o:Order {orderID: row.orderID})
		 MATCH (p:Product {productID: row.productID})
		 CREATE (o)-[:ORDERS {quantity: row.quantity, discount: row.discount}]->(p) [3mfields[0m[2m=[0m[]
[2m2026-09-04T07:51:58.046362Z[0m [32m INFO[0m bolt message received [3mevent_id[0m[2m=[0m"bolt.log.run" [3msignature[0m[2m=[0m"0x3F"
[2m2026-09-04T07:51:58.046370Z[0m [32m INFO[0m bolt sending responses [3mevent_id[0m[2m=[0m"bolt.log.run" [3mresponse_count[0m[2m=[0m2 [3mresponse_bytes[0m[2m=[0m163 [3mtransport[0m[2m=[0m"tcp"
[2m2026-09-04T07:51:58.046777Z[0m [32m INFO[0m bolt message received [3mevent_id[0m[2m=[0m"bolt.log.run" [3msignature[0m[2m=[0m"0x10"
[2m2026-09-04T07:51:58.053790Z[0m [32m INFO[0m [1mnornicdb.bolt.run[0m:[1mnornicdb.cypher.execute[0m: query phase breakdown [3mquery_hash[0m[2m=[0m1524916313068911758 [3mphase_parse_cache_us[0m[2m=[0m2 [3mphase_compliance_us[0m[2m=[0m1 [3mphase_pattern_us[0m[2m=[0m23 [3mphase_eval_us[0m[2m=[0m48433 [3mphase_audit_us[0m[2m=[0m169 [3mphase_total_us[0m[2m=[0m48628 [2m[3mdb.system[0m[2m=[0m"neo4j"[0m [2m[3mdb.operation.name[0m[2m=[0m"read"[0m
[2m2026-09-04T07:51:58.054013Z[0m [32m INFO[0m bolt RUN executed [3mevent_id[0m[2m=[0m"bolt.log.query" [3mquery[0m[2m=[0mUNWIND $rows AS row
		 MATCH (o:Order {orderID: row.orderID})
		 MATCH (p:Product {productID: row.productID})
		 CREATE (o)-[:ORDERS {quantity: row.quantity, discount: row.discount}]->(p) [3mfields[0m[2m=[0m[]
[2m2026-09-04T07:51:58.054142Z[0m [32m INFO[0m bolt message received [3mevent_id[0m[2m=[0m"bolt.log.run" [3msignature[0m[2m=[0m"0x3F"
[2m2026-09-04T07:51:58.054149Z[0m [32m INFO[0m bolt sending responses [3mevent_id[0m[2m=[0m"bolt.log.run" [3mresponse_count[0m[2m=[0m2 [3mresponse_bytes[0m[2m=[0m163 [3mtransport[0m[2m=[0m"tcp"
[2m2026-09-04T07:51:58.054558Z[0m [32m INFO[0m bolt message received [3mevent_id[0m[2m=[0m"bolt.log.run" [3msignature[0m[2m=[0m"0x10"
[2m2026-09-04T07:51:58.082140Z[0m [32m INFO[0m [1mnornicdb.bolt.run[0m:[1mnornicdb.cypher.execute[0m: query phase breakdown [3mquery_hash[0m[2m=[0m1524916313068911758 [3mphase_parse_cache_us[0m[2m=[0m2 [3mphase_compliance_us[0m[2m=[0m1 [3mphase_pattern_us[0m[2m=[0m22 [3mphase_eval_us[0m[2m=[0m49825 [3mphase_audit_us[0m[2m=[0m475 [3mphase_total_us[0m[2m=[0m50325 [2m[3mdb.system[0m[2m=[0m"neo4j"[0m [2m[3mdb.operation.name[0m[2m=[0m"read"[0m
[2m2026-09-04T07:51:58.082348Z[0m [32m INFO[0m bolt RUN executed [3mevent_id[0m[2m=[0m"bolt.log.query" [3mquery[0m[2m=[0mUNWIND $rows AS row
		 MATCH (o:Order {orderID: row.orderID})
		 MATCH (p:Product {productID: row.productID})
		 CREATE (o)-[:ORDERS {quantity: row.quantity, discount: row.discount}]->(p) [3mfields[0m[2m=[0m[]
[2m2026-09-04T07:51:58.082464Z[0m [32m INFO[0m bolt message received [3mevent_id[0m[2m=[0m"bolt.log.run" [3msignature[0m[2m=[0m"0x3F"
[2m2026-09-04T07:51:58.082474Z[0m [32m INFO[0m bolt sending responses [3mevent_id[0m[2m=[0m"bolt.log.run" [3mresponse_count[0m[2m=[0m2 [3mresponse_bytes[0m[2m=[0m163 [3mtransport[0m[2m=[0m"tcp"
[2m2026-09-04T07:51:58.082857Z[0m [32m INFO[0m bolt message received [3mevent_id[0m[2m=[0m"bolt.log.run" [3msignature[0m[2m=[0m"0x10"
[2m2026-09-04T07:51:58.090307Z[0m [32m INFO[0m [1mnornicdb.bolt.run[0m:[1mnornicdb.cypher.execute[0m: query phase breakdown [3mquery_hash[0m[2m=[0m1524916313068911758 [3mphase_parse_cache_us[0m[2m=[0m3 [3mphase_compliance_us[0m[2m=[0m1 [3mphase_pattern_us[0m[2m=[0m22 [3mphase_eval_us[0m[2m=[0m50487 [3mphase_audit_us[0m[2m=[0m497 [3mphase_total_us[0m[2m=[0m51010 [2m[3mdb.system[0m[2m=[0m"neo4j"[0m [2m[3mdb.operation.name[0m[2m=[0m"read"[0m
[2m2026-09-04T07:51:58.090518Z[0m [32m INFO[0m bolt RUN executed [3mevent_id[0m[2m=[0m"bolt.log.query" [3mquery[0m[2m=[0mUNWIND $rows AS row
		 MATCH (o:Order {orderID: row.orderID})
		 MATCH (p:Product {productID: row.productID})
		 CREATE (o)-[:ORDERS {quantity: row.quantity, discount: row.discount}]->(p) [3mfields[0m[2m=[0m[]
[2m2026-09-04T07:51:58.090637Z[0m [32m INFO[0m bolt message received [3mevent_id[0m[2m=[0m"bolt.log.run" [3msignature[0m[2m=[0m"0x3F"
[2m2026-09-04T07:51:58.090647Z[0m [32m INFO[0m bolt sending responses [3mevent_id[0m[2m=[0m"bolt.log.run" [3mresponse_count[0m[2m=[0m2 [3mresponse_bytes[0m[2m=[0m163 [3mtransport[0m[2m=[0m"tcp"
[2m2026-09-04T07:51:58.091009Z[0m [32m INFO[0m bolt message received [3mevent_id[0m[2m=[0m"bolt.log.run" [3msignature[0m[2m=[0m"0x10"
[2m2026-09-04T07:51:58.097307Z[0m [32m INFO[0m [1mnornicdb.bolt.run[0m:[1mnornicdb.cypher.execute[0m: query phase breakdown [3mquery_hash[0m[2m=[0m1524916313068911758 [3mphase_parse_cache_us[0m[2m=[0m4 [3mphase_compliance_us[0m[2m=[0m1 [3mphase_pattern_us[0m[2m=[0m22 [3mphase_eval_us[0m[2m=[0m50140 [3mphase_audit_us[0m[2m=[0m193 [3mphase_total_us[0m[2m=[0m50360 [2m[3mdb.system[0m[2m=[0m"neo4j"[0m [2m[3mdb.operation.name[0m[2m=[0m"read"[0m
[2m2026-09-04T07:51:58.097504Z[0m [32m INFO[0m bolt RUN executed [3mevent_id[0m[2m=[0m"bolt.log.query" [3mquery[0m[2m=[0mUNWIND $rows AS row
		 MATCH (o:Order {orderID: row.orderID})
		 MATCH (p:Product {productID: row.productID})
		 CREATE (o)-[:ORDERS {quantity: row.quantity, discount: row.discount}]->(p) [3mfields[0m[2m=[0m[]
[2m2026-09-04T07:51:58.097605Z[0m [32m INFO[0m bolt message received [3mevent_id[0m[2m=[0m"bolt.log.run" [3msignature[0m[2m=[0m"0x3F"
[2m2026-09-04T07:51:58.097613Z[0m [32m INFO[0m bolt sending responses [3mevent_id[0m[2m=[0m"bolt.log.run" [3mresponse_count[0m[2m=[0m2 [3mresponse_bytes[0m[2m=[0m163 [3mtransport[0m[2m=[0m"tcp"
[2m2026-09-04T07:51:58.098016Z[0m [32m INFO[0m bolt message received [3mevent_id[0m[2m=[0m"bolt.log.run" [3msignature[0m[2m=[0m"0x10"
[2m2026-09-04T07:51:58.104884Z[0m [32m INFO[0m [1mnornicdb.bolt.run[0m:[1mnornicdb.cypher.execute[0m: query phase breakdown [3mquery_hash[0m[2m=[0m1524916313068911758 [3mphase_parse_cache_us[0m[2m=[0m3 [3mphase_compliance_us[0m[2m=[0m1 [3mphase_pattern_us[0m[2m=[0m21 [3mphase_eval_us[0m[2m=[0m49933 [3mphase_audit_us[0m[2m=[0m171 [3mphase_total_us[0m[2m=[0m50129 [2m[3mdb.system[0m[2m=[0m"neo4j"[0m [2m[3mdb.operation.name[0m[2m=[0m"read"[0m
[2m2026-09-04T07:51:58.105071Z[0m [32m INFO[0m bolt RUN executed [3mevent_id[0m[2m=[0m"bolt.log.query" [3mquery[0m[2m=[0mUNWIND $rows AS row
		 MATCH (o:Order {orderID: row.orderID})
		 MATCH (p:Product {productID: row.productID})
		 CREATE (o)-[:ORDERS {quantity: row.quantity, discount: row.discount}]->(p) [3mfields[0m[2m=[0m[]
[2m2026-09-04T07:51:58.105180Z[0m [32m INFO[0m bolt message received [3mevent_id[0m[2m=[0m"bolt.log.run" [3msignature[0m[2m=[0m"0x3F"
[2m2026-09-04T07:51:58.105188Z[0m [32m INFO[0m bolt sending responses [3mevent_id[0m[2m=[0m"bolt.log.run" [3mresponse_count[0m[2m=[0m2 [3mresponse_bytes[0m[2m=[0m163 [3mtransport[0m[2m=[0m"tcp"
[2m2026-09-04T07:51:58.105547Z[0m [32m INFO[0m bolt message received [3mevent_id[0m[2m=[0m"bolt.log.run" [3msignature[0m[2m=[0m"0x10"
[2m2026-09-04T07:51:58.133759Z[0m [32m INFO[0m [1mnornicdb.bolt.run[0m:[1mnornicdb.cypher.execute[0m: query phase breakdown [3mquery_hash[0m[2m=[0m1524916313068911758 [3mphase_parse_cache_us[0m[2m=[0m2 [3mphase_compliance_us[0m[2m=[0m1 [3mphase_pattern_us[0m[2m=[0m21 [3mphase_eval_us[0m[2m=[0m50540 [3mphase_audit_us[0m[2m=[0m179 [3mphase_total_us[0m[2m=[0m50743 [2m[3mdb.system[0m[2m=[0m"neo4j"[0m [2m[3mdb.operation.name[0m[2m=[0m"read"[0m
[2m2026-09-04T07:51:58.133964Z[0m [32m INFO[0m bolt RUN executed [3mevent_id[0m[2m=[0m"bolt.log.query" [3mquery[0m[2m=[0mUNWIND $rows AS row
		 MATCH (o:Order {orderID: row.orderID})
		 MATCH (p:Product {productID: row.productID})
		 CREATE (o)-[:ORDERS {quantity: row.quantity, discount: row.discount}]->(p) [3mfields[0m[2m=[0m[]
[2m2026-09-04T07:51:58.134106Z[0m [32m INFO[0m bolt message received [3mevent_id[0m[2m=[0m"bolt.log.run" [3msignature[0m[2m=[0m"0x3F"
[2m2026-09-04T07:51:58.134122Z[0m [32m INFO[0m bolt sending responses [3mevent_id[0m[2m=[0m"bolt.log.run" [3mresponse_count[0m[2m=[0m2 [3mresponse_bytes[0m[2m=[0m163 [3mtransport[0m[2m=[0m"tcp"
[2m2026-09-04T07:51:58.134541Z[0m [32m INFO[0m bolt message received [3mevent_id[0m[2m=[0m"bolt.log.run" [3msignature[0m[2m=[0m"0x10"
[2m2026-09-04T07:51:58.141747Z[0m [32m INFO[0m [1mnornicdb.bolt.run[0m:[1mnornicdb.cypher.execute[0m: query phase breakdown [3mquery_hash[0m[2m=[0m1524916313068911758 [3mphase_parse_cache_us[0m[2m=[0m2 [3mphase_compliance_us[0m[2m=[0m1 [3mphase_pattern_us[0m[2m=[0m21 [3mphase_eval_us[0m[2m=[0m50023 [3mphase_audit_us[0m[2m=[0m549 [3mphase_total_us[0m[2m=[0m50596 [2m[3mdb.system[0m[2m=[0m"neo4j"[0m [2m[3mdb.operation.name[0m[2m=[0m"read"[0m
[2m2026-09-04T07:51:58.141986Z[0m [32m INFO[0m bolt RUN executed [3mevent_id[0m[2m=[0m"bolt.log.query" [3mquery[0m[2m=[0mUNWIND $rows AS row
		 MATCH (o:Order {orderID: row.orderID})
		 MATCH (p:Product {productID: row.productID})
		 CREATE (o)-[:ORDERS {quantity: row.quantity, discount: row.discount}]->(p) [3mfields[0m[2m=[0m[]
[2m2026-09-04T07:51:58.142108Z[0m [32m INFO[0m bolt message received [3mevent_id[0m[2m=[0m"bolt.log.run" [3msignature[0m[2m=[0m"0x3F"
[2m2026-09-04T07:51:58.142117Z[0m [32m INFO[0m bolt sending responses [3mevent_id[0m[2m=[0m"bolt.log.run" [3mresponse_count[0m[2m=[0m2 [3mresponse_bytes[0m[2m=[0m163 [3mtransport[0m[2m=[0m"tcp"
[2m2026-09-04T07:51:58.142488Z[0m [32m INFO[0m bolt message received [3mevent_id[0m[2m=[0m"bolt.log.run" [3msignature[0m[2m=[0m"0x10"
[2m2026-09-04T07:51:58.148635Z[0m [32m INFO[0m [1mnornicdb.bolt.run[0m:[1mnornicdb.cypher.execute[0m: query phase breakdown [3mquery_hash[0m[2m=[0m1524916313068911758 [3mphase_parse_cache_us[0m[2m=[0m2 [3mphase_compliance_us[0m[2m=[0m1 [3mphase_pattern_us[0m[2m=[0m19 [3mphase_eval_us[0m[2m=[0m50234 [3mphase_audit_us[0m[2m=[0m193 [3mphase_total_us[0m[2m=[0m50449 [2m[3mdb.system[0m[2m=[0m"neo4j"[0m [2m[3mdb.operation.name[0m[2m=[0m"read"[0m
[2m2026-09-04T07:51:58.148837Z[0m [32m INFO[0m bolt RUN executed [3mevent_id[0m[2m=[0m"bolt.log.query" [3mquery[0m[2m=[0mUNWIND $rows AS row
		 MATCH (o:Order {orderID: row.orderID})
		 MATCH (p:Product {productID: row.productID})
		 CREATE (o)-[:ORDERS {quantity: row.quantity, discount: row.discount}]->(p) [3mfields[0m[2m=[0m[]
[2m2026-09-04T07:51:58.148946Z[0m [32m INFO[0m bolt message received [3mevent_id[0m[2m=[0m"bolt.log.run" [3msignature[0m[2m=[0m"0x3F"
[2m2026-09-04T07:51:58.148954Z[0m [32m INFO[0m bolt sending responses [3mevent_id[0m[2m=[0m"bolt.log.run" [3mresponse_count[0m[2m=[0m2 [3mresponse_bytes[0m[2m=[0m163 [3mtransport[0m[2m=[0m"tcp"
[2m2026-09-04T07:51:58.149348Z[0m [32m INFO[0m bolt message received [3mevent_id[0m[2m=[0m"bolt.log.run" [3msignature[0m[2m=[0m"0x10"
[2m2026-09-04T07:51:58.156349Z[0m [32m INFO[0m [1mnornicdb.bolt.run[0m:[1mnornicdb.cypher.execute[0m: query phase breakdown [3mquery_hash[0m[2m=[0m1524916313068911758 [3mphase_parse_cache_us[0m[2m=[0m2 [3mphase_compliance_us[0m[2m=[0m1 [3mphase_pattern_us[0m[2m=[0m21 [3mphase_eval_us[0m[2m=[0m50498 [3mphase_audit_us[0m[2m=[0m153 [3mphase_total_us[0m[2m=[0m50675 [2m[3mdb.system[0m[2m=[0m"neo4j"[0m [2m[3mdb.operation.name[0m[2m=[0m"read"[0m
[2m2026-09-04T07:51:58.156569Z[0m [32m INFO[0m bolt RUN executed [3mevent_id[0m[2m=[0m"bolt.log.query" [3mquery[0m[2m=[0mUNWIND $rows AS row
		 MATCH (o:Order {orderID: row.orderID})
		 MATCH (p:Product {productID: row.productID})
		 CREATE (o)-[:ORDERS {quantity: row.quantity, discount: row.discount}]->(p) [3mfields[0m[2m=[0m[]
[2m2026-09-04T07:51:58.156688Z[0m [32m INFO[0m bolt message received [3mevent_id[0m[2m=[0m"bolt.log.run" [3msignature[0m[2m=[0m"0x3F"
[2m2026-09-04T07:51:58.156696Z[0m [32m INFO[0m bolt sending responses [3mevent_id[0m[2m=[0m"bolt.log.run" [3mresponse_count[0m[2m=[0m2 [3mresponse_bytes[0m[2m=[0m163 [3mtransport[0m[2m=[0m"tcp"
[2m2026-09-04T07:51:58.157087Z[0m [32m INFO[0m bolt message received [3mevent_id[0m[2m=[0m"bolt.log.run" [3msignature[0m[2m=[0m"0x10"
[2m2026-09-04T07:51:58.187501Z[0m [32m INFO[0m [1mnornicdb.bolt.run[0m:[1mnornicdb.cypher.execute[0m: query phase breakdown [3mquery_hash[0m[2m=[0m1524916313068911758 [3mphase_parse_cache_us[0m[2m=[0m3 [3mphase_compliance_us[0m[2m=[0m1 [3mphase_pattern_us[0m[2m=[0m21 [3mphase_eval_us[0m[2m=[0m52131 [3mphase_audit_us[0m[2m=[0m670 [3mphase_total_us[0m[2m=[0m52826 [2m[3mdb.system[0m[2m=[0m"neo4j"[0m [2m[3mdb.operation.name[0m[2m=[0m"read"[0m
[2m2026-09-04T07:51:58.187711Z[0m [32m INFO[0m bolt RUN executed [3mevent_id[0m[2m=[0m"bolt.log.query" [3mquery[0m[2m=[0mUNWIND $rows AS row
		 MATCH (o:Order {orderID: row.orderID})
		 MATCH (p:Product {productID: row.productID})
		 CREATE (o)-[:ORDERS {quantity: row.quantity, discount: row.discount}]->(p) [3mfields[0m[2m=[0m[]
[2m2026-09-04T07:51:58.187834Z[0m [32m INFO[0m bolt message received [3mevent_id[0m[2m=[0m"bolt.log.run" [3msignature[0m[2m=[0m"0x3F"
[2m2026-09-04T07:51:58.187846Z[0m [32m INFO[0m bolt sending responses [3mevent_id[0m[2m=[0m"bolt.log.run" [3mresponse_count[0m[2m=[0m2 [3mresponse_bytes[0m[2m=[0m163 [3mtransport[0m[2m=[0m"tcp"
[2m2026-09-04T07:51:58.188259Z[0m [32m INFO[0m bolt message received [3mevent_id[0m[2m=[0m"bolt.log.run" [3msignature[0m[2m=[0m"0x10"
[2m2026-09-04T07:51:58.195074Z[0m [32m INFO[0m [1mnornicdb.bolt.run[0m:[1mnornicdb.cypher.execute[0m: query phase breakdown [3mquery_hash[0m[2m=[0m1524916313068911758 [3mphase_parse_cache_us[0m[2m=[0m3 [3mphase_compliance_us[0m[2m=[0m1 [3mphase_pattern_us[0m[2m=[0m23 [3mphase_eval_us[0m[2m=[0m52245 [3mphase_audit_us[0m[2m=[0m177 [3mphase_total_us[0m[2m=[0m52449 [2m[3mdb.system[0m[2m=[0m"neo4j"[0m [2m[3mdb.operation.name[0m[2m=[0m"read"[0m
[2m2026-09-04T07:51:58.195311Z[0m [32m INFO[0m bolt RUN executed [3mevent_id[0m[2m=[0m"bolt.log.query" [3mquery[0m[2m=[0mUNWIND $rows AS row
		 MATCH (o:Order {orderID: row.orderID})
		 MATCH (p:Product {productID: row.productID})
		 CREATE (o)-[:ORDERS {quantity: row.quantity, discount: row.discount}]->(p) [3mfields[0m[2m=[0m[]
[2m2026-09-04T07:51:58.195435Z[0m [32m INFO[0m bolt message received [3mevent_id[0m[2m=[0m"bolt.log.run" [3msignature[0m[2m=[0m"0x3F"
[2m2026-09-04T07:51:58.195444Z[0m [32m INFO[0m bolt sending responses [3mevent_id[0m[2m=[0m"bolt.log.run" [3mresponse_count[0m[2m=[0m2 [3mresponse_bytes[0m[2m=[0m163 [3mtransport[0m[2m=[0m"tcp"
[2m2026-09-04T07:51:58.195820Z[0m [32m INFO[0m bolt message received [3mevent_id[0m[2m=[0m"bolt.log.run" [3msignature[0m[2m=[0m"0x10"
[2m2026-09-04T07:51:58.242100Z[0m [32m INFO[0m [1mnornicdb.bolt.run[0m:[1mnornicdb.cypher.execute[0m: query phase breakdown [3mquery_hash[0m[2m=[0m1524916313068911758 [3mphase_parse_cache_us[0m[2m=[0m2 [3mphase_compliance_us[0m[2m=[0m1 [3mphase_pattern_us[0m[2m=[0m19 [3mphase_eval_us[0m[2m=[0m73394 [3mphase_audit_us[0m[2m=[0m19175 [3mphase_total_us[0m[2m=[0m92591 [2m[3mdb.system[0m[2m=[0m"neo4j"[0m [2m[3mdb.operation.name[0m[2m=[0m"read"[0m
[2m2026-09-04T07:51:58.242305Z[0m [32m INFO[0m bolt RUN executed [3mevent_id[0m[2m=[0m"bolt.log.query" [3mquery[0m[2m=[0mUNWIND $rows AS row
		 MATCH (o:Order {orderID: row.orderID})
		 MATCH (p:Product {productID: row.productID})
		 CREATE (o)-[:ORDERS {quantity: row.quantity, discount: row.discount}]->(p) [3mfields[0m[2m=[0m[]
[2m2026-09-04T07:51:58.242416Z[0m [32m INFO[0m bolt message received [3mevent_id[0m[2m=[0m"bolt.log.run" [3msignature[0m[2m=[0m"0x3F"
[2m2026-09-04T07:51:58.242429Z[0m [32m INFO[0m bolt sending responses [3mevent_id[0m[2m=[0m"bolt.log.run" [3mresponse_count[0m[2m=[0m2 [3mresponse_bytes[0m[2m=[0m163 [3mtransport[0m[2m=[0m"tcp"
[2m2026-09-04T07:51:58.242865Z[0m [32m INFO[0m bolt message received [3mevent_id[0m[2m=[0m"bolt.log.run" [3msignature[0m[2m=[0m"0x10"
[2m2026-09-04T07:51:58.247605Z[0m [32m INFO[0m [1mnornicdb.bolt.run[0m:[1mnornicdb.cypher.execute[0m: query phase breakdown [3mquery_hash[0m[2m=[0m1524916313068911758 [3mphase_parse_cache_us[0m[2m=[0m3 [3mphase_compliance_us[0m[2m=[0m1 [3mphase_pattern_us[0m[2m=[0m22 [3mphase_eval_us[0m[2m=[0m89805 [3mphase_audit_us[0m[2m=[0m509 [3mphase_total_us[0m[2m=[0m90340 [2m[3mdb.system[0m[2m=[0m"neo4j"[0m [2m[3mdb.operation.name[0m[2m=[0m"read"[0m
[2m2026-09-04T07:51:58.247828Z[0m [32m INFO[0m bolt RUN executed [3mevent_id[0m[2m=[0m"bolt.log.query" [3mquery[0m[2m=[0mUNWIND $rows AS row
		 MATCH (o:Order {orderID: row.orderID})
		 MATCH (p:Product {productID: row.productID})
		 CREATE (o)-[:ORDERS {quantity: row.quantity, discount: row.discount}]->(p) [3mfields[0m[2m=[0m[]
[2m2026-09-04T07:51:58.247992Z[0m [32m INFO[0m bolt message received [3mevent_id[0m[2m=[0m"bolt.log.run" [3msignature[0m[2m=[0m"0x3F"
[2m2026-09-04T07:51:58.248003Z[0m [32m INFO[0m bolt sending responses [3mevent_id[0m[2m=[0m"bolt.log.run" [3mresponse_count[0m[2m=[0m2 [3mresponse_bytes[0m[2m=[0m163 [3mtransport[0m[2m=[0m"tcp"
[2m2026-09-04T07:51:58.248361Z[0m [32m INFO[0m bolt message received [3mevent_id[0m[2m=[0m"bolt.log.run" [3msignature[0m[2m=[0m"0x10"
[2m2026-09-04T07:51:58.254210Z[0m [32m INFO[0m [1mnornicdb.bolt.run[0m:[1mnornicdb.cypher.execute[0m: query phase breakdown [3mquery_hash[0m[2m=[0m1524916313068911758 [3mphase_parse_cache_us[0m[2m=[0m3 [3mphase_compliance_us[0m[2m=[0m2 [3mphase_pattern_us[0m[2m=[0m23 [3mphase_eval_us[0m[2m=[0m65601 [3mphase_audit_us[0m[2m=[0m180 [3mphase_total_us[0m[2m=[0m65809 [2m[3mdb.system[0m[2m=[0m"neo4j"[0m [2m[3mdb.operation.name[0m[2m=[0m"read"[0m
[2m2026-09-04T07:51:58.254427Z[0m [32m INFO[0m bolt RUN executed [3mevent_id[0m[2m=[0m"bolt.log.query" [3mquery[0m[2m=[0mUNWIND $rows AS row
		 MATCH (o:Order {orderID: row.orderID})
		 MATCH (p:Product {productID: row.productID})
		 CREATE (o)-[:ORDERS {quantity: row.quantity, discount: row.discount}]->(p) [3mfields[0m[2m=[0m[]
[2m2026-09-04T07:51:58.254565Z[0m [32m INFO[0m bolt message received [3mevent_id[0m[2m=[0m"bolt.log.run" [3msignature[0m[2m=[0m"0x3F"
[2m2026-09-04T07:51:58.254574Z[0m [32m INFO[0m bolt sending responses [3mevent_id[0m[2m=[0m"bolt.log.run" [3mresponse_count[0m[2m=[0m2 [3mresponse_bytes[0m[2m=[0m163 [3mtransport[0m[2m=[0m"tcp"
[2m2026-09-04T07:51:58.254959Z[0m [32m INFO[0m bolt message received [3mevent_id[0m[2m=[0m"bolt.log.run" [3msignature[0m[2m=[0m"0x10"
[2m2026-09-04T07:51:58.262228Z[0m [32m INFO[0m [1mnornicdb.bolt.run[0m:[1mnornicdb.cypher.execute[0m: query phase breakdown [3mquery_hash[0m[2m=[0m1524916313068911758 [3mphase_parse_cache_us[0m[2m=[0m2 [3mphase_compliance_us[0m[2m=[0m1 [3mphase_pattern_us[0m[2m=[0m20 [3mphase_eval_us[0m[2m=[0m66033 [3mphase_audit_us[0m[2m=[0m186 [3mphase_total_us[0m[2m=[0m66242 [2m[3mdb.system[0m[2m=[0m"neo4j"[0m [2m[3mdb.operation.name[0m[2m=[0m"read"[0m
[2m2026-09-04T07:51:58.262474Z[0m [32m INFO[0m bolt RUN executed [3mevent_id[0m[2m=[0m"bolt.log.query" [3mquery[0m[2m=[0mUNWIND $rows AS row
		 MATCH (o:Order {orderID: row.orderID})
		 MATCH (p:Product {productID: row.productID})
		 CREATE (o)-[:ORDERS {quantity: row.quantity, discount: row.discount}]->(p) [3mfields[0m[2m=[0m[]
[2m2026-09-04T07:51:58.262609Z[0m [32m INFO[0m bolt message received [3mevent_id[0m[2m=[0m"bolt.log.run" [3msignature[0m[2m=[0m"0x3F"
[2m2026-09-04T07:51:58.262621Z[0m [32m INFO[0m bolt sending responses [3mevent_id[0m[2m=[0m"bolt.log.run" [3mresponse_count[0m[2m=[0m2 [3mresponse_bytes[0m[2m=[0m163 [3mtransport[0m[2m=[0m"tcp"
[2m2026-09-04T07:51:58.262982Z[0m [32m INFO[0m bolt message received [3mevent_id[0m[2m=[0m"bolt.log.run" [3msignature[0m[2m=[0m"0x10"
[2m2026-09-04T07:51:58.295575Z[0m [32m INFO[0m [1mnornicdb.bolt.run[0m:[1mnornicdb.cypher.execute[0m: query phase breakdown [3mquery_hash[0m[2m=[0m1524916313068911758 [3mphase_parse_cache_us[0m[2m=[0m3 [3mphase_compliance_us[0m[2m=[0m1 [3mphase_pattern_us[0m[2m=[0m21 [3mphase_eval_us[0m[2m=[0m52304 [3mphase_audit_us[0m[2m=[0m192 [3mphase_total_us[0m[2m=[0m52521 [2m[3mdb.system[0m[2m=[0m"neo4j"[0m [2m[3mdb.operation.name[0m[2m=[0m"read"[0m
[2m2026-09-04T07:51:58.295790Z[0m [32m INFO[0m bolt RUN executed [3mevent_id[0m[2m=[0m"bolt.log.query" [3mquery[0m[2m=[0mUNWIND $rows AS row
		 MATCH (o:Order {orderID: row.orderID})
		 MATCH (p:Product {productID: row.productID})
		 CREATE (o)-[:ORDERS {quantity: row.quantity, discount: row.discount}]->(p) [3mfields[0m[2m=[0m[]
[2m2026-09-04T07:51:58.295903Z[0m [32m INFO[0m bolt message received [3mevent_id[0m[2m=[0m"bolt.log.run" [3msignature[0m[2m=[0m"0x3F"
[2m2026-09-04T07:51:58.295912Z[0m [32m INFO[0m bolt sending responses [3mevent_id[0m[2m=[0m"bolt.log.run" [3mresponse_count[0m[2m=[0m2 [3mresponse_bytes[0m[2m=[0m163 [3mtransport[0m[2m=[0m"tcp"
[2m2026-09-04T07:51:58.296360Z[0m [32m INFO[0m bolt message received [3mevent_id[0m[2m=[0m"bolt.log.run" [3msignature[0m[2m=[0m"0x10"
[2m2026-09-04T07:51:58.303547Z[0m [32m INFO[0m [1mnornicdb.bolt.run[0m:[1mnornicdb.cypher.execute[0m: query phase breakdown [3mquery_hash[0m[2m=[0m1524916313068911758 [3mphase_parse_cache_us[0m[2m=[0m3 [3mphase_compliance_us[0m[2m=[0m1 [3mphase_pattern_us[0m[2m=[0m23 [3mphase_eval_us[0m[2m=[0m54444 [3mphase_audit_us[0m[2m=[0m569 [3mphase_total_us[0m[2m=[0m55040 [2m[3mdb.system[0m[2m=[0m"neo4j"[0m [2m[3mdb.operation.name[0m[2m=[0m"read"[0m
[2m2026-09-04T07:51:58.303783Z[0m [32m INFO[0m bolt RUN executed [3mevent_id[0m[2m=[0m"bolt.log.query" [3mquery[0m[2m=[0mUNWIND $rows AS row
		 MATCH (o:Order {orderID: row.orderID})
		 MATCH (p:Product {productID: row.productID})
		 CREATE (o)-[:ORDERS {quantity: row.quantity, discount: row.discount}]->(p) [3mfields[0m[2m=[0m[]
[2m2026-09-04T07:51:58.303915Z[0m [32m INFO[0m bolt message received [3mevent_id[0m[2m=[0m"bolt.log.run" [3msignature[0m[2m=[0m"0x3F"
[2m2026-09-04T07:51:58.303924Z[0m [32m INFO[0m bolt sending responses [3mevent_id[0m[2m=[0m"bolt.log.run" [3mresponse_count[0m[2m=[0m2 [3mresponse_bytes[0m[2m=[0m163 [3mtransport[0m[2m=[0m"tcp"
[2m2026-09-04T07:51:58.304287Z[0m [32m INFO[0m bolt message received [3mevent_id[0m[2m=[0m"bolt.log.run" [3msignature[0m[2m=[0m"0x10"
[2m2026-09-04T07:51:58.310956Z[0m [32m INFO[0m [1mnornicdb.bolt.run[0m:[1mnornicdb.cypher.execute[0m: query phase breakdown [3mquery_hash[0m[2m=[0m1524916313068911758 [3mphase_parse_cache_us[0m[2m=[0m3 [3mphase_compliance_us[0m[2m=[0m1 [3mphase_pattern_us[0m[2m=[0m22 [3mphase_eval_us[0m[2m=[0m55382 [3mphase_audit_us[0m[2m=[0m417 [3mphase_total_us[0m[2m=[0m55825 [2m[3mdb.system[0m[2m=[0m"neo4j"[0m [2m[3mdb.operation.name[0m[2m=[0m"read"[0m
[2m2026-09-04T07:51:58.311156Z[0m [32m INFO[0m bolt RUN executed [3mevent_id[0m[2m=[0m"bolt.log.query" [3mquery[0m[2m=[0mUNWIND $rows AS row
		 MATCH (o:Order {orderID: row.orderID})
		 MATCH (p:Product {productID: row.productID})
		 CREATE (o)-[:ORDERS {quantity: row.quantity, discount: row.discount}]->(p) [3mfields[0m[2m=[0m[]
[2m2026-09-04T07:51:58.311270Z[0m [32m INFO[0m bolt message received [3mevent_id[0m[2m=[0m"bolt.log.run" [3msignature[0m[2m=[0m"0x3F"
[2m2026-09-04T07:51:58.311280Z[0m [32m INFO[0m bolt sending responses [3mevent_id[0m[2m=[0m"bolt.log.run" [3mresponse_count[0m[2m=[0m2 [3mresponse_bytes[0m[2m=[0m163 [3mtransport[0m[2m=[0m"tcp"
[2m2026-09-04T07:51:58.311649Z[0m [32m INFO[0m bolt message received [3mevent_id[0m[2m=[0m"bolt.log.run" [3msignature[0m[2m=[0m"0x10"
[2m2026-09-04T07:51:58.317709Z[0m [32m INFO[0m [1mnornicdb.bolt.run[0m:[1mnornicdb.cypher.execute[0m: query phase breakdown [3mquery_hash[0m[2m=[0m1524916313068911758 [3mphase_parse_cache_us[0m[2m=[0m2 [3mphase_compliance_us[0m[2m=[0m1 [3mphase_pattern_us[0m[2m=[0m20 [3mphase_eval_us[0m[2m=[0m54397 [3mphase_audit_us[0m[2m=[0m166 [3mphase_total_us[0m[2m=[0m54586 [2m[3mdb.system[0m[2m=[0m"neo4j"[0m [2m[3mdb.operation.name[0m[2m=[0m"read"[0m
[2m2026-09-04T07:51:58.317926Z[0m [32m INFO[0m bolt RUN executed [3mevent_id[0m[2m=[0m"bolt.log.query" [3mquery[0m[2m=[0mUNWIND $rows AS row
		 MATCH (o:Order {orderID: row.orderID})
		 MATCH (p:Product {productID: row.productID})
		 CREATE (o)-[:ORDERS {quantity: row.quantity, discount: row.discount}]->(p) [3mfields[0m[2m=[0m[]
[2m2026-09-04T07:51:58.318040Z[0m [32m INFO[0m bolt message received [3mevent_id[0m[2m=[0m"bolt.log.run" [3msignature[0m[2m=[0m"0x3F"
[2m2026-09-04T07:51:58.318049Z[0m [32m INFO[0m bolt sending responses [3mevent_id[0m[2m=[0m"bolt.log.run" [3mresponse_count[0m[2m=[0m2 [3mresponse_bytes[0m[2m=[0m163 [3mtransport[0m[2m=[0m"tcp"
[2m2026-09-04T07:51:58.318415Z[0m [32m INFO[0m bolt message received [3mevent_id[0m[2m=[0m"bolt.log.run" [3msignature[0m[2m=[0m"0x10"
[2m2026-09-04T07:51:58.347724Z[0m [32m INFO[0m [1mnornicdb.bolt.run[0m:[1mnornicdb.cypher.execute[0m: query phase breakdown [3mquery_hash[0m[2m=[0m1524916313068911758 [3mphase_parse_cache_us[0m[2m=[0m3 [3mphase_compliance_us[0m[2m=[0m1 [3mphase_pattern_us[0m[2m=[0m23 [3mphase_eval_us[0m[2m=[0m50942 [3mphase_audit_us[0m[2m=[0m206 [3mphase_total_us[0m[2m=[0m51175 [2m[3mdb.system[0m[2m=[0m"neo4j"[0m [2m[3mdb.operation.name[0m[2m=[0m"read"[0m
[2m2026-09-04T07:51:58.347922Z[0m [32m INFO[0m bolt RUN executed [3mevent_id[0m[2m=[0m"bolt.log.query" [3mquery[0m[2m=[0mUNWIND $rows AS row
		 MATCH (o:Order {orderID: row.orderID})
		 MATCH (p:Product {productID: row.productID})
		 CREATE (o)-[:ORDERS {quantity: row.quantity, discount: row.discount}]->(p) [3mfields[0m[2m=[0m[]
[2m2026-09-04T07:51:58.348030Z[0m [32m INFO[0m bolt message received [3mevent_id[0m[2m=[0m"bolt.log.run" [3msignature[0m[2m=[0m"0x3F"
[2m2026-09-04T07:51:58.348038Z[0m [32m INFO[0m bolt sending responses [3mevent_id[0m[2m=[0m"bolt.log.run" [3mresponse_count[0m[2m=[0m2 [3mresponse_bytes[0m[2m=[0m163 [3mtransport[0m[2m=[0m"tcp"
[2m2026-09-04T07:51:58.348480Z[0m [32m INFO[0m bolt message received [3mevent_id[0m[2m=[0m"bolt.log.run" [3msignature[0m[2m=[0m"0x10"
[2m2026-09-04T07:51:58.356186Z[0m [32m INFO[0m [1mnornicdb.bolt.run[0m:[1mnornicdb.cypher.execute[0m: query phase breakdown [3mquery_hash[0m[2m=[0m1524916313068911758 [3mphase_parse_cache_us[0m[2m=[0m3 [3mphase_compliance_us[0m[2m=[0m1 [3mphase_pattern_us[0m[2m=[0m22 [3mphase_eval_us[0m[2m=[0m51568 [3mphase_audit_us[0m[2m=[0m171 [3mphase_total_us[0m[2m=[0m51765 [2m[3mdb.system[0m[2m=[0m"neo4j"[0m [2m[3mdb.operation.name[0m[2m=[0m"read"[0m
[2m2026-09-04T07:51:58.356410Z[0m [32m INFO[0m bolt RUN executed [3mevent_id[0m[2m=[0m"bolt.log.query" [3mquery[0m[2m=[0mUNWIND $rows AS row
		 MATCH (o:Order {orderID: row.orderID})
		 MATCH (p:Product {productID: row.productID})
		 CREATE (o)-[:ORDERS {quantity: row.quantity, discount: row.discount}]->(p) [3mfields[0m[2m=[0m[]
[2m2026-09-04T07:51:58.356529Z[0m [32m INFO[0m bolt message received [3mevent_id[0m[2m=[0m"bolt.log.run" [3msignature[0m[2m=[0m"0x3F"
[2m2026-09-04T07:51:58.356537Z[0m [32m INFO[0m bolt sending responses [3mevent_id[0m[2m=[0m"bolt.log.run" [3mresponse_count[0m[2m=[0m2 [3mresponse_bytes[0m[2m=[0m163 [3mtransport[0m[2m=[0m"tcp"
[2m2026-09-04T07:51:58.356940Z[0m [32m INFO[0m bolt message received [3mevent_id[0m[2m=[0m"bolt.log.run" [3msignature[0m[2m=[0m"0x10"
[2m2026-09-04T07:51:58.393600Z[0m [32m INFO[0m [1mnornicdb.bolt.run[0m:[1mnornicdb.cypher.execute[0m: query phase breakdown [3mquery_hash[0m[2m=[0m1524916313068911758 [3mphase_parse_cache_us[0m[2m=[0m2 [3mphase_compliance_us[0m[2m=[0m1 [3mphase_pattern_us[0m[2m=[0m22 [3mphase_eval_us[0m[2m=[0m54917 [3mphase_audit_us[0m[2m=[0m26868 [3mphase_total_us[0m[2m=[0m81810 [2m[3mdb.system[0m[2m=[0m"neo4j"[0m [2m[3mdb.operation.name[0m[2m=[0m"read"[0m
[2m2026-09-04T07:51:58.393819Z[0m [32m INFO[0m bolt RUN executed [3mevent_id[0m[2m=[0m"bolt.log.query" [3mquery[0m[2m=[0mUNWIND $rows AS row
		 MATCH (o:Order {orderID: row.orderID})
		 MATCH (p:Product {productID: row.productID})
		 CREATE (o)-[:ORDERS {quantity: row.quantity, discount: row.discount}]->(p) [3mfields[0m[2m=[0m[]
[2m2026-09-04T07:51:58.393948Z[0m [32m INFO[0m bolt message received [3mevent_id[0m[2m=[0m"bolt.log.run" [3msignature[0m[2m=[0m"0x3F"
[2m2026-09-04T07:51:58.393959Z[0m [32m INFO[0m bolt sending responses [3mevent_id[0m[2m=[0m"bolt.log.run" [3mresponse_count[0m[2m=[0m2 [3mresponse_bytes[0m[2m=[0m163 [3mtransport[0m[2m=[0m"tcp"
[2m2026-09-04T07:51:58.394333Z[0m [32m INFO[0m bolt message received [3mevent_id[0m[2m=[0m"bolt.log.run" [3msignature[0m[2m=[0m"0x10"
[2m2026-09-04T07:51:58.396328Z[0m [32m INFO[0m [1mnornicdb.bolt.run[0m:[1mnornicdb.cypher.execute[0m: query phase breakdown [3mquery_hash[0m[2m=[0m1524916313068911758 [3mphase_parse_cache_us[0m[2m=[0m2 [3mphase_compliance_us[0m[2m=[0m1 [3mphase_pattern_us[0m[2m=[0m22 [3mphase_eval_us[0m[2m=[0m77559 [3mphase_audit_us[0m[2m=[0m188 [3mphase_total_us[0m[2m=[0m77772 [2m[3mdb.system[0m[2m=[0m"neo4j"[0m [2m[3mdb.operation.name[0m[2m=[0m"read"[0m
[2m2026-09-04T07:51:58.396545Z[0m [32m INFO[0m bolt RUN executed [3mevent_id[0m[2m=[0m"bolt.log.query" [3mquery[0m[2m=[0mUNWIND $rows AS row
		 MATCH (o:Order {orderID: row.orderID})
		 MATCH (p:Product {productID: row.productID})
		 CREATE (o)-[:ORDERS {quantity: row.quantity, discount: row.discount}]->(p) [3mfields[0m[2m=[0m[]
[2m2026-09-04T07:51:58.396671Z[0m [32m INFO[0m bolt message received [3mevent_id[0m[2m=[0m"bolt.log.run" [3msignature[0m[2m=[0m"0x3F"
[2m2026-09-04T07:51:58.396680Z[0m [32m INFO[0m bolt sending responses [3mevent_id[0m[2m=[0m"bolt.log.run" [3mresponse_count[0m[2m=[0m2 [3mresponse_bytes[0m[2m=[0m163 [3mtransport[0m[2m=[0m"tcp"
[2m2026-09-04T07:51:58.397006Z[0m [32m INFO[0m bolt message received [3mevent_id[0m[2m=[0m"bolt.log.run" [3msignature[0m[2m=[0m"0x10"
[2m2026-09-04T07:51:58.417504Z[0m [32m INFO[0m [1mnornicdb.bolt.run[0m:[1mnornicdb.cypher.execute[0m: query phase breakdown [3mquery_hash[0m[2m=[0m1524916313068911758 [3mphase_parse_cache_us[0m[2m=[0m3 [3mphase_compliance_us[0m[2m=[0m1 [3mphase_pattern_us[0m[2m=[0m24 [3mphase_eval_us[0m[2m=[0m68598 [3mphase_audit_us[0m[2m=[0m214 [3mphase_total_us[0m[2m=[0m68840 [2m[3mdb.system[0m[2m=[0m"neo4j"[0m [2m[3mdb.operation.name[0m[2m=[0m"read"[0m
[2m2026-09-04T07:51:58.417710Z[0m [32m INFO[0m bolt RUN executed [3mevent_id[0m[2m=[0m"bolt.log.query" [3mquery[0m[2m=[0mUNWIND $rows AS row
		 MATCH (o:Order {orderID: row.orderID})
		 MATCH (p:Product {productID: row.productID})
		 CREATE (o)-[:ORDERS {quantity: row.quantity, discount: row.discount}]->(p) [3mfields[0m[2m=[0m[]
[2m2026-09-04T07:51:58.417826Z[0m [32m INFO[0m bolt message received [3mevent_id[0m[2m=[0m"bolt.log.run" [3msignature[0m[2m=[0m"0x3F"
[2m2026-09-04T07:51:58.417835Z[0m [32m INFO[0m bolt sending responses [3mevent_id[0m[2m=[0m"bolt.log.run" [3mresponse_count[0m[2m=[0m2 [3mresponse_bytes[0m[2m=[0m163 [3mtransport[0m[2m=[0m"tcp"
[2m2026-09-04T07:51:58.418197Z[0m [32m INFO[0m bolt message received [3mevent_id[0m[2m=[0m"bolt.log.run" [3msignature[0m[2m=[0m"0x10"
[2m2026-09-04T07:51:58.425975Z[0m [32m INFO[0m [1mnornicdb.bolt.run[0m:[1mnornicdb.cypher.execute[0m: query phase breakdown [3mquery_hash[0m[2m=[0m1524916313068911758 [3mphase_parse_cache_us[0m[2m=[0m3 [3mphase_compliance_us[0m[2m=[0m1 [3mphase_pattern_us[0m[2m=[0m22 [3mphase_eval_us[0m[2m=[0m68699 [3mphase_audit_us[0m[2m=[0m164 [3mphase_total_us[0m[2m=[0m68889 [2m[3mdb.system[0m[2m=[0m"neo4j"[0m [2m[3mdb.operation.name[0m[2m=[0m"read"[0m
[2m2026-09-04T07:51:58.426191Z[0m [32m INFO[0m bolt RUN executed [3mevent_id[0m[2m=[0m"bolt.log.query" [3mquery[0m[2m=[0mUNWIND $rows AS row
		 MATCH (o:Order {orderID: row.orderID})
		 MATCH (p:Product {productID: row.productID})
		 CREATE (o)-[:ORDERS {quantity: row.quantity, discount: row.discount}]->(p) [3mfields[0m[2m=[0m[]
[2m2026-09-04T07:51:58.426310Z[0m [32m INFO[0m bolt message received [3mevent_id[0m[2m=[0m"bolt.log.run" [3msignature[0m[2m=[0m"0x3F"
[2m2026-09-04T07:51:58.426321Z[0m [32m INFO[0m bolt sending responses [3mevent_id[0m[2m=[0m"bolt.log.run" [3mresponse_count[0m[2m=[0m2 [3mresponse_bytes[0m[2m=[0m163 [3mtransport[0m[2m=[0m"tcp"
[2m2026-09-04T07:51:58.426672Z[0m [32m INFO[0m bolt message received [3mevent_id[0m[2m=[0m"bolt.log.run" [3msignature[0m[2m=[0m"0x10"
[2m2026-09-04T07:51:58.444901Z[0m [32m INFO[0m [1mnornicdb.bolt.run[0m:[1mnornicdb.cypher.execute[0m: query phase breakdown [3mquery_hash[0m[2m=[0m1524916313068911758 [3mphase_parse_cache_us[0m[2m=[0m3 [3mphase_compliance_us[0m[2m=[0m1 [3mphase_pattern_us[0m[2m=[0m22 [3mphase_eval_us[0m[2m=[0m50234 [3mphase_audit_us[0m[2m=[0m165 [3mphase_total_us[0m[2m=[0m50425 [2m[3mdb.system[0m[2m=[0m"neo4j"[0m [2m[3mdb.operation.name[0m[2m=[0m"read"[0m
[2m2026-09-04T07:51:58.445102Z[0m [32m INFO[0m bolt RUN executed [3mevent_id[0m[2m=[0m"bolt.log.query" [3mquery[0m[2m=[0mUNWIND $rows AS row
		 MATCH (o:Order {orderID: row.orderID})
		 MATCH (p:Product {productID: row.productID})
		 CREATE (o)-[:ORDERS {quantity: row.quantity, discount: row.discount}]->(p) [3mfields[0m[2m=[0m[]
[2m2026-09-04T07:51:58.445211Z[0m [32m INFO[0m bolt message received [3mevent_id[0m[2m=[0m"bolt.log.run" [3msignature[0m[2m=[0m"0x3F"
[2m2026-09-04T07:51:58.445218Z[0m [32m INFO[0m bolt sending responses [3mevent_id[0m[2m=[0m"bolt.log.run" [3mresponse_count[0m[2m=[0m2 [3mresponse_bytes[0m[2m=[0m163 [3mtransport[0m[2m=[0m"tcp"
[2m2026-09-04T07:51:58.445640Z[0m [32m INFO[0m bolt message received [3mevent_id[0m[2m=[0m"bolt.log.run" [3msignature[0m[2m=[0m"0x10"
[2m2026-09-04T07:51:58.452687Z[0m [32m INFO[0m [1mnornicdb.bolt.run[0m:[1mnornicdb.cypher.execute[0m: query phase breakdown [3mquery_hash[0m[2m=[0m1524916313068911758 [3mphase_parse_cache_us[0m[2m=[0m2 [3mphase_compliance_us[0m[2m=[0m1 [3mphase_pattern_us[0m[2m=[0m20 [3mphase_eval_us[0m[2m=[0m55380 [3mphase_audit_us[0m[2m=[0m159 [3mphase_total_us[0m[2m=[0m55562 [2m[3mdb.system[0m[2m=[0m"neo4j"[0m [2m[3mdb.operation.name[0m[2m=[0m"read"[0m
[2m2026-09-04T07:51:58.452886Z[0m [32m INFO[0m bolt RUN executed [3mevent_id[0m[2m=[0m"bolt.log.query" [3mquery[0m[2m=[0mUNWIND $rows AS row
		 MATCH (o:Order {orderID: row.orderID})
		 MATCH (p:Product {productID: row.productID})
		 CREATE (o)-[:ORDERS {quantity: row.quantity, discount: row.discount}]->(p) [3mfields[0m[2m=[0m[]
[2m2026-09-04T07:51:58.452997Z[0m [32m INFO[0m bolt message received [3mevent_id[0m[2m=[0m"bolt.log.run" [3msignature[0m[2m=[0m"0x3F"
[2m2026-09-04T07:51:58.453006Z[0m [32m INFO[0m bolt sending responses [3mevent_id[0m[2m=[0m"bolt.log.run" [3mresponse_count[0m[2m=[0m2 [3mresponse_bytes[0m[2m=[0m163 [3mtransport[0m[2m=[0m"tcp"
[2m2026-09-04T07:51:58.453351Z[0m [32m INFO[0m bolt message received [3mevent_id[0m[2m=[0m"bolt.log.run" [3msignature[0m[2m=[0m"0x10"
[2m2026-09-04T07:51:58.470969Z[0m [32m INFO[0m [1mnornicdb.bolt.run[0m:[1mnornicdb.cypher.execute[0m: query phase breakdown [3mquery_hash[0m[2m=[0m1524916313068911758 [3mphase_parse_cache_us[0m[2m=[0m3 [3mphase_compliance_us[0m[2m=[0m1 [3mphase_pattern_us[0m[2m=[0m22 [3mphase_eval_us[0m[2m=[0m52457 [3mphase_audit_us[0m[2m=[0m158 [3mphase_total_us[0m[2m=[0m52641 [2m[3mdb.system[0m[2m=[0m"neo4j"[0m [2m[3mdb.operation.name[0m[2m=[0m"read"[0m
[2m2026-09-04T07:51:58.471144Z[0m [32m INFO[0m bolt RUN executed [3mevent_id[0m[2m=[0m"bolt.log.query" [3mquery[0m[2m=[0mUNWIND $rows AS row
		 MATCH (o:Order {orderID: row.orderID})
		 MATCH (p:Product {productID: row.productID})
		 CREATE (o)-[:ORDERS {quantity: row.quantity, discount: row.discount}]->(p) [3mfields[0m[2m=[0m[]
[2m2026-09-04T07:51:58.471242Z[0m [32m INFO[0m bolt message received [3mevent_id[0m[2m=[0m"bolt.log.run" [3msignature[0m[2m=[0m"0x3F"
[2m2026-09-04T07:51:58.471252Z[0m [32m INFO[0m bolt sending responses [3mevent_id[0m[2m=[0m"bolt.log.run" [3mresponse_count[0m[2m=[0m2 [3mresponse_bytes[0m[2m=[0m163 [3mtransport[0m[2m=[0m"tcp"
[2m2026-09-04T07:51:58.471674Z[0m [32m INFO[0m bolt message received [3mevent_id[0m[2m=[0m"bolt.log.run" [3msignature[0m[2m=[0m"0x10"
[2m2026-09-04T07:51:58.478730Z[0m [32m INFO[0m [1mnornicdb.bolt.run[0m:[1mnornicdb.cypher.execute[0m: query phase breakdown [3mquery_hash[0m[2m=[0m1524916313068911758 [3mphase_parse_cache_us[0m[2m=[0m2 [3mphase_compliance_us[0m[2m=[0m1 [3mphase_pattern_us[0m[2m=[0m22 [3mphase_eval_us[0m[2m=[0m51740 [3mphase_audit_us[0m[2m=[0m164 [3mphase_total_us[0m[2m=[0m51929 [2m[3mdb.system[0m[2m=[0m"neo4j"[0m [2m[3mdb.operation.name[0m[2m=[0m"read"[0m
[2m2026-09-04T07:51:58.478923Z[0m [32m INFO[0m bolt RUN executed [3mevent_id[0m[2m=[0m"bolt.log.query" [3mquery[0m[2m=[0mUNWIND $rows AS row
		 MATCH (o:Order {orderID: row.orderID})
		 MATCH (p:Product {productID: row.productID})
		 CREATE (o)-[:ORDERS {quantity: row.quantity, discount: row.discount}]->(p) [3mfields[0m[2m=[0m[]
[2m2026-09-04T07:51:58.479032Z[0m [32m INFO[0m bolt message received [3mevent_id[0m[2m=[0m"bolt.log.run" [3msignature[0m[2m=[0m"0x3F"
[2m2026-09-04T07:51:58.479040Z[0m [32m INFO[0m bolt sending responses [3mevent_id[0m[2m=[0m"bolt.log.run" [3mresponse_count[0m[2m=[0m2 [3mresponse_bytes[0m[2m=[0m163 [3mtransport[0m[2m=[0m"tcp"
[2m2026-09-04T07:51:58.479398Z[0m [32m INFO[0m bolt message received [3mevent_id[0m[2m=[0m"bolt.log.run" [3msignature[0m[2m=[0m"0x10"
[2m2026-09-04T07:51:58.499533Z[0m [32m INFO[0m [1mnornicdb.bolt.run[0m:[1mnornicdb.cypher.execute[0m: query phase breakdown [3mquery_hash[0m[2m=[0m1524916313068911758 [3mphase_parse_cache_us[0m[2m=[0m3 [3mphase_compliance_us[0m[2m=[0m1 [3mphase_pattern_us[0m[2m=[0m21 [3mphase_eval_us[0m[2m=[0m53107 [3mphase_audit_us[0m[2m=[0m597 [3mphase_total_us[0m[2m=[0m53729 [2m[3mdb.system[0m[2m=[0m"neo4j"[0m [2m[3mdb.operation.name[0m[2m=[0m"read"[0m
[2m2026-09-04T07:51:58.499735Z[0m [32m INFO[0m bolt RUN executed [3mevent_id[0m[2m=[0m"bolt.log.query" [3mquery[0m[2m=[0mUNWIND $rows AS row
		 MATCH (o:Order {orderID: row.orderID})
		 MATCH (p:Product {productID: row.productID})
		 CREATE (o)-[:ORDERS {quantity: row.quantity, discount: row.discount}]->(p) [3mfields[0m[2m=[0m[]
[2m2026-09-04T07:51:58.499872Z[0m [32m INFO[0m bolt message received [3mevent_id[0m[2m=[0m"bolt.log.run" [3msignature[0m[2m=[0m"0x3F"
[2m2026-09-04T07:51:58.499881Z[0m [32m INFO[0m bolt sending responses [3mevent_id[0m[2m=[0m"bolt.log.run" [3mresponse_count[0m[2m=[0m2 [3mresponse_bytes[0m[2m=[0m163 [3mtransport[0m[2m=[0m"tcp"
[2m2026-09-04T07:51:58.500303Z[0m [32m INFO[0m bolt message received [3mevent_id[0m[2m=[0m"bolt.log.run" [3msignature[0m[2m=[0m"0x10"
[2m2026-09-04T07:51:58.506977Z[0m [32m INFO[0m [1mnornicdb.bolt.run[0m:[1mnornicdb.cypher.execute[0m: query phase breakdown [3mquery_hash[0m[2m=[0m1524916313068911758 [3mphase_parse_cache_us[0m[2m=[0m2 [3mphase_compliance_us[0m[2m=[0m1 [3mphase_pattern_us[0m[2m=[0m21 [3mphase_eval_us[0m[2m=[0m53305 [3mphase_audit_us[0m[2m=[0m163 [3mphase_total_us[0m[2m=[0m53492 [2m[3mdb.system[0m[2m=[0m"neo4j"[0m [2m[3mdb.operation.name[0m[2m=[0m"read"[0m
[2m2026-09-04T07:51:58.507196Z[0m [32m INFO[0m bolt RUN executed [3mevent_id[0m[2m=[0m"bolt.log.query" [3mquery[0m[2m=[0mUNWIND $rows AS row
		 MATCH (o:Order {orderID: row.orderID})
		 MATCH (p:Product {productID: row.productID})
		 CREATE (o)-[:ORDERS {quantity: row.quantity, discount: row.discount}]->(p) [3mfields[0m[2m=[0m[]
[2m2026-09-04T07:51:58.507335Z[0m [32m INFO[0m bolt message received [3mevent_id[0m[2m=[0m"bolt.log.run" [3msignature[0m[2m=[0m"0x3F"
[2m2026-09-04T07:51:58.507351Z[0m [32m INFO[0m bolt sending responses [3mevent_id[0m[2m=[0m"bolt.log.run" [3mresponse_count[0m[2m=[0m2 [3mresponse_bytes[0m[2m=[0m163 [3mtransport[0m[2m=[0m"tcp"
[2m2026-09-04T07:51:58.507735Z[0m [32m INFO[0m bolt message received [3mevent_id[0m[2m=[0m"bolt.log.run" [3msignature[0m[2m=[0m"0x10"
[2m2026-09-04T07:51:58.525825Z[0m [32m INFO[0m [1mnornicdb.bolt.run[0m:[1mnornicdb.cypher.execute[0m: query phase breakdown [3mquery_hash[0m[2m=[0m1524916313068911758 [3mphase_parse_cache_us[0m[2m=[0m3 [3mphase_compliance_us[0m[2m=[0m1 [3mphase_pattern_us[0m[2m=[0m21 [3mphase_eval_us[0m[2m=[0m53386 [3mphase_audit_us[0m[2m=[0m564 [3mphase_total_us[0m[2m=[0m53975 [2m[3mdb.system[0m[2m=[0m"neo4j"[0m [2m[3mdb.operation.name[0m[2m=[0m"read"[0m
[2m2026-09-04T07:51:58.526023Z[0m [32m INFO[0m bolt RUN executed [3mevent_id[0m[2m=[0m"bolt.log.query" [3mquery[0m[2m=[0mUNWIND $rows AS row
		 MATCH (o:Order {orderID: row.orderID})
		 MATCH (p:Product {productID: row.productID})
		 CREATE (o)-[:ORDERS {quantity: row.quantity, discount: row.discount}]->(p) [3mfields[0m[2m=[0m[]
[2m2026-09-04T07:51:58.526139Z[0m [32m INFO[0m bolt message received [3mevent_id[0m[2m=[0m"bolt.log.run" [3msignature[0m[2m=[0m"0x3F"
[2m2026-09-04T07:51:58.526147Z[0m [32m INFO[0m bolt sending responses [3mevent_id[0m[2m=[0m"bolt.log.run" [3mresponse_count[0m[2m=[0m2 [3mresponse_bytes[0m[2m=[0m163 [3mtransport[0m[2m=[0m"tcp"
[2m2026-09-04T07:51:58.526508Z[0m [32m INFO[0m bolt message received [3mevent_id[0m[2m=[0m"bolt.log.run" [3msignature[0m[2m=[0m"0x10"
[2m2026-09-04T07:51:58.532912Z[0m [32m INFO[0m [1mnornicdb.bolt.run[0m:[1mnornicdb.cypher.execute[0m: query phase breakdown [3mquery_hash[0m[2m=[0m1524916313068911758 [3mphase_parse_cache_us[0m[2m=[0m2 [3mphase_compliance_us[0m[2m=[0m1 [3mphase_pattern_us[0m[2m=[0m21 [3mphase_eval_us[0m[2m=[0m53201 [3mphase_audit_us[0m[2m=[0m153 [3mphase_total_us[0m[2m=[0m53378 [2m[3mdb.system[0m[2m=[0m"neo4j"[0m [2m[3mdb.operation.name[0m[2m=[0m"read"[0m
[2m2026-09-04T07:51:58.533107Z[0m [32m INFO[0m bolt RUN executed [3mevent_id[0m[2m=[0m"bolt.log.query" [3mquery[0m[2m=[0mUNWIND $rows AS row
		 MATCH (o:Order {orderID: row.orderID})
		 MATCH (p:Product {productID: row.productID})
		 CREATE (o)-[:ORDERS {quantity: row.quantity, discount: row.discount}]->(p) [3mfields[0m[2m=[0m[]
[2m2026-09-04T07:51:58.533224Z[0m [32m INFO[0m bolt message received [3mevent_id[0m[2m=[0m"bolt.log.run" [3msignature[0m[2m=[0m"0x3F"
[2m2026-09-04T07:51:58.533234Z[0m [32m INFO[0m bolt sending responses [3mevent_id[0m[2m=[0m"bolt.log.run" [3mresponse_count[0m[2m=[0m2 [3mresponse_bytes[0m[2m=[0m163 [3mtransport[0m[2m=[0m"tcp"
[2m2026-09-04T07:51:58.533641Z[0m [32m INFO[0m bolt message received [3mevent_id[0m[2m=[0m"bolt.log.run" [3msignature[0m[2m=[0m"0x10"
[2m2026-09-04T07:51:58.553541Z[0m [32m INFO[0m [1mnornicdb.bolt.run[0m:[1mnornicdb.cypher.execute[0m: query phase breakdown [3mquery_hash[0m[2m=[0m1524916313068911758 [3mphase_parse_cache_us[0m[2m=[0m3 [3mphase_compliance_us[0m[2m=[0m1 [3mphase_pattern_us[0m[2m=[0m22 [3mphase_eval_us[0m[2m=[0m52898 [3mphase_audit_us[0m[2m=[0m188 [3mphase_total_us[0m[2m=[0m53112 [2m[3mdb.system[0m[2m=[0m"neo4j"[0m [2m[3mdb.operation.name[0m[2m=[0m"read"[0m
[2m2026-09-04T07:51:58.553734Z[0m [32m INFO[0m bolt RUN executed [3mevent_id[0m[2m=[0m"bolt.log.query" [3mquery[0m[2m=[0mUNWIND $rows AS row
		 MATCH (o:Order {orderID: row.orderID})
		 MATCH (p:Product {productID: row.productID})
		 CREATE (o)-[:ORDERS {quantity: row.quantity, discount: row.discount}]->(p) [3mfields[0m[2m=[0m[]
[2m2026-09-04T07:51:58.553845Z[0m [32m INFO[0m bolt message received [3mevent_id[0m[2m=[0m"bolt.log.run" [3msignature[0m[2m=[0m"0x3F"
[2m2026-09-04T07:51:58.553852Z[0m [32m INFO[0m bolt sending responses [3mevent_id[0m[2m=[0m"bolt.log.run" [3mresponse_count[0m[2m=[0m2 [3mresponse_bytes[0m[2m=[0m163 [3mtransport[0m[2m=[0m"tcp"
[2m2026-09-04T07:51:58.554228Z[0m [32m INFO[0m bolt message received [3mevent_id[0m[2m=[0m"bolt.log.run" [3msignature[0m[2m=[0m"0x10"
[2m2026-09-04T07:51:58.561538Z[0m [32m INFO[0m [1mnornicdb.bolt.run[0m:[1mnornicdb.cypher.execute[0m: query phase breakdown [3mquery_hash[0m[2m=[0m1524916313068911758 [3mphase_parse_cache_us[0m[2m=[0m2 [3mphase_compliance_us[0m[2m=[0m1 [3mphase_pattern_us[0m[2m=[0m21 [3mphase_eval_us[0m[2m=[0m53423 [3mphase_audit_us[0m[2m=[0m174 [3mphase_total_us[0m[2m=[0m53621 [2m[3mdb.system[0m[2m=[0m"neo4j"[0m [2m[3mdb.operation.name[0m[2m=[0m"read"[0m
[2m2026-09-04T07:51:58.561748Z[0m [32m INFO[0m bolt RUN executed [3mevent_id[0m[2m=[0m"bolt.log.query" [3mquery[0m[2m=[0mUNWIND $rows AS row
		 MATCH (o:Order {orderID: row.orderID})
		 MATCH (p:Product {productID: row.productID})
		 CREATE (o)-[:ORDERS {quantity: row.quantity, discount: row.discount}]->(p) [3mfields[0m[2m=[0m[]
[2m2026-09-04T07:51:58.561858Z[0m [32m INFO[0m bolt message received [3mevent_id[0m[2m=[0m"bolt.log.run" [3msignature[0m[2m=[0m"0x3F"
[2m2026-09-04T07:51:58.561873Z[0m [32m INFO[0m bolt sending responses [3mevent_id[0m[2m=[0m"bolt.log.run" [3mresponse_count[0m[2m=[0m2 [3mresponse_bytes[0m[2m=[0m163 [3mtransport[0m[2m=[0m"tcp"
[2m2026-09-04T07:51:58.562243Z[0m [32m INFO[0m bolt message received [3mevent_id[0m[2m=[0m"bolt.log.run" [3msignature[0m[2m=[0m"0x10"
[2m2026-09-04T07:51:58.578216Z[0m [32m INFO[0m [1mnornicdb.bolt.run[0m:[1mnornicdb.cypher.execute[0m: query phase breakdown [3mquery_hash[0m[2m=[0m1524916313068911758 [3mphase_parse_cache_us[0m[2m=[0m2 [3mphase_compliance_us[0m[2m=[0m1 [3mphase_pattern_us[0m[2m=[0m21 [3mphase_eval_us[0m[2m=[0m51385 [3mphase_audit_us[0m[2m=[0m169 [3mphase_total_us[0m[2m=[0m51578 [2m[3mdb.system[0m[2m=[0m"neo4j"[0m [2m[3mdb.operation.name[0m[2m=[0m"read"[0m
[2m2026-09-04T07:51:58.578419Z[0m [32m INFO[0m bolt RUN executed [3mevent_id[0m[2m=[0m"bolt.log.query" [3mquery[0m[2m=[0mUNWIND $rows AS row
		 MATCH (o:Order {orderID: row.orderID})
		 MATCH (p:Product {productID: row.productID})
		 CREATE (o)-[:ORDERS {quantity: row.quantity, discount: row.discount}]->(p) [3mfields[0m[2m=[0m[]
[2m2026-09-04T07:51:58.578517Z[0m [32m INFO[0m bolt message received [3mevent_id[0m[2m=[0m"bolt.log.run" [3msignature[0m[2m=[0m"0x3F"
[2m2026-09-04T07:51:58.578525Z[0m [32m INFO[0m bolt sending responses [3mevent_id[0m[2m=[0m"bolt.log.run" [3mresponse_count[0m[2m=[0m2 [3mresponse_bytes[0m[2m=[0m163 [3mtransport[0m[2m=[0m"tcp"
[2m2026-09-04T07:51:58.578908Z[0m [32m INFO[0m bolt message received [3mevent_id[0m[2m=[0m"bolt.log.run" [3msignature[0m[2m=[0m"0x10"
[2m2026-09-04T07:51:58.586002Z[0m [32m INFO[0m [1mnornicdb.bolt.run[0m:[1mnornicdb.cypher.execute[0m: query phase breakdown [3mquery_hash[0m[2m=[0m1524916313068911758 [3mphase_parse_cache_us[0m[2m=[0m3 [3mphase_compliance_us[0m[2m=[0m1 [3mphase_pattern_us[0m[2m=[0m22 [3mphase_eval_us[0m[2m=[0m51970 [3mphase_audit_us[0m[2m=[0m174 [3mphase_total_us[0m[2m=[0m52170 [2m[3mdb.system[0m[2m=[0m"neo4j"[0m [2m[3mdb.operation.name[0m[2m=[0m"read"[0m
[2m2026-09-04T07:51:58.586195Z[0m [32m INFO[0m bolt RUN executed [3mevent_id[0m[2m=[0m"bolt.log.query" [3mquery[0m[2m=[0mUNWIND $rows AS row
		 MATCH (o:Order {orderID: row.orderID})
		 MATCH (p:Product {productID: row.productID})
		 CREATE (o)-[:ORDERS {quantity: row.quantity, discount: row.discount}]->(p) [3mfields[0m[2m=[0m[]
[2m2026-09-04T07:51:58.586309Z[0m [32m INFO[0m bolt message received [3mevent_id[0m[2m=[0m"bolt.log.run" [3msignature[0m[2m=[0m"0x3F"
[2m2026-09-04T07:51:58.586317Z[0m [32m INFO[0m bolt sending responses [3mevent_id[0m[2m=[0m"bolt.log.run" [3mresponse_count[0m[2m=[0m2 [3mresponse_bytes[0m[2m=[0m163 [3mtransport[0m[2m=[0m"tcp"
[2m2026-09-04T07:51:58.586683Z[0m [32m INFO[0m bolt message received [3mevent_id[0m[2m=[0m"bolt.log.run" [3msignature[0m[2m=[0m"0x10"
[2m2026-09-04T07:51:58.606318Z[0m [32m INFO[0m [1mnornicdb.bolt.run[0m:[1mnornicdb.cypher.execute[0m: query phase breakdown [3mquery_hash[0m[2m=[0m1524916313068911758 [3mphase_parse_cache_us[0m[2m=[0m2 [3mphase_compliance_us[0m[2m=[0m1 [3mphase_pattern_us[0m[2m=[0m21 [3mphase_eval_us[0m[2m=[0m51745 [3mphase_audit_us[0m[2m=[0m189 [3mphase_total_us[0m[2m=[0m51958 [2m[3mdb.system[0m[2m=[0m"neo4j"[0m [2m[3mdb.operation.name[0m[2m=[0m"read"[0m
[2m2026-09-04T07:51:58.606515Z[0m [32m INFO[0m bolt RUN executed [3mevent_id[0m[2m=[0m"bolt.log.query" [3mquery[0m[2m=[0mUNWIND $rows AS row
		 MATCH (o:Order {orderID: row.orderID})
		 MATCH (p:Product {productID: row.productID})
		 CREATE (o)-[:ORDERS {quantity: row.quantity, discount: row.discount}]->(p) [3mfields[0m[2m=[0m[]
[2m2026-09-04T07:51:58.606632Z[0m [32m INFO[0m bolt message received [3mevent_id[0m[2m=[0m"bolt.log.run" [3msignature[0m[2m=[0m"0x3F"
[2m2026-09-04T07:51:58.606642Z[0m [32m INFO[0m bolt sending responses [3mevent_id[0m[2m=[0m"bolt.log.run" [3mresponse_count[0m[2m=[0m2 [3mresponse_bytes[0m[2m=[0m163 [3mtransport[0m[2m=[0m"tcp"
[2m2026-09-04T07:51:58.607022Z[0m [32m INFO[0m bolt message received [3mevent_id[0m[2m=[0m"bolt.log.run" [3msignature[0m[2m=[0m"0x10"
[2m2026-09-04T07:51:58.614632Z[0m [32m INFO[0m [1mnornicdb.bolt.run[0m:[1mnornicdb.cypher.execute[0m: query phase breakdown [3mquery_hash[0m[2m=[0m1524916313068911758 [3mphase_parse_cache_us[0m[2m=[0m2 [3mphase_compliance_us[0m[2m=[0m1 [3mphase_pattern_us[0m[2m=[0m20 [3mphase_eval_us[0m[2m=[0m52052 [3mphase_audit_us[0m[2m=[0m173 [3mphase_total_us[0m[2m=[0m52248 [2m[3mdb.system[0m[2m=[0m"neo4j"[0m [2m[3mdb.operation.name[0m[2m=[0m"read"[0m
[2m2026-09-04T07:51:58.614835Z[0m [32m INFO[0m bolt RUN executed [3mevent_id[0m[2m=[0m"bolt.log.query" [3mquery[0m[2m=[0mUNWIND $rows AS row
		 MATCH (o:Order {orderID: row.orderID})
		 MATCH (p:Product {productID: row.productID})
		 CREATE (o)-[:ORDERS {quantity: row.quantity, discount: row.discount}]->(p) [3mfields[0m[2m=[0m[]
[2m2026-09-04T07:51:58.614945Z[0m [32m INFO[0m bolt message received [3mevent_id[0m[2m=[0m"bolt.log.run" [3msignature[0m[2m=[0m"0x3F"
[2m2026-09-04T07:51:58.614953Z[0m [32m INFO[0m bolt sending responses [3mevent_id[0m[2m=[0m"bolt.log.run" [3mresponse_count[0m[2m=[0m2 [3mresponse_bytes[0m[2m=[0m163 [3mtransport[0m[2m=[0m"tcp"
[2m2026-09-04T07:51:58.615319Z[0m [32m INFO[0m bolt message received [3mevent_id[0m[2m=[0m"bolt.log.run" [3msignature[0m[2m=[0m"0x10"
[2m2026-09-04T07:51:58.632151Z[0m [32m INFO[0m [1mnornicdb.bolt.run[0m:[1mnornicdb.cypher.execute[0m: query phase breakdown [3mquery_hash[0m[2m=[0m1524916313068911758 [3mphase_parse_cache_us[0m[2m=[0m2 [3mphase_compliance_us[0m[2m=[0m1 [3mphase_pattern_us[0m[2m=[0m21 [3mphase_eval_us[0m[2m=[0m52903 [3mphase_audit_us[0m[2m=[0m181 [3mphase_total_us[0m[2m=[0m53108 [2m[3mdb.system[0m[2m=[0m"neo4j"[0m [2m[3mdb.operation.name[0m[2m=[0m"read"[0m
[2m2026-09-04T07:51:58.632353Z[0m [32m INFO[0m bolt RUN executed [3mevent_id[0m[2m=[0m"bolt.log.query" [3mquery[0m[2m=[0mUNWIND $rows AS row
		 MATCH (o:Order {orderID: row.orderID})
		 MATCH (p:Product {productID: row.productID})
		 CREATE (o)-[:ORDERS {quantity: row.quantity, discount: row.discount}]->(p) [3mfields[0m[2m=[0m[]
[2m2026-09-04T07:51:58.632453Z[0m [32m INFO[0m bolt message received [3mevent_id[0m[2m=[0m"bolt.log.run" [3msignature[0m[2m=[0m"0x3F"
[2m2026-09-04T07:51:58.632461Z[0m [32m INFO[0m bolt sending responses [3mevent_id[0m[2m=[0m"bolt.log.run" [3mresponse_count[0m[2m=[0m2 [3mresponse_bytes[0m[2m=[0m163 [3mtransport[0m[2m=[0m"tcp"
[2m2026-09-04T07:51:58.632802Z[0m [32m INFO[0m bolt message received [3mevent_id[0m[2m=[0m"bolt.log.run" [3msignature[0m[2m=[0m"0x10"
[2m2026-09-04T07:51:58.640898Z[0m [32m INFO[0m [1mnornicdb.bolt.run[0m:[1mnornicdb.cypher.execute[0m: query phase breakdown [3mquery_hash[0m[2m=[0m1524916313068911758 [3mphase_parse_cache_us[0m[2m=[0m2 [3mphase_compliance_us[0m[2m=[0m1 [3mphase_pattern_us[0m[2m=[0m21 [3mphase_eval_us[0m[2m=[0m53835 [3mphase_audit_us[0m[2m=[0m202 [3mphase_total_us[0m[2m=[0m54061 [2m[3mdb.system[0m[2m=[0m"neo4j"[0m [2m[3mdb.operation.name[0m[2m=[0m"read"[0m
[2m2026-09-04T07:51:58.641120Z[0m [32m INFO[0m bolt RUN executed [3mevent_id[0m[2m=[0m"bolt.log.query" [3mquery[0m[2m=[0mUNWIND $rows AS row
		 MATCH (o:Order {orderID: row.orderID})
		 MATCH (p:Product {productID: row.productID})
		 CREATE (o)-[:ORDERS {quantity: row.quantity, discount: row.discount}]->(p) [3mfields[0m[2m=[0m[]
[2m2026-09-04T07:51:58.641242Z[0m [32m INFO[0m bolt message received [3mevent_id[0m[2m=[0m"bolt.log.run" [3msignature[0m[2m=[0m"0x3F"
[2m2026-09-04T07:51:58.641250Z[0m [32m INFO[0m bolt sending responses [3mevent_id[0m[2m=[0m"bolt.log.run" [3mresponse_count[0m[2m=[0m2 [3mresponse_bytes[0m[2m=[0m163 [3mtransport[0m[2m=[0m"tcp"
[2m2026-09-04T07:51:58.641587Z[0m [32m INFO[0m bolt message received [3mevent_id[0m[2m=[0m"bolt.log.run" [3msignature[0m[2m=[0m"0x10"
[2m2026-09-04T07:51:58.661483Z[0m [32m INFO[0m [1mnornicdb.bolt.run[0m:[1mnornicdb.cypher.execute[0m: query phase breakdown [3mquery_hash[0m[2m=[0m1524916313068911758 [3mphase_parse_cache_us[0m[2m=[0m2 [3mphase_compliance_us[0m[2m=[0m1 [3mphase_pattern_us[0m[2m=[0m21 [3mphase_eval_us[0m[2m=[0m53758 [3mphase_audit_us[0m[2m=[0m547 [3mphase_total_us[0m[2m=[0m54329 [2m[3mdb.system[0m[2m=[0m"neo4j"[0m [2m[3mdb.operation.name[0m[2m=[0m"read"[0m
[2m2026-09-04T07:51:58.661695Z[0m [32m INFO[0m bolt RUN executed [3mevent_id[0m[2m=[0m"bolt.log.query" [3mquery[0m[2m=[0mUNWIND $rows AS row
		 MATCH (o:Order {orderID: row.orderID})
		 MATCH (p:Product {productID: row.productID})
		 CREATE (o)-[:ORDERS {quantity: row.quantity, discount: row.discount}]->(p) [3mfields[0m[2m=[0m[]
[2m2026-09-04T07:51:58.661812Z[0m [32m INFO[0m bolt message received [3mevent_id[0m[2m=[0m"bolt.log.run" [3msignature[0m[2m=[0m"0x3F"
[2m2026-09-04T07:51:58.661820Z[0m [32m INFO[0m bolt sending responses [3mevent_id[0m[2m=[0m"bolt.log.run" [3mresponse_count[0m[2m=[0m2 [3mresponse_bytes[0m[2m=[0m163 [3mtransport[0m[2m=[0m"tcp"
[2m2026-09-04T07:51:58.662200Z[0m [32m INFO[0m bolt message received [3mevent_id[0m[2m=[0m"bolt.log.run" [3msignature[0m[2m=[0m"0x10"
[2m2026-09-04T07:51:58.669104Z[0m [32m INFO[0m [1mnornicdb.bolt.run[0m:[1mnornicdb.cypher.execute[0m: query phase breakdown [3mquery_hash[0m[2m=[0m1524916313068911758 [3mphase_parse_cache_us[0m[2m=[0m2 [3mphase_compliance_us[0m[2m=[0m1 [3mphase_pattern_us[0m[2m=[0m21 [3mphase_eval_us[0m[2m=[0m53454 [3mphase_audit_us[0m[2m=[0m175 [3mphase_total_us[0m[2m=[0m53653 [2m[3mdb.system[0m[2m=[0m"neo4j"[0m [2m[3mdb.operation.name[0m[2m=[0m"read"[0m
[2m2026-09-04T07:51:58.669306Z[0m [32m INFO[0m bolt RUN executed [3mevent_id[0m[2m=[0m"bolt.log.query" [3mquery[0m[2m=[0mUNWIND $rows AS row
		 MATCH (o:Order {orderID: row.orderID})
		 MATCH (p:Product {productID: row.productID})
		 CREATE (o)-[:ORDERS {quantity: row.quantity, discount: row.discount}]->(p) [3mfields[0m[2m=[0m[]
[2m2026-09-04T07:51:58.669424Z[0m [32m INFO[0m bolt message received [3mevent_id[0m[2m=[0m"bolt.log.run" [3msignature[0m[2m=[0m"0x3F"
[2m2026-09-04T07:51:58.669441Z[0m [32m INFO[0m bolt sending responses [3mevent_id[0m[2m=[0m"bolt.log.run" [3mresponse_count[0m[2m=[0m2 [3mresponse_bytes[0m[2m=[0m163 [3mtransport[0m[2m=[0m"tcp"
[2m2026-09-04T07:51:58.669822Z[0m [32m INFO[0m bolt message received [3mevent_id[0m[2m=[0m"bolt.log.run" [3msignature[0m[2m=[0m"0x10"
[2m2026-09-04T07:51:58.685571Z[0m [32m INFO[0m [1mnornicdb.bolt.run[0m:[1mnornicdb.cypher.execute[0m: query phase breakdown [3mquery_hash[0m[2m=[0m1524916313068911758 [3mphase_parse_cache_us[0m[2m=[0m3 [3mphase_compliance_us[0m[2m=[0m1 [3mphase_pattern_us[0m[2m=[0m21 [3mphase_eval_us[0m[2m=[0m52444 [3mphase_audit_us[0m[2m=[0m170 [3mphase_total_us[0m[2m=[0m52639 [2m[3mdb.system[0m[2m=[0m"neo4j"[0m [2m[3mdb.operation.name[0m[2m=[0m"read"[0m
[2m2026-09-04T07:51:58.685759Z[0m [32m INFO[0m bolt RUN executed [3mevent_id[0m[2m=[0m"bolt.log.query" [3mquery[0m[2m=[0mUNWIND $rows AS row
		 MATCH (o:Order {orderID: row.orderID})
		 MATCH (p:Product {productID: row.productID})
		 CREATE (o)-[:ORDERS {quantity: row.quantity, discount: row.discount}]->(p) [3mfields[0m[2m=[0m[]
[2m2026-09-04T07:51:58.685857Z[0m [32m INFO[0m bolt message received [3mevent_id[0m[2m=[0m"bolt.log.run" [3msignature[0m[2m=[0m"0x3F"
[2m2026-09-04T07:51:58.685864Z[0m [32m INFO[0m bolt sending responses [3mevent_id[0m[2m=[0m"bolt.log.run" [3mresponse_count[0m[2m=[0m2 [3mresponse_bytes[0m[2m=[0m163 [3mtransport[0m[2m=[0m"tcp"
[2m2026-09-04T07:51:58.686240Z[0m [32m INFO[0m bolt message received [3mevent_id[0m[2m=[0m"bolt.log.run" [3msignature[0m[2m=[0m"0x10"
[2m2026-09-04T07:51:58.694628Z[0m [32m INFO[0m [1mnornicdb.bolt.run[0m:[1mnornicdb.cypher.execute[0m: query phase breakdown [3mquery_hash[0m[2m=[0m1524916313068911758 [3mphase_parse_cache_us[0m[2m=[0m2 [3mphase_compliance_us[0m[2m=[0m1 [3mphase_pattern_us[0m[2m=[0m24 [3mphase_eval_us[0m[2m=[0m52700 [3mphase_audit_us[0m[2m=[0m190 [3mphase_total_us[0m[2m=[0m52917 [2m[3mdb.system[0m[2m=[0m"neo4j"[0m [2m[3mdb.operation.name[0m[2m=[0m"read"[0m
[2m2026-09-04T07:51:58.694818Z[0m [32m INFO[0m bolt RUN executed [3mevent_id[0m[2m=[0m"bolt.log.query" [3mquery[0m[2m=[0mUNWIND $rows AS row
		 MATCH (o:Order {orderID: row.orderID})
		 MATCH (p:Product {productID: row.productID})
		 CREATE (o)-[:ORDERS {quantity: row.quantity, discount: row.discount}]->(p) [3mfields[0m[2m=[0m[]
[2m2026-09-04T07:51:58.694935Z[0m [32m INFO[0m bolt message received [3mevent_id[0m[2m=[0m"bolt.log.run" [3msignature[0m[2m=[0m"0x3F"
[2m2026-09-04T07:51:58.694943Z[0m [32m INFO[0m bolt sending responses [3mevent_id[0m[2m=[0m"bolt.log.run" [3mresponse_count[0m[2m=[0m2 [3mresponse_bytes[0m[2m=[0m163 [3mtransport[0m[2m=[0m"tcp"
[2m2026-09-04T07:51:58.695311Z[0m [32m INFO[0m bolt message received [3mevent_id[0m[2m=[0m"bolt.log.run" [3msignature[0m[2m=[0m"0x10"
[2m2026-09-04T07:51:58.714857Z[0m [32m INFO[0m [1mnornicdb.bolt.run[0m:[1mnornicdb.cypher.execute[0m: query phase breakdown [3mquery_hash[0m[2m=[0m1524916313068911758 [3mphase_parse_cache_us[0m[2m=[0m2 [3mphase_compliance_us[0m[2m=[0m0 [3mphase_pattern_us[0m[2m=[0m21 [3mphase_eval_us[0m[2m=[0m52336 [3mphase_audit_us[0m[2m=[0m170 [3mphase_total_us[0m[2m=[0m52529 [2m[3mdb.system[0m[2m=[0m"neo4j"[0m [2m[3mdb.operation.name[0m[2m=[0m"read"[0m
[2m2026-09-04T07:51:58.715044Z[0m [32m INFO[0m bolt RUN executed [3mevent_id[0m[2m=[0m"bolt.log.query" [3mquery[0m[2m=[0mUNWIND $rows AS row
		 MATCH (o:Order {orderID: row.orderID})
		 MATCH (p:Product {productID: row.productID})
		 CREATE (o)-[:ORDERS {quantity: row.quantity, discount: row.discount}]->(p) [3mfields[0m[2m=[0m[]
[2m2026-09-04T07:51:58.715162Z[0m [32m INFO[0m bolt message received [3mevent_id[0m[2m=[0m"bolt.log.run" [3msignature[0m[2m=[0m"0x3F"
[2m2026-09-04T07:51:58.715171Z[0m [32m INFO[0m bolt sending responses [3mevent_id[0m[2m=[0m"bolt.log.run" [3mresponse_count[0m[2m=[0m2 [3mresponse_bytes[0m[2m=[0m163 [3mtransport[0m[2m=[0m"tcp"
[2m2026-09-04T07:51:58.715546Z[0m [32m INFO[0m bolt message received [3mevent_id[0m[2m=[0m"bolt.log.run" [3msignature[0m[2m=[0m"0x10"
[2m2026-09-04T07:51:58.723769Z[0m [32m INFO[0m [1mnornicdb.bolt.run[0m:[1mnornicdb.cypher.execute[0m: query phase breakdown [3mquery_hash[0m[2m=[0m1524916313068911758 [3mphase_parse_cache_us[0m[2m=[0m2 [3mphase_compliance_us[0m[2m=[0m0 [3mphase_pattern_us[0m[2m=[0m20 [3mphase_eval_us[0m[2m=[0m53512 [3mphase_audit_us[0m[2m=[0m184 [3mphase_total_us[0m[2m=[0m53718 [2m[3mdb.system[0m[2m=[0m"neo4j"[0m [2m[3mdb.operation.name[0m[2m=[0m"read"[0m
[2m2026-09-04T07:51:58.723984Z[0m [32m INFO[0m bolt RUN executed [3mevent_id[0m[2m=[0m"bolt.log.query" [3mquery[0m[2m=[0mUNWIND $rows AS row
		 MATCH (o:Order {orderID: row.orderID})
		 MATCH (p:Product {productID: row.productID})
		 CREATE (o)-[:ORDERS {quantity: row.quantity, discount: row.discount}]->(p) [3mfields[0m[2m=[0m[]
[2m2026-09-04T07:51:58.724093Z[0m [32m INFO[0m bolt message received [3mevent_id[0m[2m=[0m"bolt.log.run" [3msignature[0m[2m=[0m"0x3F"
[2m2026-09-04T07:51:58.724103Z[0m [32m INFO[0m bolt sending responses [3mevent_id[0m[2m=[0m"bolt.log.run" [3mresponse_count[0m[2m=[0m2 [3mresponse_bytes[0m[2m=[0m163 [3mtransport[0m[2m=[0m"tcp"
[2m2026-09-04T07:51:58.724460Z[0m [32m INFO[0m bolt message received [3mevent_id[0m[2m=[0m"bolt.log.run" [3msignature[0m[2m=[0m"0x10"
[2m2026-09-04T07:51:58.737332Z[0m [32m INFO[0m [1mnornicdb.bolt.run[0m:[1mnornicdb.cypher.execute[0m: query phase breakdown [3mquery_hash[0m[2m=[0m1524916313068911758 [3mphase_parse_cache_us[0m[2m=[0m2 [3mphase_compliance_us[0m[2m=[0m0 [3mphase_pattern_us[0m[2m=[0m20 [3mphase_eval_us[0m[2m=[0m50771 [3mphase_audit_us[0m[2m=[0m168 [3mphase_total_us[0m[2m=[0m50961 [2m[3mdb.system[0m[2m=[0m"neo4j"[0m [2m[3mdb.operation.name[0m[2m=[0m"read"[0m
[2m2026-09-04T07:51:58.737524Z[0m [32m INFO[0m bolt RUN executed [3mevent_id[0m[2m=[0m"bolt.log.query" [3mquery[0m[2m=[0mUNWIND $rows AS row
		 MATCH (o:Order {orderID: row.orderID})
		 MATCH (p:Product {productID: row.productID})
		 CREATE (o)-[:ORDERS {quantity: row.quantity, discount: row.discount}]->(p) [3mfields[0m[2m=[0m[]
[2m2026-09-04T07:51:58.737619Z[0m [32m INFO[0m bolt message received [3mevent_id[0m[2m=[0m"bolt.log.run" [3msignature[0m[2m=[0m"0x3F"
[2m2026-09-04T07:51:58.737627Z[0m [32m INFO[0m bolt sending responses [3mevent_id[0m[2m=[0m"bolt.log.run" [3mresponse_count[0m[2m=[0m2 [3mresponse_bytes[0m[2m=[0m163 [3mtransport[0m[2m=[0m"tcp"
[2m2026-09-04T07:51:58.737994Z[0m [32m INFO[0m bolt message received [3mevent_id[0m[2m=[0m"bolt.log.run" [3msignature[0m[2m=[0m"0x10"
[2m2026-09-04T07:51:58.747728Z[0m [32m INFO[0m [1mnornicdb.bolt.run[0m:[1mnornicdb.cypher.execute[0m: query phase breakdown [3mquery_hash[0m[2m=[0m1524916313068911758 [3mphase_parse_cache_us[0m[2m=[0m2 [3mphase_compliance_us[0m[2m=[0m0 [3mphase_pattern_us[0m[2m=[0m20 [3mphase_eval_us[0m[2m=[0m52068 [3mphase_audit_us[0m[2m=[0m190 [3mphase_total_us[0m[2m=[0m52280 [2m[3mdb.system[0m[2m=[0m"neo4j"[0m [2m[3mdb.operation.name[0m[2m=[0m"read"[0m
[2m2026-09-04T07:51:58.747917Z[0m [32m INFO[0m bolt RUN executed [3mevent_id[0m[2m=[0m"bolt.log.query" [3mquery[0m[2m=[0mUNWIND $rows AS row
		 MATCH (o:Order {orderID: row.orderID})
		 MATCH (p:Product {productID: row.productID})
		 CREATE (o)-[:ORDERS {quantity: row.quantity, discount: row.discount}]->(p) [3mfields[0m[2m=[0m[]
[2m2026-09-04T07:51:58.748026Z[0m [32m INFO[0m bolt message received [3mevent_id[0m[2m=[0m"bolt.log.run" [3msignature[0m[2m=[0m"0x3F"
[2m2026-09-04T07:51:58.748035Z[0m [32m INFO[0m bolt sending responses [3mevent_id[0m[2m=[0m"bolt.log.run" [3mresponse_count[0m[2m=[0m2 [3mresponse_bytes[0m[2m=[0m163 [3mtransport[0m[2m=[0m"tcp"
[2m2026-09-04T07:51:58.748414Z[0m [32m INFO[0m bolt message received [3mevent_id[0m[2m=[0m"bolt.log.run" [3msignature[0m[2m=[0m"0x10"
[2m2026-09-04T07:51:58.769247Z[0m [32m INFO[0m [1mnornicdb.bolt.run[0m:[1mnornicdb.cypher.execute[0m: query phase breakdown [3mquery_hash[0m[2m=[0m1524916313068911758 [3mphase_parse_cache_us[0m[2m=[0m2 [3mphase_compliance_us[0m[2m=[0m1 [3mphase_pattern_us[0m[2m=[0m26 [3mphase_eval_us[0m[2m=[0m53365 [3mphase_audit_us[0m[2m=[0m175 [3mphase_total_us[0m[2m=[0m53569 [2m[3mdb.system[0m[2m=[0m"neo4j"[0m [2m[3mdb.operation.name[0m[2m=[0m"read"[0m
[2m2026-09-04T07:51:58.769452Z[0m [32m INFO[0m bolt RUN executed [3mevent_id[0m[2m=[0m"bolt.log.query" [3mquery[0m[2m=[0mUNWIND $rows AS row
		 MATCH (o:Order {orderID: row.orderID})
		 MATCH (p:Product {productID: row.productID})
		 CREATE (o)-[:ORDERS {quantity: row.quantity, discount: row.discount}]->(p) [3mfields[0m[2m=[0m[]
[2m2026-09-04T07:51:58.769567Z[0m [32m INFO[0m bolt message received [3mevent_id[0m[2m=[0m"bolt.log.run" [3msignature[0m[2m=[0m"0x3F"
[2m2026-09-04T07:51:58.769576Z[0m [32m INFO[0m bolt sending responses [3mevent_id[0m[2m=[0m"bolt.log.run" [3mresponse_count[0m[2m=[0m2 [3mresponse_bytes[0m[2m=[0m163 [3mtransport[0m[2m=[0m"tcp"
[2m2026-09-04T07:51:58.769987Z[0m [32m INFO[0m bolt message received [3mevent_id[0m[2m=[0m"bolt.log.run" [3msignature[0m[2m=[0m"0x10"
[2m2026-09-04T07:51:58.777433Z[0m [32m INFO[0m [1mnornicdb.bolt.run[0m:[1mnornicdb.cypher.execute[0m: query phase breakdown [3mquery_hash[0m[2m=[0m1524916313068911758 [3mphase_parse_cache_us[0m[2m=[0m2 [3mphase_compliance_us[0m[2m=[0m1 [3mphase_pattern_us[0m[2m=[0m20 [3mphase_eval_us[0m[2m=[0m52647 [3mphase_audit_us[0m[2m=[0m170 [3mphase_total_us[0m[2m=[0m52840 [2m[3mdb.system[0m[2m=[0m"neo4j"[0m [2m[3mdb.operation.name[0m[2m=[0m"read"[0m
[2m2026-09-04T07:51:58.777642Z[0m [32m INFO[0m bolt RUN executed [3mevent_id[0m[2m=[0m"bolt.log.query" [3mquery[0m[2m=[0mUNWIND $rows AS row
		 MATCH (o:Order {orderID: row.orderID})
		 MATCH (p:Product {productID: row.productID})
		 CREATE (o)-[:ORDERS {quantity: row.quantity, discount: row.discount}]->(p) [3mfields[0m[2m=[0m[]
[2m2026-09-04T07:51:58.777760Z[0m [32m INFO[0m bolt message received [3mevent_id[0m[2m=[0m"bolt.log.run" [3msignature[0m[2m=[0m"0x3F"
[2m2026-09-04T07:51:58.777767Z[0m [32m INFO[0m bolt sending responses [3mevent_id[0m[2m=[0m"bolt.log.run" [3mresponse_count[0m[2m=[0m2 [3mresponse_bytes[0m[2m=[0m163 [3mtransport[0m[2m=[0m"tcp"
[2m2026-09-04T07:51:58.778172Z[0m [32m INFO[0m bolt message received [3mevent_id[0m[2m=[0m"bolt.log.run" [3msignature[0m[2m=[0m"0x10"
[2m2026-09-04T07:51:58.791575Z[0m [32m INFO[0m [1mnornicdb.bolt.run[0m:[1mnornicdb.cypher.execute[0m: query phase breakdown [3mquery_hash[0m[2m=[0m1524916313068911758 [3mphase_parse_cache_us[0m[2m=[0m2 [3mphase_compliance_us[0m[2m=[0m1 [3mphase_pattern_us[0m[2m=[0m22 [3mphase_eval_us[0m[2m=[0m53239 [3mphase_audit_us[0m[2m=[0m174 [3mphase_total_us[0m[2m=[0m53438 [2m[3mdb.system[0m[2m=[0m"neo4j"[0m [2m[3mdb.operation.name[0m[2m=[0m"read"[0m
[2m2026-09-04T07:51:58.791769Z[0m [32m INFO[0m bolt RUN executed [3mevent_id[0m[2m=[0m"bolt.log.query" [3mquery[0m[2m=[0mUNWIND $rows AS row
		 MATCH (o:Order {orderID: row.orderID})
		 MATCH (p:Product {productID: row.productID})
		 CREATE (o)-[:ORDERS {quantity: row.quantity, discount: row.discount}]->(p) [3mfields[0m[2m=[0m[]
[2m2026-09-04T07:51:58.791871Z[0m [32m INFO[0m bolt message received [3mevent_id[0m[2m=[0m"bolt.log.run" [3msignature[0m[2m=[0m"0x3F"
[2m2026-09-04T07:51:58.791882Z[0m [32m INFO[0m bolt sending responses [3mevent_id[0m[2m=[0m"bolt.log.run" [3mresponse_count[0m[2m=[0m2 [3mresponse_bytes[0m[2m=[0m163 [3mtransport[0m[2m=[0m"tcp"
[2m2026-09-04T07:51:58.792256Z[0m [32m INFO[0m bolt message received [3mevent_id[0m[2m=[0m"bolt.log.run" [3msignature[0m[2m=[0m"0x10"
[2m2026-09-04T07:51:58.803365Z[0m [32m INFO[0m [1mnornicdb.bolt.run[0m:[1mnornicdb.cypher.execute[0m: query phase breakdown [3mquery_hash[0m[2m=[0m1524916313068911758 [3mphase_parse_cache_us[0m[2m=[0m2 [3mphase_compliance_us[0m[2m=[0m1 [3mphase_pattern_us[0m[2m=[0m20 [3mphase_eval_us[0m[2m=[0m54618 [3mphase_audit_us[0m[2m=[0m178 [3mphase_total_us[0m[2m=[0m54819 [2m[3mdb.system[0m[2m=[0m"neo4j"[0m [2m[3mdb.operation.name[0m[2m=[0m"read"[0m
[2m2026-09-04T07:51:58.803567Z[0m [32m INFO[0m bolt RUN executed [3mevent_id[0m[2m=[0m"bolt.log.query" [3mquery[0m[2m=[0mUNWIND $rows AS row
		 MATCH (o:Order {orderID: row.orderID})
		 MATCH (p:Product {productID: row.productID})
		 CREATE (o)-[:ORDERS {quantity: row.quantity, discount: row.discount}]->(p) [3mfields[0m[2m=[0m[]
[2m2026-09-04T07:51:58.803680Z[0m [32m INFO[0m bolt message received [3mevent_id[0m[2m=[0m"bolt.log.run" [3msignature[0m[2m=[0m"0x3F"
[2m2026-09-04T07:51:58.803689Z[0m [32m INFO[0m bolt sending responses [3mevent_id[0m[2m=[0m"bolt.log.run" [3mresponse_count[0m[2m=[0m2 [3mresponse_bytes[0m[2m=[0m163 [3mtransport[0m[2m=[0m"tcp"
[2m2026-09-04T07:51:58.804059Z[0m [32m INFO[0m bolt message received [3mevent_id[0m[2m=[0m"bolt.log.run" [3msignature[0m[2m=[0m"0x10"
[2m2026-09-04T07:51:58.824129Z[0m [32m INFO[0m [1mnornicdb.bolt.run[0m:[1mnornicdb.cypher.execute[0m: query phase breakdown [3mquery_hash[0m[2m=[0m1524916313068911758 [3mphase_parse_cache_us[0m[2m=[0m3 [3mphase_compliance_us[0m[2m=[0m1 [3mphase_pattern_us[0m[2m=[0m23 [3mphase_eval_us[0m[2m=[0m53478 [3mphase_audit_us[0m[2m=[0m466 [3mphase_total_us[0m[2m=[0m53971 [2m[3mdb.system[0m[2m=[0m"neo4j"[0m [2m[3mdb.operation.name[0m[2m=[0m"read"[0m
[2m2026-09-04T07:51:58.824321Z[0m [32m INFO[0m bolt RUN executed [3mevent_id[0m[2m=[0m"bolt.log.query" [3mquery[0m[2m=[0mUNWIND $rows AS row
		 MATCH (o:Order {orderID: row.orderID})
		 MATCH (p:Product {productID: row.productID})
		 CREATE (o)-[:ORDERS {quantity: row.quantity, discount: row.discount}]->(p) [3mfields[0m[2m=[0m[]
[2m2026-09-04T07:51:58.824440Z[0m [32m INFO[0m bolt message received [3mevent_id[0m[2m=[0m"bolt.log.run" [3msignature[0m[2m=[0m"0x3F"
[2m2026-09-04T07:51:58.824449Z[0m [32m INFO[0m bolt sending responses [3mevent_id[0m[2m=[0m"bolt.log.run" [3mresponse_count[0m[2m=[0m2 [3mresponse_bytes[0m[2m=[0m163 [3mtransport[0m[2m=[0m"tcp"
[2m2026-09-04T07:51:58.824823Z[0m [32m INFO[0m bolt message received [3mevent_id[0m[2m=[0m"bolt.log.run" [3msignature[0m[2m=[0m"0x10"
[2m2026-09-04T07:51:58.832049Z[0m [32m INFO[0m [1mnornicdb.bolt.run[0m:[1mnornicdb.cypher.execute[0m: query phase breakdown [3mquery_hash[0m[2m=[0m1524916313068911758 [3mphase_parse_cache_us[0m[2m=[0m2 [3mphase_compliance_us[0m[2m=[0m0 [3mphase_pattern_us[0m[2m=[0m20 [3mphase_eval_us[0m[2m=[0m53492 [3mphase_audit_us[0m[2m=[0m191 [3mphase_total_us[0m[2m=[0m53705 [2m[3mdb.system[0m[2m=[0m"neo4j"[0m [2m[3mdb.operation.name[0m[2m=[0m"read"[0m
[2m2026-09-04T07:51:58.832249Z[0m [32m INFO[0m bolt RUN executed [3mevent_id[0m[2m=[0m"bolt.log.query" [3mquery[0m[2m=[0mUNWIND $rows AS row
		 MATCH (o:Order {orderID: row.orderID})
		 MATCH (p:Product {productID: row.productID})
		 CREATE (o)-[:ORDERS {quantity: row.quantity, discount: row.discount}]->(p) [3mfields[0m[2m=[0m[]
[2m2026-09-04T07:51:58.832362Z[0m [32m INFO[0m bolt message received [3mevent_id[0m[2m=[0m"bolt.log.run" [3msignature[0m[2m=[0m"0x3F"
[2m2026-09-04T07:51:58.832370Z[0m [32m INFO[0m bolt sending responses [3mevent_id[0m[2m=[0m"bolt.log.run" [3mresponse_count[0m[2m=[0m2 [3mresponse_bytes[0m[2m=[0m163 [3mtransport[0m[2m=[0m"tcp"
[2m2026-09-04T07:51:58.832727Z[0m [32m INFO[0m bolt message received [3mevent_id[0m[2m=[0m"bolt.log.run" [3msignature[0m[2m=[0m"0x10"
[2m2026-09-04T07:51:58.843986Z[0m [32m INFO[0m [1mnornicdb.bolt.run[0m:[1mnornicdb.cypher.execute[0m: query phase breakdown [3mquery_hash[0m[2m=[0m1524916313068911758 [3mphase_parse_cache_us[0m[2m=[0m2 [3mphase_compliance_us[0m[2m=[0m1 [3mphase_pattern_us[0m[2m=[0m20 [3mphase_eval_us[0m[2m=[0m51358 [3mphase_audit_us[0m[2m=[0m195 [3mphase_total_us[0m[2m=[0m51576 [2m[3mdb.system[0m[2m=[0m"neo4j"[0m [2m[3mdb.operation.name[0m[2m=[0m"read"[0m
[2m2026-09-04T07:51:58.844174Z[0m [32m INFO[0m bolt RUN executed [3mevent_id[0m[2m=[0m"bolt.log.query" [3mquery[0m[2m=[0mUNWIND $rows AS row
		 MATCH (o:Order {orderID: row.orderID})
		 MATCH (p:Product {productID: row.productID})
		 CREATE (o)-[:ORDERS {quantity: row.quantity, discount: row.discount}]->(p) [3mfields[0m[2m=[0m[]
[2m2026-09-04T07:51:58.844271Z[0m [32m INFO[0m bolt message received [3mevent_id[0m[2m=[0m"bolt.log.run" [3msignature[0m[2m=[0m"0x3F"
[2m2026-09-04T07:51:58.844281Z[0m [32m INFO[0m bolt sending responses [3mevent_id[0m[2m=[0m"bolt.log.run" [3mresponse_count[0m[2m=[0m2 [3mresponse_bytes[0m[2m=[0m163 [3mtransport[0m[2m=[0m"tcp"
[2m2026-09-04T07:51:58.844640Z[0m [32m INFO[0m bolt message received [3mevent_id[0m[2m=[0m"bolt.log.run" [3msignature[0m[2m=[0m"0x10"
[2m2026-09-04T07:51:58.855929Z[0m [32m INFO[0m [1mnornicdb.bolt.run[0m:[1mnornicdb.cypher.execute[0m: query phase breakdown [3mquery_hash[0m[2m=[0m1524916313068911758 [3mphase_parse_cache_us[0m[2m=[0m2 [3mphase_compliance_us[0m[2m=[0m1 [3mphase_pattern_us[0m[2m=[0m20 [3mphase_eval_us[0m[2m=[0m51548 [3mphase_audit_us[0m[2m=[0m168 [3mphase_total_us[0m[2m=[0m51739 [2m[3mdb.system[0m[2m=[0m"neo4j"[0m [2m[3mdb.operation.name[0m[2m=[0m"read"[0m
[2m2026-09-04T07:51:58.856120Z[0m [32m INFO[0m bolt RUN executed [3mevent_id[0m[2m=[0m"bolt.log.query" [3mquery[0m[2m=[0mUNWIND $rows AS row
		 MATCH (o:Order {orderID: row.orderID})
		 MATCH (p:Product {productID: row.productID})
		 CREATE (o)-[:ORDERS {quantity: row.quantity, discount: row.discount}]->(p) [3mfields[0m[2m=[0m[]
[2m2026-09-04T07:51:58.856234Z[0m [32m INFO[0m bolt message received [3mevent_id[0m[2m=[0m"bolt.log.run" [3msignature[0m[2m=[0m"0x3F"
[2m2026-09-04T07:51:58.856242Z[0m [32m INFO[0m bolt sending responses [3mevent_id[0m[2m=[0m"bolt.log.run" [3mresponse_count[0m[2m=[0m2 [3mresponse_bytes[0m[2m=[0m163 [3mtransport[0m[2m=[0m"tcp"
[2m2026-09-04T07:51:58.856603Z[0m [32m INFO[0m bolt message received [3mevent_id[0m[2m=[0m"bolt.log.run" [3msignature[0m[2m=[0m"0x10"
[2m2026-09-04T07:51:58.877110Z[0m [32m INFO[0m [1mnornicdb.bolt.run[0m:[1mnornicdb.cypher.execute[0m: query phase breakdown [3mquery_hash[0m[2m=[0m1524916313068911758 [3mphase_parse_cache_us[0m[2m=[0m3 [3mphase_compliance_us[0m[2m=[0m0 [3mphase_pattern_us[0m[2m=[0m21 [3mphase_eval_us[0m[2m=[0m51947 [3mphase_audit_us[0m[2m=[0m192 [3mphase_total_us[0m[2m=[0m52163 [2m[3mdb.system[0m[2m=[0m"neo4j"[0m [2m[3mdb.operation.name[0m[2m=[0m"read"[0m
[2m2026-09-04T07:51:58.877309Z[0m [32m INFO[0m bolt RUN executed [3mevent_id[0m[2m=[0m"bolt.log.query" [3mquery[0m[2m=[0mUNWIND $rows AS row
		 MATCH (o:Order {orderID: row.orderID})
		 MATCH (p:Product {productID: row.productID})
		 CREATE (o)-[:ORDERS {quantity: row.quantity, discount: row.discount}]->(p) [3mfields[0m[2m=[0m[]
[2m2026-09-04T07:51:58.877413Z[0m [32m INFO[0m bolt message received [3mevent_id[0m[2m=[0m"bolt.log.run" [3msignature[0m[2m=[0m"0x3F"
[2m2026-09-04T07:51:58.877422Z[0m [32m INFO[0m bolt sending responses [3mevent_id[0m[2m=[0m"bolt.log.run" [3mresponse_count[0m[2m=[0m2 [3mresponse_bytes[0m[2m=[0m163 [3mtransport[0m[2m=[0m"tcp"
[2m2026-09-04T07:51:58.877820Z[0m [32m INFO[0m bolt message received [3mevent_id[0m[2m=[0m"bolt.log.run" [3msignature[0m[2m=[0m"0x10"
[2m2026-09-04T07:51:58.885058Z[0m [32m INFO[0m [1mnornicdb.bolt.run[0m:[1mnornicdb.cypher.execute[0m: query phase breakdown [3mquery_hash[0m[2m=[0m1524916313068911758 [3mphase_parse_cache_us[0m[2m=[0m2 [3mphase_compliance_us[0m[2m=[0m1 [3mphase_pattern_us[0m[2m=[0m24 [3mphase_eval_us[0m[2m=[0m52013 [3mphase_audit_us[0m[2m=[0m161 [3mphase_total_us[0m[2m=[0m52201 [2m[3mdb.system[0m[2m=[0m"neo4j"[0m [2m[3mdb.operation.name[0m[2m=[0m"read"[0m
[2m2026-09-04T07:51:58.885249Z[0m [32m INFO[0m bolt RUN executed [3mevent_id[0m[2m=[0m"bolt.log.query" [3mquery[0m[2m=[0mUNWIND $rows AS row
		 MATCH (o:Order {orderID: row.orderID})
		 MATCH (p:Product {productID: row.productID})
		 CREATE (o)-[:ORDERS {quantity: row.quantity, discount: row.discount}]->(p) [3mfields[0m[2m=[0m[]
[2m2026-09-04T07:51:58.885356Z[0m [32m INFO[0m bolt message received [3mevent_id[0m[2m=[0m"bolt.log.run" [3msignature[0m[2m=[0m"0x3F"
[2m2026-09-04T07:51:58.885365Z[0m [32m INFO[0m bolt sending responses [3mevent_id[0m[2m=[0m"bolt.log.run" [3mresponse_count[0m[2m=[0m2 [3mresponse_bytes[0m[2m=[0m163 [3mtransport[0m[2m=[0m"tcp"
[2m2026-09-04T07:51:58.885807Z[0m [32m INFO[0m bolt message received [3mevent_id[0m[2m=[0m"bolt.log.run" [3msignature[0m[2m=[0m"0x10"
[2m2026-09-04T07:51:58.898014Z[0m [32m INFO[0m [1mnornicdb.bolt.run[0m:[1mnornicdb.cypher.execute[0m: query phase breakdown [3mquery_hash[0m[2m=[0m1524916313068911758 [3mphase_parse_cache_us[0m[2m=[0m2 [3mphase_compliance_us[0m[2m=[0m0 [3mphase_pattern_us[0m[2m=[0m21 [3mphase_eval_us[0m[2m=[0m53024 [3mphase_audit_us[0m[2m=[0m201 [3mphase_total_us[0m[2m=[0m53248 [2m[3mdb.system[0m[2m=[0m"neo4j"[0m [2m[3mdb.operation.name[0m[2m=[0m"read"[0m
[2m2026-09-04T07:51:58.898215Z[0m [32m INFO[0m bolt RUN executed [3mevent_id[0m[2m=[0m"bolt.log.query" [3mquery[0m[2m=[0mUNWIND $rows AS row
		 MATCH (o:Order {orderID: row.orderID})
		 MATCH (p:Product {productID: row.productID})
		 CREATE (o)-[:ORDERS {quantity: row.quantity, discount: row.discount}]->(p) [3mfields[0m[2m=[0m[]
[2m2026-09-04T07:51:58.898318Z[0m [32m INFO[0m bolt message received [3mevent_id[0m[2m=[0m"bolt.log.run" [3msignature[0m[2m=[0m"0x3F"
[2m2026-09-04T07:51:58.898327Z[0m [32m INFO[0m bolt sending responses [3mevent_id[0m[2m=[0m"bolt.log.run" [3mresponse_count[0m[2m=[0m2 [3mresponse_bytes[0m[2m=[0m163 [3mtransport[0m[2m=[0m"tcp"
[2m2026-09-04T07:51:58.898699Z[0m [32m INFO[0m bolt message received [3mevent_id[0m[2m=[0m"bolt.log.run" [3msignature[0m[2m=[0m"0x10"
[2m2026-09-04T07:51:58.909448Z[0m [32m INFO[0m [1mnornicdb.bolt.run[0m:[1mnornicdb.cypher.execute[0m: query phase breakdown [3mquery_hash[0m[2m=[0m1524916313068911758 [3mphase_parse_cache_us[0m[2m=[0m2 [3mphase_compliance_us[0m[2m=[0m1 [3mphase_pattern_us[0m[2m=[0m20 [3mphase_eval_us[0m[2m=[0m52511 [3mphase_audit_us[0m[2m=[0m178 [3mphase_total_us[0m[2m=[0m52712 [2m[3mdb.system[0m[2m=[0m"neo4j"[0m [2m[3mdb.operation.name[0m[2m=[0m"read"[0m
[2m2026-09-04T07:51:58.909654Z[0m [32m INFO[0m bolt RUN executed [3mevent_id[0m[2m=[0m"bolt.log.query" [3mquery[0m[2m=[0mUNWIND $rows AS row
		 MATCH (o:Order {orderID: row.orderID})
		 MATCH (p:Product {productID: row.productID})
		 CREATE (o)-[:ORDERS {quantity: row.quantity, discount: row.discount}]->(p) [3mfields[0m[2m=[0m[]
[2m2026-09-04T07:51:58.909761Z[0m [32m INFO[0m bolt message received [3mevent_id[0m[2m=[0m"bolt.log.run" [3msignature[0m[2m=[0m"0x3F"
[2m2026-09-04T07:51:58.909768Z[0m [32m INFO[0m bolt sending responses [3mevent_id[0m[2m=[0m"bolt.log.run" [3mresponse_count[0m[2m=[0m2 [3mresponse_bytes[0m[2m=[0m163 [3mtransport[0m[2m=[0m"tcp"
[2m2026-09-04T07:51:58.910178Z[0m [32m INFO[0m bolt message received [3mevent_id[0m[2m=[0m"bolt.log.run" [3msignature[0m[2m=[0m"0x10"
[2m2026-09-04T07:51:58.931614Z[0m [32m INFO[0m [1mnornicdb.bolt.run[0m:[1mnornicdb.cypher.execute[0m: query phase breakdown [3mquery_hash[0m[2m=[0m1524916313068911758 [3mphase_parse_cache_us[0m[2m=[0m2 [3mphase_compliance_us[0m[2m=[0m1 [3mphase_pattern_us[0m[2m=[0m22 [3mphase_eval_us[0m[2m=[0m53467 [3mphase_audit_us[0m[2m=[0m164 [3mphase_total_us[0m[2m=[0m53656 [2m[3mdb.system[0m[2m=[0m"neo4j"[0m [2m[3mdb.operation.name[0m[2m=[0m"read"[0m
[2m2026-09-04T07:51:58.931818Z[0m [32m INFO[0m bolt RUN executed [3mevent_id[0m[2m=[0m"bolt.log.query" [3mquery[0m[2m=[0mUNWIND $rows AS row
		 MATCH (o:Order {orderID: row.orderID})
		 MATCH (p:Product {productID: row.productID})
		 CREATE (o)-[:ORDERS {quantity: row.quantity, discount: row.discount}]->(p) [3mfields[0m[2m=[0m[]
[2m2026-09-04T07:51:58.931933Z[0m [32m INFO[0m bolt message received [3mevent_id[0m[2m=[0m"bolt.log.run" [3msignature[0m[2m=[0m"0x3F"
[2m2026-09-04T07:51:58.931941Z[0m [32m INFO[0m bolt sending responses [3mevent_id[0m[2m=[0m"bolt.log.run" [3mresponse_count[0m[2m=[0m2 [3mresponse_bytes[0m[2m=[0m163 [3mtransport[0m[2m=[0m"tcp"
[2m2026-09-04T07:51:58.932372Z[0m [32m INFO[0m bolt message received [3mevent_id[0m[2m=[0m"bolt.log.run" [3msignature[0m[2m=[0m"0x10"
[2m2026-09-04T07:51:58.940387Z[0m [32m INFO[0m [1mnornicdb.bolt.run[0m:[1mnornicdb.cypher.execute[0m: query phase breakdown [3mquery_hash[0m[2m=[0m1524916313068911758 [3mphase_parse_cache_us[0m[2m=[0m2 [3mphase_compliance_us[0m[2m=[0m1 [3mphase_pattern_us[0m[2m=[0m21 [3mphase_eval_us[0m[2m=[0m54158 [3mphase_audit_us[0m[2m=[0m204 [3mphase_total_us[0m[2m=[0m54386 [2m[3mdb.system[0m[2m=[0m"neo4j"[0m [2m[3mdb.operation.name[0m[2m=[0m"read"[0m
[2m2026-09-04T07:51:58.940619Z[0m [32m INFO[0m bolt RUN executed [3mevent_id[0m[2m=[0m"bolt.log.query" [3mquery[0m[2m=[0mUNWIND $rows AS row
		 MATCH (o:Order {orderID: row.orderID})
		 MATCH (p:Product {productID: row.productID})
		 CREATE (o)-[:ORDERS {quantity: row.quantity, discount: row.discount}]->(p) [3mfields[0m[2m=[0m[]
[2m2026-09-04T07:51:58.940738Z[0m [32m INFO[0m bolt message received [3mevent_id[0m[2m=[0m"bolt.log.run" [3msignature[0m[2m=[0m"0x3F"
[2m2026-09-04T07:51:58.940747Z[0m [32m INFO[0m bolt sending responses [3mevent_id[0m[2m=[0m"bolt.log.run" [3mresponse_count[0m[2m=[0m2 [3mresponse_bytes[0m[2m=[0m163 [3mtransport[0m[2m=[0m"tcp"
[2m2026-09-04T07:51:58.941110Z[0m [32m INFO[0m bolt message received [3mevent_id[0m[2m=[0m"bolt.log.run" [3msignature[0m[2m=[0m"0x10"
[2m2026-09-04T07:51:58.957225Z[0m [32m INFO[0m [1mnornicdb.bolt.run[0m:[1mnornicdb.cypher.execute[0m: query phase breakdown [3mquery_hash[0m[2m=[0m1524916313068911758 [3mphase_parse_cache_us[0m[2m=[0m3 [3mphase_compliance_us[0m[2m=[0m1 [3mphase_pattern_us[0m[2m=[0m22 [3mphase_eval_us[0m[2m=[0m58207 [3mphase_audit_us[0m[2m=[0m150 [3mphase_total_us[0m[2m=[0m58383 [2m[3mdb.system[0m[2m=[0m"neo4j"[0m [2m[3mdb.operation.name[0m[2m=[0m"read"[0m
[2m2026-09-04T07:51:58.957411Z[0m [32m INFO[0m bolt RUN executed [3mevent_id[0m[2m=[0m"bolt.log.query" [3mquery[0m[2m=[0mUNWIND $rows AS row
		 MATCH (o:Order {orderID: row.orderID})
		 MATCH (p:Product {productID: row.productID})
		 CREATE (o)-[:ORDERS {quantity: row.quantity, discount: row.discount}]->(p) [3mfields[0m[2m=[0m[]
[2m2026-09-04T07:51:58.957507Z[0m [32m INFO[0m bolt message received [3mevent_id[0m[2m=[0m"bolt.log.run" [3msignature[0m[2m=[0m"0x3F"
[2m2026-09-04T07:51:58.957514Z[0m [32m INFO[0m bolt sending responses [3mevent_id[0m[2m=[0m"bolt.log.run" [3mresponse_count[0m[2m=[0m2 [3mresponse_bytes[0m[2m=[0m163 [3mtransport[0m[2m=[0m"tcp"
[2m2026-09-04T07:51:58.957929Z[0m [32m INFO[0m bolt message received [3mevent_id[0m[2m=[0m"bolt.log.run" [3msignature[0m[2m=[0m"0x10"
[2m2026-09-04T07:51:58.965482Z[0m [32m INFO[0m [1mnornicdb.bolt.run[0m:[1mnornicdb.cypher.execute[0m: query phase breakdown [3mquery_hash[0m[2m=[0m1524916313068911758 [3mphase_parse_cache_us[0m[2m=[0m3 [3mphase_compliance_us[0m[2m=[0m1 [3mphase_pattern_us[0m[2m=[0m21 [3mphase_eval_us[0m[2m=[0m54948 [3mphase_audit_us[0m[2m=[0m158 [3mphase_total_us[0m[2m=[0m55131 [2m[3mdb.system[0m[2m=[0m"neo4j"[0m [2m[3mdb.operation.name[0m[2m=[0m"read"[0m
[2m2026-09-04T07:51:58.965692Z[0m [32m INFO[0m bolt RUN executed [3mevent_id[0m[2m=[0m"bolt.log.query" [3mquery[0m[2m=[0mUNWIND $rows AS row
		 MATCH (o:Order {orderID: row.orderID})
		 MATCH (p:Product {productID: row.productID})
		 CREATE (o)-[:ORDERS {quantity: row.quantity, discount: row.discount}]->(p) [3mfields[0m[2m=[0m[]
[2m2026-09-04T07:51:58.965820Z[0m [32m INFO[0m bolt message received [3mevent_id[0m[2m=[0m"bolt.log.run" [3msignature[0m[2m=[0m"0x3F"
[2m2026-09-04T07:51:58.965844Z[0m [32m INFO[0m bolt sending responses [3mevent_id[0m[2m=[0m"bolt.log.run" [3mresponse_count[0m[2m=[0m2 [3mresponse_bytes[0m[2m=[0m163 [3mtransport[0m[2m=[0m"tcp"
[2m2026-09-04T07:51:58.966214Z[0m [32m INFO[0m bolt message received [3mevent_id[0m[2m=[0m"bolt.log.run" [3msignature[0m[2m=[0m"0x10"
[2m2026-09-04T07:51:58.985666Z[0m [32m INFO[0m [1mnornicdb.bolt.run[0m:[1mnornicdb.cypher.execute[0m: query phase breakdown [3mquery_hash[0m[2m=[0m1524916313068911758 [3mphase_parse_cache_us[0m[2m=[0m3 [3mphase_compliance_us[0m[2m=[0m2 [3mphase_pattern_us[0m[2m=[0m22 [3mphase_eval_us[0m[2m=[0m52886 [3mphase_audit_us[0m[2m=[0m207 [3mphase_total_us[0m[2m=[0m53120 [2m[3mdb.system[0m[2m=[0m"neo4j"[0m [2m[3mdb.operation.name[0m[2m=[0m"read"[0m
[2m2026-09-04T07:51:58.985879Z[0m [32m INFO[0m bolt RUN executed [3mevent_id[0m[2m=[0m"bolt.log.query" [3mquery[0m[2m=[0mUNWIND $rows AS row
		 MATCH (o:Order {orderID: row.orderID})
		 MATCH (p:Product {productID: row.productID})
		 CREATE (o)-[:ORDERS {quantity: row.quantity, discount: row.discount}]->(p) [3mfields[0m[2m=[0m[]
[2m2026-09-04T07:51:58.985995Z[0m [32m INFO[0m bolt message received [3mevent_id[0m[2m=[0m"bolt.log.run" [3msignature[0m[2m=[0m"0x3F"
[2m2026-09-04T07:51:58.986004Z[0m [32m INFO[0m bolt sending responses [3mevent_id[0m[2m=[0m"bolt.log.run" [3mresponse_count[0m[2m=[0m2 [3mresponse_bytes[0m[2m=[0m163 [3mtransport[0m[2m=[0m"tcp"
[2m2026-09-04T07:51:58.986415Z[0m [32m INFO[0m bolt message received [3mevent_id[0m[2m=[0m"bolt.log.run" [3msignature[0m[2m=[0m"0x10"
[2m2026-09-04T07:51:58.994034Z[0m [32m INFO[0m [1mnornicdb.bolt.run[0m:[1mnornicdb.cypher.execute[0m: query phase breakdown [3mquery_hash[0m[2m=[0m1524916313068911758 [3mphase_parse_cache_us[0m[2m=[0m3 [3mphase_compliance_us[0m[2m=[0m1 [3mphase_pattern_us[0m[2m=[0m22 [3mphase_eval_us[0m[2m=[0m52596 [3mphase_audit_us[0m[2m=[0m164 [3mphase_total_us[0m[2m=[0m52786 [2m[3mdb.system[0m[2m=[0m"neo4j"[0m [2m[3mdb.operation.name[0m[2m=[0m"read"[0m
[2m2026-09-04T07:51:58.994222Z[0m [32m INFO[0m bolt RUN executed [3mevent_id[0m[2m=[0m"bolt.log.query" [3mquery[0m[2m=[0mUNWIND $rows AS row
		 MATCH (o:Order {orderID: row.orderID})
		 MATCH (p:Product {productID: row.productID})
		 CREATE (o)-[:ORDERS {quantity: row.quantity, discount: row.discount}]->(p) [3mfields[0m[2m=[0m[]
[2m2026-09-04T07:51:58.994321Z[0m [32m INFO[0m bolt message received [3mevent_id[0m[2m=[0m"bolt.log.run" [3msignature[0m[2m=[0m"0x3F"
[2m2026-09-04T07:51:58.994329Z[0m [32m INFO[0m bolt sending responses [3mevent_id[0m[2m=[0m"bolt.log.run" [3mresponse_count[0m[2m=[0m2 [3mresponse_bytes[0m[2m=[0m163 [3mtransport[0m[2m=[0m"tcp"
[2m2026-09-04T07:51:58.994733Z[0m [32m INFO[0m bolt message received [3mevent_id[0m[2m=[0m"bolt.log.run" [3msignature[0m[2m=[0m"0x10"
[2m2026-09-04T07:51:59.012183Z[0m [32m INFO[0m [1mnornicdb.bolt.run[0m:[1mnornicdb.cypher.execute[0m: query phase breakdown [3mquery_hash[0m[2m=[0m1524916313068911758 [3mphase_parse_cache_us[0m[2m=[0m3 [3mphase_compliance_us[0m[2m=[0m1 [3mphase_pattern_us[0m[2m=[0m21 [3mphase_eval_us[0m[2m=[0m53506 [3mphase_audit_us[0m[2m=[0m558 [3mphase_total_us[0m[2m=[0m54089 [2m[3mdb.system[0m[2m=[0m"neo4j"[0m [2m[3mdb.operation.name[0m[2m=[0m"read"[0m
[2m2026-09-04T07:51:59.012366Z[0m [32m INFO[0m bolt RUN executed [3mevent_id[0m[2m=[0m"bolt.log.query" [3mquery[0m[2m=[0mUNWIND $rows AS row
		 MATCH (o:Order {orderID: row.orderID})
		 MATCH (p:Product {productID: row.productID})
		 CREATE (o)-[:ORDERS {quantity: row.quantity, discount: row.discount}]->(p) [3mfields[0m[2m=[0m[]
[2m2026-09-04T07:51:59.012465Z[0m [32m INFO[0m bolt message received [3mevent_id[0m[2m=[0m"bolt.log.run" [3msignature[0m[2m=[0m"0x3F"
[2m2026-09-04T07:51:59.012474Z[0m [32m INFO[0m bolt sending responses [3mevent_id[0m[2m=[0m"bolt.log.run" [3mresponse_count[0m[2m=[0m2 [3mresponse_bytes[0m[2m=[0m163 [3mtransport[0m[2m=[0m"tcp"
[2m2026-09-04T07:51:59.012849Z[0m [32m INFO[0m bolt message received [3mevent_id[0m[2m=[0m"bolt.log.run" [3msignature[0m[2m=[0m"0x10"
[2m2026-09-04T07:51:59.020071Z[0m [32m INFO[0m [1mnornicdb.bolt.run[0m:[1mnornicdb.cypher.execute[0m: query phase breakdown [3mquery_hash[0m[2m=[0m1524916313068911758 [3mphase_parse_cache_us[0m[2m=[0m2 [3mphase_compliance_us[0m[2m=[0m1 [3mphase_pattern_us[0m[2m=[0m21 [3mphase_eval_us[0m[2m=[0m53496 [3mphase_audit_us[0m[2m=[0m169 [3mphase_total_us[0m[2m=[0m53689 [2m[3mdb.system[0m[2m=[0m"neo4j"[0m [2m[3mdb.operation.name[0m[2m=[0m"read"[0m
[2m2026-09-04T07:51:59.020259Z[0m [32m INFO[0m bolt RUN executed [3mevent_id[0m[2m=[0m"bolt.log.query" [3mquery[0m[2m=[0mUNWIND $rows AS row
		 MATCH (o:Order {orderID: row.orderID})
		 MATCH (p:Product {productID: row.productID})
		 CREATE (o)-[:ORDERS {quantity: row.quantity, discount: row.discount}]->(p) [3mfields[0m[2m=[0m[]
[2m2026-09-04T07:51:59.020358Z[0m [32m INFO[0m bolt message received [3mevent_id[0m[2m=[0m"bolt.log.run" [3msignature[0m[2m=[0m"0x3F"
[2m2026-09-04T07:51:59.020369Z[0m [32m INFO[0m bolt sending responses [3mevent_id[0m[2m=[0m"bolt.log.run" [3mresponse_count[0m[2m=[0m2 [3mresponse_bytes[0m[2m=[0m163 [3mtransport[0m[2m=[0m"tcp"
[2m2026-09-04T07:51:59.020731Z[0m [32m INFO[0m bolt message received [3mevent_id[0m[2m=[0m"bolt.log.run" [3msignature[0m[2m=[0m"0x10"
[2m2026-09-04T07:51:59.040243Z[0m [32m INFO[0m [1mnornicdb.bolt.run[0m:[1mnornicdb.cypher.execute[0m: query phase breakdown [3mquery_hash[0m[2m=[0m1524916313068911758 [3mphase_parse_cache_us[0m[2m=[0m2 [3mphase_compliance_us[0m[2m=[0m1 [3mphase_pattern_us[0m[2m=[0m21 [3mphase_eval_us[0m[2m=[0m53184 [3mphase_audit_us[0m[2m=[0m461 [3mphase_total_us[0m[2m=[0m53669 [2m[3mdb.system[0m[2m=[0m"neo4j"[0m [2m[3mdb.operation.name[0m[2m=[0m"read"[0m
[2m2026-09-04T07:51:59.040452Z[0m [32m INFO[0m bolt RUN executed [3mevent_id[0m[2m=[0m"bolt.log.query" [3mquery[0m[2m=[0mUNWIND $rows AS row
		 MATCH (o:Order {orderID: row.orderID})
		 MATCH (p:Product {productID: row.productID})
		 CREATE (o)-[:ORDERS {quantity: row.quantity, discount: row.discount}]->(p) [3mfields[0m[2m=[0m[]
[2m2026-09-04T07:51:59.040573Z[0m [32m INFO[0m bolt message received [3mevent_id[0m[2m=[0m"bolt.log.run" [3msignature[0m[2m=[0m"0x3F"
[2m2026-09-04T07:51:59.040583Z[0m [32m INFO[0m bolt sending responses [3mevent_id[0m[2m=[0m"bolt.log.run" [3mresponse_count[0m[2m=[0m2 [3mresponse_bytes[0m[2m=[0m163 [3mtransport[0m[2m=[0m"tcp"
[2m2026-09-04T07:51:59.041017Z[0m [32m INFO[0m bolt message received [3mevent_id[0m[2m=[0m"bolt.log.run" [3msignature[0m[2m=[0m"0x10"
[2m2026-09-04T07:51:59.048920Z[0m [32m INFO[0m [1mnornicdb.bolt.run[0m:[1mnornicdb.cypher.execute[0m: query phase breakdown [3mquery_hash[0m[2m=[0m1524916313068911758 [3mphase_parse_cache_us[0m[2m=[0m3 [3mphase_compliance_us[0m[2m=[0m1 [3mphase_pattern_us[0m[2m=[0m22 [3mphase_eval_us[0m[2m=[0m53783 [3mphase_audit_us[0m[2m=[0m200 [3mphase_total_us[0m[2m=[0m54009 [2m[3mdb.system[0m[2m=[0m"neo4j"[0m [2m[3mdb.operation.name[0m[2m=[0m"read"[0m
[2m2026-09-04T07:51:59.049125Z[0m [32m INFO[0m bolt RUN executed [3mevent_id[0m[2m=[0m"bolt.log.query" [3mquery[0m[2m=[0mUNWIND $rows AS row
		 MATCH (o:Order {orderID: row.orderID})
		 MATCH (p:Product {productID: row.productID})
		 CREATE (o)-[:ORDERS {quantity: row.quantity, discount: row.discount}]->(p) [3mfields[0m[2m=[0m[]
[2m2026-09-04T07:51:59.049238Z[0m [32m INFO[0m bolt message received [3mevent_id[0m[2m=[0m"bolt.log.run" [3msignature[0m[2m=[0m"0x3F"
[2m2026-09-04T07:51:59.049247Z[0m [32m INFO[0m bolt sending responses [3mevent_id[0m[2m=[0m"bolt.log.run" [3mresponse_count[0m[2m=[0m2 [3mresponse_bytes[0m[2m=[0m163 [3mtransport[0m[2m=[0m"tcp"
[2m2026-09-04T07:51:59.049633Z[0m [32m INFO[0m bolt message received [3mevent_id[0m[2m=[0m"bolt.log.run" [3msignature[0m[2m=[0m"0x10"
[2m2026-09-04T07:51:59.066855Z[0m [32m INFO[0m [1mnornicdb.bolt.run[0m:[1mnornicdb.cypher.execute[0m: query phase breakdown [3mquery_hash[0m[2m=[0m1524916313068911758 [3mphase_parse_cache_us[0m[2m=[0m2 [3mphase_compliance_us[0m[2m=[0m1 [3mphase_pattern_us[0m[2m=[0m22 [3mphase_eval_us[0m[2m=[0m53669 [3mphase_audit_us[0m[2m=[0m176 [3mphase_total_us[0m[2m=[0m53870 [2m[3mdb.system[0m[2m=[0m"neo4j"[0m [2m[3mdb.operation.name[0m[2m=[0m"read"[0m
[2m2026-09-04T07:51:59.067061Z[0m [32m INFO[0m bolt RUN executed [3mevent_id[0m[2m=[0m"bolt.log.query" [3mquery[0m[2m=[0mUNWIND $rows AS row
		 MATCH (o:Order {orderID: row.orderID})
		 MATCH (p:Product {productID: row.productID})
		 CREATE (o)-[:ORDERS {quantity: row.quantity, discount: row.discount}]->(p) [3mfields[0m[2m=[0m[]
[2m2026-09-04T07:51:59.067159Z[0m [32m INFO[0m bolt message received [3mevent_id[0m[2m=[0m"bolt.log.run" [3msignature[0m[2m=[0m"0x3F"
[2m2026-09-04T07:51:59.067168Z[0m [32m INFO[0m bolt sending responses [3mevent_id[0m[2m=[0m"bolt.log.run" [3mresponse_count[0m[2m=[0m2 [3mresponse_bytes[0m[2m=[0m163 [3mtransport[0m[2m=[0m"tcp"
[2m2026-09-04T07:51:59.067597Z[0m [32m INFO[0m bolt message received [3mevent_id[0m[2m=[0m"bolt.log.run" [3msignature[0m[2m=[0m"0x10"
[2m2026-09-04T07:51:59.075643Z[0m [32m INFO[0m [1mnornicdb.bolt.run[0m:[1mnornicdb.cypher.execute[0m: query phase breakdown [3mquery_hash[0m[2m=[0m1524916313068911758 [3mphase_parse_cache_us[0m[2m=[0m2 [3mphase_compliance_us[0m[2m=[0m1 [3mphase_pattern_us[0m[2m=[0m20 [3mphase_eval_us[0m[2m=[0m54586 [3mphase_audit_us[0m[2m=[0m189 [3mphase_total_us[0m[2m=[0m54798 [2m[3mdb.system[0m[2m=[0m"neo4j"[0m [2m[3mdb.operation.name[0m[2m=[0m"read"[0m
[2m2026-09-04T07:51:59.075875Z[0m [32m INFO[0m bolt RUN executed [3mevent_id[0m[2m=[0m"bolt.log.query" [3mquery[0m[2m=[0mUNWIND $rows AS row
		 MATCH (o:Order {orderID: row.orderID})
		 MATCH (p:Product {productID: row.productID})
		 CREATE (o)-[:ORDERS {quantity: row.quantity, discount: row.discount}]->(p) [3mfields[0m[2m=[0m[]
[2m2026-09-04T07:51:59.076001Z[0m [32m INFO[0m bolt message received [3mevent_id[0m[2m=[0m"bolt.log.run" [3msignature[0m[2m=[0m"0x3F"
[2m2026-09-04T07:51:59.076009Z[0m [32m INFO[0m bolt sending responses [3mevent_id[0m[2m=[0m"bolt.log.run" [3mresponse_count[0m[2m=[0m2 [3mresponse_bytes[0m[2m=[0m163 [3mtransport[0m[2m=[0m"tcp"
[2m2026-09-04T07:51:59.076355Z[0m [32m INFO[0m bolt message received [3mevent_id[0m[2m=[0m"bolt.log.run" [3msignature[0m[2m=[0m"0x10"
[2m2026-09-04T07:51:59.096451Z[0m [32m INFO[0m [1mnornicdb.bolt.run[0m:[1mnornicdb.cypher.execute[0m: query phase breakdown [3mquery_hash[0m[2m=[0m1524916313068911758 [3mphase_parse_cache_us[0m[2m=[0m3 [3mphase_compliance_us[0m[2m=[0m1 [3mphase_pattern_us[0m[2m=[0m22 [3mphase_eval_us[0m[2m=[0m54727 [3mphase_audit_us[0m[2m=[0m553 [3mphase_total_us[0m[2m=[0m55306 [2m[3mdb.system[0m[2m=[0m"neo4j"[0m [2m[3mdb.operation.name[0m[2m=[0m"read"[0m
[2m2026-09-04T07:51:59.096646Z[0m [32m INFO[0m bolt RUN executed [3mevent_id[0m[2m=[0m"bolt.log.query" [3mquery[0m[2m=[0mUNWIND $rows AS row
		 MATCH (o:Order {orderID: row.orderID})
		 MATCH (p:Product {productID: row.productID})
		 CREATE (o)-[:ORDERS {quantity: row.quantity, discount: row.discount}]->(p) [3mfields[0m[2m=[0m[]
[2m2026-09-04T07:51:59.096765Z[0m [32m INFO[0m bolt message received [3mevent_id[0m[2m=[0m"bolt.log.run" [3msignature[0m[2m=[0m"0x3F"
[2m2026-09-04T07:51:59.096774Z[0m [32m INFO[0m bolt sending responses [3mevent_id[0m[2m=[0m"bolt.log.run" [3mresponse_count[0m[2m=[0m2 [3mresponse_bytes[0m[2m=[0m163 [3mtransport[0m[2m=[0m"tcp"
[2m2026-09-04T07:51:59.097182Z[0m [32m INFO[0m bolt message received [3mevent_id[0m[2m=[0m"bolt.log.run" [3msignature[0m[2m=[0m"0x10"
[2m2026-09-04T07:51:59.104590Z[0m [32m INFO[0m [1mnornicdb.bolt.run[0m:[1mnornicdb.cypher.execute[0m: query phase breakdown [3mquery_hash[0m[2m=[0m1524916313068911758 [3mphase_parse_cache_us[0m[2m=[0m3 [3mphase_compliance_us[0m[2m=[0m1 [3mphase_pattern_us[0m[2m=[0m22 [3mphase_eval_us[0m[2m=[0m54614 [3mphase_audit_us[0m[2m=[0m175 [3mphase_total_us[0m[2m=[0m54815 [2m[3mdb.system[0m[2m=[0m"neo4j"[0m [2m[3mdb.operation.name[0m[2m=[0m"read"[0m
[2m2026-09-04T07:51:59.104784Z[0m [32m INFO[0m bolt RUN executed [3mevent_id[0m[2m=[0m"bolt.log.query" [3mquery[0m[2m=[0mUNWIND $rows AS row
		 MATCH (o:Order {orderID: row.orderID})
		 MATCH (p:Product {productID: row.productID})
		 CREATE (o)-[:ORDERS {quantity: row.quantity, discount: row.discount}]->(p) [3mfields[0m[2m=[0m[]
[2m2026-09-04T07:51:59.104894Z[0m [32m INFO[0m bolt message received [3mevent_id[0m[2m=[0m"bolt.log.run" [3msignature[0m[2m=[0m"0x3F"
[2m2026-09-04T07:51:59.104902Z[0m [32m INFO[0m bolt sending responses [3mevent_id[0m[2m=[0m"bolt.log.run" [3mresponse_count[0m[2m=[0m2 [3mresponse_bytes[0m[2m=[0m163 [3mtransport[0m[2m=[0m"tcp"
[2m2026-09-04T07:51:59.105262Z[0m [32m INFO[0m bolt message received [3mevent_id[0m[2m=[0m"bolt.log.run" [3msignature[0m[2m=[0m"0x10"
[2m2026-09-04T07:51:59.120516Z[0m [32m INFO[0m [1mnornicdb.bolt.run[0m:[1mnornicdb.cypher.execute[0m: query phase breakdown [3mquery_hash[0m[2m=[0m1524916313068911758 [3mphase_parse_cache_us[0m[2m=[0m3 [3mphase_compliance_us[0m[2m=[0m1 [3mphase_pattern_us[0m[2m=[0m22 [3mphase_eval_us[0m[2m=[0m52552 [3mphase_audit_us[0m[2m=[0m183 [3mphase_total_us[0m[2m=[0m52761 [2m[3mdb.system[0m[2m=[0m"neo4j"[0m [2m[3mdb.operation.name[0m[2m=[0m"read"[0m
[2m2026-09-04T07:51:59.120695Z[0m [32m INFO[0m bolt RUN executed [3mevent_id[0m[2m=[0m"bolt.log.query" [3mquery[0m[2m=[0mUNWIND $rows AS row
		 MATCH (o:Order {orderID: row.orderID})
		 MATCH (p:Product {productID: row.productID})
		 CREATE (o)-[:ORDERS {quantity: row.quantity, discount: row.discount}]->(p) [3mfields[0m[2m=[0m[]
[2m2026-09-04T07:51:59.120796Z[0m [32m INFO[0m bolt message received [3mevent_id[0m[2m=[0m"bolt.log.run" [3msignature[0m[2m=[0m"0x3F"
[2m2026-09-04T07:51:59.120803Z[0m [32m INFO[0m bolt sending responses [3mevent_id[0m[2m=[0m"bolt.log.run" [3mresponse_count[0m[2m=[0m2 [3mresponse_bytes[0m[2m=[0m163 [3mtransport[0m[2m=[0m"tcp"
[2m2026-09-04T07:51:59.121185Z[0m [32m INFO[0m bolt message received [3mevent_id[0m[2m=[0m"bolt.log.run" [3msignature[0m[2m=[0m"0x10"
[2m2026-09-04T07:51:59.129447Z[0m [32m INFO[0m [1mnornicdb.bolt.run[0m:[1mnornicdb.cypher.execute[0m: query phase breakdown [3mquery_hash[0m[2m=[0m1524916313068911758 [3mphase_parse_cache_us[0m[2m=[0m2 [3mphase_compliance_us[0m[2m=[0m1 [3mphase_pattern_us[0m[2m=[0m22 [3mphase_eval_us[0m[2m=[0m52745 [3mphase_audit_us[0m[2m=[0m185 [3mphase_total_us[0m[2m=[0m52955 [2m[3mdb.system[0m[2m=[0m"neo4j"[0m [2m[3mdb.operation.name[0m[2m=[0m"read"[0m
[2m2026-09-04T07:51:59.129646Z[0m [32m INFO[0m bolt RUN executed [3mevent_id[0m[2m=[0m"bolt.log.query" [3mquery[0m[2m=[0mUNWIND $rows AS row
		 MATCH (o:Order {orderID: row.orderID})
		 MATCH (p:Product {productID: row.productID})
		 CREATE (o)-[:ORDERS {quantity: row.quantity, discount: row.discount}]->(p) [3mfields[0m[2m=[0m[]
[2m2026-09-04T07:51:59.129758Z[0m [32m INFO[0m bolt message received [3mevent_id[0m[2m=[0m"bolt.log.run" [3msignature[0m[2m=[0m"0x3F"
[2m2026-09-04T07:51:59.129766Z[0m [32m INFO[0m bolt sending responses [3mevent_id[0m[2m=[0m"bolt.log.run" [3mresponse_count[0m[2m=[0m2 [3mresponse_bytes[0m[2m=[0m163 [3mtransport[0m[2m=[0m"tcp"
[2m2026-09-04T07:51:59.130140Z[0m [32m INFO[0m bolt message received [3mevent_id[0m[2m=[0m"bolt.log.run" [3msignature[0m[2m=[0m"0x10"
[2m2026-09-04T07:51:59.150360Z[0m [32m INFO[0m [1mnornicdb.bolt.run[0m:[1mnornicdb.cypher.execute[0m: query phase breakdown [3mquery_hash[0m[2m=[0m1524916313068911758 [3mphase_parse_cache_us[0m[2m=[0m2 [3mphase_compliance_us[0m[2m=[0m1 [3mphase_pattern_us[0m[2m=[0m21 [3mphase_eval_us[0m[2m=[0m52538 [3mphase_audit_us[0m[2m=[0m490 [3mphase_total_us[0m[2m=[0m53052 [2m[3mdb.system[0m[2m=[0m"neo4j"[0m [2m[3mdb.operation.name[0m[2m=[0m"read"[0m
[2m2026-09-04T07:51:59.150552Z[0m [32m INFO[0m bolt RUN executed [3mevent_id[0m[2m=[0m"bolt.log.query" [3mquery[0m[2m=[0mUNWIND $rows AS row
		 MATCH (o:Order {orderID: row.orderID})
		 MATCH (p:Product {productID: row.productID})
		 CREATE (o)-[:ORDERS {quantity: row.quantity, discount: row.discount}]->(p) [3mfields[0m[2m=[0m[]
[2m2026-09-04T07:51:59.150660Z[0m [32m INFO[0m bolt message received [3mevent_id[0m[2m=[0m"bolt.log.run" [3msignature[0m[2m=[0m"0x3F"
[2m2026-09-04T07:51:59.150671Z[0m [32m INFO[0m bolt sending responses [3mevent_id[0m[2m=[0m"bolt.log.run" [3mresponse_count[0m[2m=[0m2 [3mresponse_bytes[0m[2m=[0m163 [3mtransport[0m[2m=[0m"tcp"
[2m2026-09-04T07:51:59.151038Z[0m [32m INFO[0m bolt message received [3mevent_id[0m[2m=[0m"bolt.log.run" [3msignature[0m[2m=[0m"0x10"
[2m2026-09-04T07:51:59.158662Z[0m [32m INFO[0m [1mnornicdb.bolt.run[0m:[1mnornicdb.cypher.execute[0m: query phase breakdown [3mquery_hash[0m[2m=[0m1524916313068911758 [3mphase_parse_cache_us[0m[2m=[0m2 [3mphase_compliance_us[0m[2m=[0m1 [3mphase_pattern_us[0m[2m=[0m21 [3mphase_eval_us[0m[2m=[0m53005 [3mphase_audit_us[0m[2m=[0m239 [3mphase_total_us[0m[2m=[0m53268 [2m[3mdb.system[0m[2m=[0m"neo4j"[0m [2m[3mdb.operation.name[0m[2m=[0m"read"[0m
[2m2026-09-04T07:51:59.158860Z[0m [32m INFO[0m bolt RUN executed [3mevent_id[0m[2m=[0m"bolt.log.query" [3mquery[0m[2m=[0mUNWIND $rows AS row
		 MATCH (o:Order {orderID: row.orderID})
		 MATCH (p:Product {productID: row.productID})
		 CREATE (o)-[:ORDERS {quantity: row.quantity, discount: row.discount}]->(p) [3mfields[0m[2m=[0m[]
[2m2026-09-04T07:51:59.158972Z[0m [32m INFO[0m bolt message received [3mevent_id[0m[2m=[0m"bolt.log.run" [3msignature[0m[2m=[0m"0x3F"
[2m2026-09-04T07:51:59.158984Z[0m [32m INFO[0m bolt sending responses [3mevent_id[0m[2m=[0m"bolt.log.run" [3mresponse_count[0m[2m=[0m2 [3mresponse_bytes[0m[2m=[0m163 [3mtransport[0m[2m=[0m"tcp"
[2m2026-09-04T07:51:59.159381Z[0m [32m INFO[0m bolt message received [3mevent_id[0m[2m=[0m"bolt.log.run" [3msignature[0m[2m=[0m"0x10"
[2m2026-09-04T07:51:59.174785Z[0m [32m INFO[0m [1mnornicdb.bolt.run[0m:[1mnornicdb.cypher.execute[0m: query phase breakdown [3mquery_hash[0m[2m=[0m1524916313068911758 [3mphase_parse_cache_us[0m[2m=[0m2 [3mphase_compliance_us[0m[2m=[0m1 [3mphase_pattern_us[0m[2m=[0m21 [3mphase_eval_us[0m[2m=[0m53230 [3mphase_audit_us[0m[2m=[0m189 [3mphase_total_us[0m[2m=[0m53443 [2m[3mdb.system[0m[2m=[0m"neo4j"[0m [2m[3mdb.operation.name[0m[2m=[0m"read"[0m
[2m2026-09-04T07:51:59.174989Z[0m [32m INFO[0m bolt RUN executed [3mevent_id[0m[2m=[0m"bolt.log.query" [3mquery[0m[2m=[0mUNWIND $rows AS row
		 MATCH (o:Order {orderID: row.orderID})
		 MATCH (p:Product {productID: row.productID})
		 CREATE (o)-[:ORDERS {quantity: row.quantity, discount: row.discount}]->(p) [3mfields[0m[2m=[0m[]
[2m2026-09-04T07:51:59.175107Z[0m [32m INFO[0m bolt message received [3mevent_id[0m[2m=[0m"bolt.log.run" [3msignature[0m[2m=[0m"0x3F"
[2m2026-09-04T07:51:59.175127Z[0m [32m INFO[0m bolt sending responses [3mevent_id[0m[2m=[0m"bolt.log.run" [3mresponse_count[0m[2m=[0m2 [3mresponse_bytes[0m[2m=[0m163 [3mtransport[0m[2m=[0m"tcp"
[2m2026-09-04T07:51:59.175515Z[0m [32m INFO[0m bolt message received [3mevent_id[0m[2m=[0m"bolt.log.run" [3msignature[0m[2m=[0m"0x10"
[2m2026-09-04T07:51:59.186700Z[0m [32m INFO[0m [1mnornicdb.bolt.run[0m:[1mnornicdb.cypher.execute[0m: query phase breakdown [3mquery_hash[0m[2m=[0m1524916313068911758 [3mphase_parse_cache_us[0m[2m=[0m3 [3mphase_compliance_us[0m[2m=[0m1 [3mphase_pattern_us[0m[2m=[0m21 [3mphase_eval_us[0m[2m=[0m56174 [3mphase_audit_us[0m[2m=[0m215 [3mphase_total_us[0m[2m=[0m56414 [2m[3mdb.system[0m[2m=[0m"neo4j"[0m [2m[3mdb.operation.name[0m[2m=[0m"read"[0m
[2m2026-09-04T07:51:59.186912Z[0m [32m INFO[0m bolt RUN executed [3mevent_id[0m[2m=[0m"bolt.log.query" [3mquery[0m[2m=[0mUNWIND $rows AS row
		 MATCH (o:Order {orderID: row.orderID})
		 MATCH (p:Product {productID: row.productID})
		 CREATE (o)-[:ORDERS {quantity: row.quantity, discount: row.discount}]->(p) [3mfields[0m[2m=[0m[]
[2m2026-09-04T07:51:59.187032Z[0m [32m INFO[0m bolt message received [3mevent_id[0m[2m=[0m"bolt.log.run" [3msignature[0m[2m=[0m"0x3F"
[2m2026-09-04T07:51:59.187043Z[0m [32m INFO[0m bolt sending responses [3mevent_id[0m[2m=[0m"bolt.log.run" [3mresponse_count[0m[2m=[0m2 [3mresponse_bytes[0m[2m=[0m163 [3mtransport[0m[2m=[0m"tcp"
[2m2026-09-04T07:51:59.187398Z[0m [32m INFO[0m bolt message received [3mevent_id[0m[2m=[0m"bolt.log.run" [3msignature[0m[2m=[0m"0x10"
[2m2026-09-04T07:51:59.207474Z[0m [32m INFO[0m [1mnornicdb.bolt.run[0m:[1mnornicdb.cypher.execute[0m: query phase breakdown [3mquery_hash[0m[2m=[0m1524916313068911758 [3mphase_parse_cache_us[0m[2m=[0m2 [3mphase_compliance_us[0m[2m=[0m1 [3mphase_pattern_us[0m[2m=[0m21 [3mphase_eval_us[0m[2m=[0m55695 [3mphase_audit_us[0m[2m=[0m588 [3mphase_total_us[0m[2m=[0m56307 [2m[3mdb.system[0m[2m=[0m"neo4j"[0m [2m[3mdb.operation.name[0m[2m=[0m"read"[0m
[2m2026-09-04T07:51:59.207670Z[0m [32m INFO[0m bolt RUN executed [3mevent_id[0m[2m=[0m"bolt.log.query" [3mquery[0m[2m=[0mUNWIND $rows AS row
		 MATCH (o:Order {orderID: row.orderID})
		 MATCH (p:Product {productID: row.productID})
		 CREATE (o)-[:ORDERS {quantity: row.quantity, discount: row.discount}]->(p) [3mfields[0m[2m=[0m[]
[2m2026-09-04T07:51:59.207782Z[0m [32m INFO[0m bolt message received [3mevent_id[0m[2m=[0m"bolt.log.run" [3msignature[0m[2m=[0m"0x3F"
[2m2026-09-04T07:51:59.207790Z[0m [32m INFO[0m bolt sending responses [3mevent_id[0m[2m=[0m"bolt.log.run" [3mresponse_count[0m[2m=[0m2 [3mresponse_bytes[0m[2m=[0m163 [3mtransport[0m[2m=[0m"tcp"
[2m2026-09-04T07:51:59.208107Z[0m [32m INFO[0m bolt message received [3mevent_id[0m[2m=[0m"bolt.log.run" [3msignature[0m[2m=[0m"0x10"
[2m2026-09-04T07:51:59.215793Z[0m [32m INFO[0m [1mnornicdb.bolt.run[0m:[1mnornicdb.cypher.execute[0m: query phase breakdown [3mquery_hash[0m[2m=[0m1524916313068911758 [3mphase_parse_cache_us[0m[2m=[0m3 [3mphase_compliance_us[0m[2m=[0m2 [3mphase_pattern_us[0m[2m=[0m23 [3mphase_eval_us[0m[2m=[0m56081 [3mphase_audit_us[0m[2m=[0m174 [3mphase_total_us[0m[2m=[0m56283 [2m[3mdb.system[0m[2m=[0m"neo4j"[0m [2m[3mdb.operation.name[0m[2m=[0m"read"[0m
[2m2026-09-04T07:51:59.215995Z[0m [32m INFO[0m bolt RUN executed [3mevent_id[0m[2m=[0m"bolt.log.query" [3mquery[0m[2m=[0mUNWIND $rows AS row
		 MATCH (o:Order {orderID: row.orderID})
		 MATCH (p:Product {productID: row.productID})
		 CREATE (o)-[:ORDERS {quantity: row.quantity, discount: row.discount}]->(p) [3mfields[0m[2m=[0m[]
[2m2026-09-04T07:51:59.216108Z[0m [32m INFO[0m bolt message received [3mevent_id[0m[2m=[0m"bolt.log.run" [3msignature[0m[2m=[0m"0x3F"
[2m2026-09-04T07:51:59.216118Z[0m [32m INFO[0m bolt sending responses [3mevent_id[0m[2m=[0m"bolt.log.run" [3mresponse_count[0m[2m=[0m2 [3mresponse_bytes[0m[2m=[0m163 [3mtransport[0m[2m=[0m"tcp"
[2m2026-09-04T07:51:59.216473Z[0m [32m INFO[0m bolt message received [3mevent_id[0m[2m=[0m"bolt.log.run" [3msignature[0m[2m=[0m"0x10"
[2m2026-09-04T07:51:59.230607Z[0m [32m INFO[0m [1mnornicdb.bolt.run[0m:[1mnornicdb.cypher.execute[0m: query phase breakdown [3mquery_hash[0m[2m=[0m1524916313068911758 [3mphase_parse_cache_us[0m[2m=[0m3 [3mphase_compliance_us[0m[2m=[0m1 [3mphase_pattern_us[0m[2m=[0m22 [3mphase_eval_us[0m[2m=[0m54693 [3mphase_audit_us[0m[2m=[0m204 [3mphase_total_us[0m[2m=[0m54923 [2m[3mdb.system[0m[2m=[0m"neo4j"[0m [2m[3mdb.operation.name[0m[2m=[0m"read"[0m
[2m2026-09-04T07:51:59.230811Z[0m [32m INFO[0m bolt RUN executed [3mevent_id[0m[2m=[0m"bolt.log.query" [3mquery[0m[2m=[0mUNWIND $rows AS row
		 MATCH (o:Order {orderID: row.orderID})
		 MATCH (p:Product {productID: row.productID})
		 CREATE (o)-[:ORDERS {quantity: row.quantity, discount: row.discount}]->(p) [3mfields[0m[2m=[0m[]
[2m2026-09-04T07:51:59.230916Z[0m [32m INFO[0m bolt message received [3mevent_id[0m[2m=[0m"bolt.log.run" [3msignature[0m[2m=[0m"0x3F"
[2m2026-09-04T07:51:59.230925Z[0m [32m INFO[0m bolt sending responses [3mevent_id[0m[2m=[0m"bolt.log.run" [3mresponse_count[0m[2m=[0m2 [3mresponse_bytes[0m[2m=[0m163 [3mtransport[0m[2m=[0m"tcp"
[2m2026-09-04T07:51:59.231236Z[0m [32m INFO[0m bolt message received [3mevent_id[0m[2m=[0m"bolt.log.run" [3msignature[0m[2m=[0m"0x10"
[2m2026-09-04T07:51:59.242250Z[0m [32m INFO[0m [1mnornicdb.bolt.run[0m:[1mnornicdb.cypher.execute[0m: query phase breakdown [3mquery_hash[0m[2m=[0m1524916313068911758 [3mphase_parse_cache_us[0m[2m=[0m3 [3mphase_compliance_us[0m[2m=[0m1 [3mphase_pattern_us[0m[2m=[0m21 [3mphase_eval_us[0m[2m=[0m54423 [3mphase_audit_us[0m[2m=[0m235 [3mphase_total_us[0m[2m=[0m54683 [2m[3mdb.system[0m[2m=[0m"neo4j"[0m [2m[3mdb.operation.name[0m[2m=[0m"read"[0m
[2m2026-09-04T07:51:59.242450Z[0m [32m INFO[0m bolt RUN executed [3mevent_id[0m[2m=[0m"bolt.log.query" [3mquery[0m[2m=[0mUNWIND $rows AS row
		 MATCH (o:Order {orderID: row.orderID})
		 MATCH (p:Product {productID: row.productID})
		 CREATE (o)-[:ORDERS {quantity: row.quantity, discount: row.discount}]->(p) [3mfields[0m[2m=[0m[]
[2m2026-09-04T07:51:59.242553Z[0m [32m INFO[0m bolt message received [3mevent_id[0m[2m=[0m"bolt.log.run" [3msignature[0m[2m=[0m"0x3F"
[2m2026-09-04T07:51:59.242562Z[0m [32m INFO[0m bolt sending responses [3mevent_id[0m[2m=[0m"bolt.log.run" [3mresponse_count[0m[2m=[0m2 [3mresponse_bytes[0m[2m=[0m163 [3mtransport[0m[2m=[0m"tcp"
[2m2026-09-04T07:51:59.242879Z[0m [32m INFO[0m bolt message received [3mevent_id[0m[2m=[0m"bolt.log.run" [3msignature[0m[2m=[0m"0x10"
[2m2026-09-04T07:51:59.263595Z[0m [32m INFO[0m [1mnornicdb.bolt.run[0m:[1mnornicdb.cypher.execute[0m: query phase breakdown [3mquery_hash[0m[2m=[0m1524916313068911758 [3mphase_parse_cache_us[0m[2m=[0m2 [3mphase_compliance_us[0m[2m=[0m1 [3mphase_pattern_us[0m[2m=[0m22 [3mphase_eval_us[0m[2m=[0m54740 [3mphase_audit_us[0m[2m=[0m600 [3mphase_total_us[0m[2m=[0m55365 [2m[3mdb.system[0m[2m=[0m"neo4j"[0m [2m[3mdb.operation.name[0m[2m=[0m"read"[0m
[2m2026-09-04T07:51:59.263799Z[0m [32m INFO[0m bolt RUN executed [3mevent_id[0m[2m=[0m"bolt.log.query" [3mquery[0m[2m=[0mUNWIND $rows AS row
		 MATCH (o:Order {orderID: row.orderID})
		 MATCH (p:Product {productID: row.productID})
		 CREATE (o)-[:ORDERS {quantity: row.quantity, discount: row.discount}]->(p) [3mfields[0m[2m=[0m[]
[2m2026-09-04T07:51:59.263919Z[0m [32m INFO[0m bolt message received [3mevent_id[0m[2m=[0m"bolt.log.run" [3msignature[0m[2m=[0m"0x3F"
[2m2026-09-04T07:51:59.263929Z[0m [32m INFO[0m bolt sending responses [3mevent_id[0m[2m=[0m"bolt.log.run" [3mresponse_count[0m[2m=[0m2 [3mresponse_bytes[0m[2m=[0m163 [3mtransport[0m[2m=[0m"tcp"
[2m2026-09-04T07:51:59.264274Z[0m [32m INFO[0m bolt message received [3mevent_id[0m[2m=[0m"bolt.log.run" [3msignature[0m[2m=[0m"0x10"
[2m2026-09-04T07:51:59.272309Z[0m [32m INFO[0m [1mnornicdb.bolt.run[0m:[1mnornicdb.cypher.execute[0m: query phase breakdown [3mquery_hash[0m[2m=[0m1524916313068911758 [3mphase_parse_cache_us[0m[2m=[0m2 [3mphase_compliance_us[0m[2m=[0m1 [3mphase_pattern_us[0m[2m=[0m21 [3mphase_eval_us[0m[2m=[0m55433 [3mphase_audit_us[0m[2m=[0m205 [3mphase_total_us[0m[2m=[0m55662 [2m[3mdb.system[0m[2m=[0m"neo4j"[0m [2m[3mdb.operation.name[0m[2m=[0m"read"[0m
[2m2026-09-04T07:51:59.272532Z[0m [32m INFO[0m bolt RUN executed [3mevent_id[0m[2m=[0m"bolt.log.query" [3mquery[0m[2m=[0mUNWIND $rows AS row
		 MATCH (o:Order {orderID: row.orderID})
		 MATCH (p:Product {productID: row.productID})
		 CREATE (o)-[:ORDERS {quantity: row.quantity, discount: row.discount}]->(p) [3mfields[0m[2m=[0m[]
[2m2026-09-04T07:51:59.272652Z[0m [32m INFO[0m bolt message received [3mevent_id[0m[2m=[0m"bolt.log.run" [3msignature[0m[2m=[0m"0x3F"
[2m2026-09-04T07:51:59.272661Z[0m [32m INFO[0m bolt sending responses [3mevent_id[0m[2m=[0m"bolt.log.run" [3mresponse_count[0m[2m=[0m2 [3mresponse_bytes[0m[2m=[0m163 [3mtransport[0m[2m=[0m"tcp"
[2m2026-09-04T07:51:59.272998Z[0m [32m INFO[0m bolt message received [3mevent_id[0m[2m=[0m"bolt.log.run" [3msignature[0m[2m=[0m"0x10"
[2m2026-09-04T07:51:59.285645Z[0m [32m INFO[0m [1mnornicdb.bolt.run[0m:[1mnornicdb.cypher.execute[0m: query phase breakdown [3mquery_hash[0m[2m=[0m1524916313068911758 [3mphase_parse_cache_us[0m[2m=[0m2 [3mphase_compliance_us[0m[2m=[0m1 [3mphase_pattern_us[0m[2m=[0m20 [3mphase_eval_us[0m[2m=[0m54071 [3mphase_audit_us[0m[2m=[0m182 [3mphase_total_us[0m[2m=[0m54276 [2m[3mdb.system[0m[2m=[0m"neo4j"[0m [2m[3mdb.operation.name[0m[2m=[0m"read"[0m
[2m2026-09-04T07:51:59.285853Z[0m [32m INFO[0m bolt RUN executed [3mevent_id[0m[2m=[0m"bolt.log.query" [3mquery[0m[2m=[0mUNWIND $rows AS row
		 MATCH (o:Order {orderID: row.orderID})
		 MATCH (p:Product {productID: row.productID})
		 CREATE (o)-[:ORDERS {quantity: row.quantity, discount: row.discount}]->(p) [3mfields[0m[2m=[0m[]
[2m2026-09-04T07:51:59.285955Z[0m [32m INFO[0m bolt message received [3mevent_id[0m[2m=[0m"bolt.log.run" [3msignature[0m[2m=[0m"0x3F"
[2m2026-09-04T07:51:59.285964Z[0m [32m INFO[0m bolt sending responses [3mevent_id[0m[2m=[0m"bolt.log.run" [3mresponse_count[0m[2m=[0m2 [3mresponse_bytes[0m[2m=[0m163 [3mtransport[0m[2m=[0m"tcp"
[2m2026-09-04T07:51:59.286331Z[0m [32m INFO[0m bolt message received [3mevent_id[0m[2m=[0m"bolt.log.run" [3msignature[0m[2m=[0m"0x10"
[2m2026-09-04T07:51:59.296019Z[0m [32m INFO[0m [1mnornicdb.bolt.run[0m:[1mnornicdb.cypher.execute[0m: query phase breakdown [3mquery_hash[0m[2m=[0m1524916313068911758 [3mphase_parse_cache_us[0m[2m=[0m2 [3mphase_compliance_us[0m[2m=[0m1 [3mphase_pattern_us[0m[2m=[0m20 [3mphase_eval_us[0m[2m=[0m52829 [3mphase_audit_us[0m[2m=[0m178 [3mphase_total_us[0m[2m=[0m53030 [2m[3mdb.system[0m[2m=[0m"neo4j"[0m [2m[3mdb.operation.name[0m[2m=[0m"read"[0m
[2m2026-09-04T07:51:59.296225Z[0m [32m INFO[0m bolt RUN executed [3mevent_id[0m[2m=[0m"bolt.log.query" [3mquery[0m[2m=[0mUNWIND $rows AS row
		 MATCH (o:Order {orderID: row.orderID})
		 MATCH (p:Product {productID: row.productID})
		 CREATE (o)-[:ORDERS {quantity: row.quantity, discount: row.discount}]->(p) [3mfields[0m[2m=[0m[]
[2m2026-09-04T07:51:59.296346Z[0m [32m INFO[0m bolt message received [3mevent_id[0m[2m=[0m"bolt.log.run" [3msignature[0m[2m=[0m"0x3F"
[2m2026-09-04T07:51:59.296355Z[0m [32m INFO[0m bolt sending responses [3mevent_id[0m[2m=[0m"bolt.log.run" [3mresponse_count[0m[2m=[0m2 [3mresponse_bytes[0m[2m=[0m163 [3mtransport[0m[2m=[0m"tcp"
[2m2026-09-04T07:51:59.296688Z[0m [32m INFO[0m bolt message received [3mevent_id[0m[2m=[0m"bolt.log.run" [3msignature[0m[2m=[0m"0x10"
[2m2026-09-04T07:51:59.321432Z[0m [32m INFO[0m [1mnornicdb.bolt.run[0m:[1mnornicdb.cypher.execute[0m: query phase breakdown [3mquery_hash[0m[2m=[0m1524916313068911758 [3mphase_parse_cache_us[0m[2m=[0m3 [3mphase_compliance_us[0m[2m=[0m1 [3mphase_pattern_us[0m[2m=[0m23 [3mphase_eval_us[0m[2m=[0m56425 [3mphase_audit_us[0m[2m=[0m564 [3mphase_total_us[0m[2m=[0m57016 [2m[3mdb.system[0m[2m=[0m"neo4j"[0m [2m[3mdb.operation.name[0m[2m=[0m"read"[0m
[2m2026-09-04T07:51:59.321643Z[0m [32m INFO[0m bolt RUN executed [3mevent_id[0m[2m=[0m"bolt.log.query" [3mquery[0m[2m=[0mUNWIND $rows AS row
		 MATCH (o:Order {orderID: row.orderID})
		 MATCH (p:Product {productID: row.productID})
		 CREATE (o)-[:ORDERS {quantity: row.quantity, discount: row.discount}]->(p) [3mfields[0m[2m=[0m[]
[2m2026-09-04T07:51:59.321763Z[0m [32m INFO[0m bolt message received [3mevent_id[0m[2m=[0m"bolt.log.run" [3msignature[0m[2m=[0m"0x3F"
[2m2026-09-04T07:51:59.321773Z[0m [32m INFO[0m bolt sending responses [3mevent_id[0m[2m=[0m"bolt.log.run" [3mresponse_count[0m[2m=[0m2 [3mresponse_bytes[0m[2m=[0m163 [3mtransport[0m[2m=[0m"tcp"
[2m2026-09-04T07:51:59.322145Z[0m [32m INFO[0m bolt message received [3mevent_id[0m[2m=[0m"bolt.log.run" [3msignature[0m[2m=[0m"0x10"
[2m2026-09-04T07:51:59.329801Z[0m [32m INFO[0m [1mnornicdb.bolt.run[0m:[1mnornicdb.cypher.execute[0m: query phase breakdown [3mquery_hash[0m[2m=[0m1524916313068911758 [3mphase_parse_cache_us[0m[2m=[0m3 [3mphase_compliance_us[0m[2m=[0m1 [3mphase_pattern_us[0m[2m=[0m23 [3mphase_eval_us[0m[2m=[0m56450 [3mphase_audit_us[0m[2m=[0m188 [3mphase_total_us[0m[2m=[0m56665 [2m[3mdb.system[0m[2m=[0m"neo4j"[0m [2m[3mdb.operation.name[0m[2m=[0m"read"[0m
[2m2026-09-04T07:51:59.330011Z[0m [32m INFO[0m bolt RUN executed [3mevent_id[0m[2m=[0m"bolt.log.query" [3mquery[0m[2m=[0mUNWIND $rows AS row
		 MATCH (o:Order {orderID: row.orderID})
		 MATCH (p:Product {productID: row.productID})
		 CREATE (o)-[:ORDERS {quantity: row.quantity, discount: row.discount}]->(p) [3mfields[0m[2m=[0m[]
[2m2026-09-04T07:51:59.330126Z[0m [32m INFO[0m bolt message received [3mevent_id[0m[2m=[0m"bolt.log.run" [3msignature[0m[2m=[0m"0x3F"
[2m2026-09-04T07:51:59.330135Z[0m [32m INFO[0m bolt sending responses [3mevent_id[0m[2m=[0m"bolt.log.run" [3mresponse_count[0m[2m=[0m2 [3mresponse_bytes[0m[2m=[0m163 [3mtransport[0m[2m=[0m"tcp"
[2m2026-09-04T07:51:59.330505Z[0m [32m INFO[0m bolt message received [3mevent_id[0m[2m=[0m"bolt.log.run" [3msignature[0m[2m=[0m"0x10"
[2m2026-09-04T07:51:59.340038Z[0m [32m INFO[0m [1mnornicdb.bolt.run[0m:[1mnornicdb.cypher.execute[0m: query phase breakdown [3mquery_hash[0m[2m=[0m1524916313068911758 [3mphase_parse_cache_us[0m[2m=[0m3 [3mphase_compliance_us[0m[2m=[0m2 [3mphase_pattern_us[0m[2m=[0m23 [3mphase_eval_us[0m[2m=[0m53315 [3mphase_audit_us[0m[2m=[0m184 [3mphase_total_us[0m[2m=[0m53527 [2m[3mdb.system[0m[2m=[0m"neo4j"[0m [2m[3mdb.operation.name[0m[2m=[0m"read"[0m
[2m2026-09-04T07:51:59.340234Z[0m [32m INFO[0m bolt RUN executed [3mevent_id[0m[2m=[0m"bolt.log.query" [3mquery[0m[2m=[0mUNWIND $rows AS row
		 MATCH (o:Order {orderID: row.orderID})
		 MATCH (p:Product {productID: row.productID})
		 CREATE (o)-[:ORDERS {quantity: row.quantity, discount: row.discount}]->(p) [3mfields[0m[2m=[0m[]
[2m2026-09-04T07:51:59.340337Z[0m [32m INFO[0m bolt message received [3mevent_id[0m[2m=[0m"bolt.log.run" [3msignature[0m[2m=[0m"0x3F"
[2m2026-09-04T07:51:59.340345Z[0m [32m INFO[0m bolt sending responses [3mevent_id[0m[2m=[0m"bolt.log.run" [3mresponse_count[0m[2m=[0m2 [3mresponse_bytes[0m[2m=[0m163 [3mtransport[0m[2m=[0m"tcp"
[2m2026-09-04T07:51:59.340677Z[0m [32m INFO[0m bolt message received [3mevent_id[0m[2m=[0m"bolt.log.run" [3msignature[0m[2m=[0m"0x10"
[2m2026-09-04T07:51:59.350270Z[0m [32m INFO[0m [1mnornicdb.bolt.run[0m:[1mnornicdb.cypher.execute[0m: query phase breakdown [3mquery_hash[0m[2m=[0m1524916313068911758 [3mphase_parse_cache_us[0m[2m=[0m3 [3mphase_compliance_us[0m[2m=[0m1 [3mphase_pattern_us[0m[2m=[0m22 [3mphase_eval_us[0m[2m=[0m53233 [3mphase_audit_us[0m[2m=[0m181 [3mphase_total_us[0m[2m=[0m53440 [2m[3mdb.system[0m[2m=[0m"neo4j"[0m [2m[3mdb.operation.name[0m[2m=[0m"read"[0m
[2m2026-09-04T07:51:59.350472Z[0m [32m INFO[0m bolt RUN executed [3mevent_id[0m[2m=[0m"bolt.log.query" [3mquery[0m[2m=[0mUNWIND $rows AS row
		 MATCH (o:Order {orderID: row.orderID})
		 MATCH (p:Product {productID: row.productID})
		 CREATE (o)-[:ORDERS {quantity: row.quantity, discount: row.discount}]->(p) [3mfields[0m[2m=[0m[]
[2m2026-09-04T07:51:59.350585Z[0m [32m INFO[0m bolt message received [3mevent_id[0m[2m=[0m"bolt.log.run" [3msignature[0m[2m=[0m"0x3F"
[2m2026-09-04T07:51:59.350596Z[0m [32m INFO[0m bolt sending responses [3mevent_id[0m[2m=[0m"bolt.log.run" [3mresponse_count[0m[2m=[0m2 [3mresponse_bytes[0m[2m=[0m163 [3mtransport[0m[2m=[0m"tcp"
[2m2026-09-04T07:51:59.350946Z[0m [32m INFO[0m bolt message received [3mevent_id[0m[2m=[0m"bolt.log.run" [3msignature[0m[2m=[0m"0x10"
[2m2026-09-04T07:51:59.376212Z[0m [32m INFO[0m [1mnornicdb.bolt.run[0m:[1mnornicdb.cypher.execute[0m: query phase breakdown [3mquery_hash[0m[2m=[0m1524916313068911758 [3mphase_parse_cache_us[0m[2m=[0m4 [3mphase_compliance_us[0m[2m=[0m2 [3mphase_pattern_us[0m[2m=[0m24 [3mphase_eval_us[0m[2m=[0m53355 [3mphase_audit_us[0m[2m=[0m533 [3mphase_total_us[0m[2m=[0m53918 [2m[3mdb.system[0m[2m=[0m"neo4j"[0m [2m[3mdb.operation.name[0m[2m=[0m"read"[0m
[2m2026-09-04T07:51:59.376408Z[0m [32m INFO[0m bolt RUN executed [3mevent_id[0m[2m=[0m"bolt.log.query" [3mquery[0m[2m=[0mUNWIND $rows AS row
		 MATCH (o:Order {orderID: row.orderID})
		 MATCH (p:Product {productID: row.productID})
		 CREATE (o)-[:ORDERS {quantity: row.quantity, discount: row.discount}]->(p) [3mfields[0m[2m=[0m[]
[2m2026-09-04T07:51:59.376531Z[0m [32m INFO[0m bolt message received [3mevent_id[0m[2m=[0m"bolt.log.run" [3msignature[0m[2m=[0m"0x3F"
[2m2026-09-04T07:51:59.376545Z[0m [32m INFO[0m bolt sending responses [3mevent_id[0m[2m=[0m"bolt.log.run" [3mresponse_count[0m[2m=[0m2 [3mresponse_bytes[0m[2m=[0m163 [3mtransport[0m[2m=[0m"tcp"
[2m2026-09-04T07:51:59.376907Z[0m [32m INFO[0m bolt message received [3mevent_id[0m[2m=[0m"bolt.log.run" [3msignature[0m[2m=[0m"0x10"
[2m2026-09-04T07:51:59.384712Z[0m [32m INFO[0m [1mnornicdb.bolt.run[0m:[1mnornicdb.cypher.execute[0m: query phase breakdown [3mquery_hash[0m[2m=[0m1524916313068911758 [3mphase_parse_cache_us[0m[2m=[0m3 [3mphase_compliance_us[0m[2m=[0m1 [3mphase_pattern_us[0m[2m=[0m21 [3mphase_eval_us[0m[2m=[0m53461 [3mphase_audit_us[0m[2m=[0m546 [3mphase_total_us[0m[2m=[0m54032 [2m[3mdb.system[0m[2m=[0m"neo4j"[0m [2m[3mdb.operation.name[0m[2m=[0m"read"[0m
[2m2026-09-04T07:51:59.384913Z[0m [32m INFO[0m bolt RUN executed [3mevent_id[0m[2m=[0m"bolt.log.query" [3mquery[0m[2m=[0mUNWIND $rows AS row
		 MATCH (o:Order {orderID: row.orderID})
		 MATCH (p:Product {productID: row.productID})
		 CREATE (o)-[:ORDERS {quantity: row.quantity, discount: row.discount}]->(p) [3mfields[0m[2m=[0m[]
[2m2026-09-04T07:51:59.385023Z[0m [32m INFO[0m bolt message received [3mevent_id[0m[2m=[0m"bolt.log.run" [3msignature[0m[2m=[0m"0x3F"
[2m2026-09-04T07:51:59.385030Z[0m [32m INFO[0m bolt sending responses [3mevent_id[0m[2m=[0m"bolt.log.run" [3mresponse_count[0m[2m=[0m2 [3mresponse_bytes[0m[2m=[0m163 [3mtransport[0m[2m=[0m"tcp"
[2m2026-09-04T07:51:59.385379Z[0m [32m INFO[0m bolt message received [3mevent_id[0m[2m=[0m"bolt.log.run" [3msignature[0m[2m=[0m"0x10"
[2m2026-09-04T07:51:59.393219Z[0m [32m INFO[0m [1mnornicdb.bolt.run[0m:[1mnornicdb.cypher.execute[0m: query phase breakdown [3mquery_hash[0m[2m=[0m1524916313068911758 [3mphase_parse_cache_us[0m[2m=[0m3 [3mphase_compliance_us[0m[2m=[0m1 [3mphase_pattern_us[0m[2m=[0m21 [3mphase_eval_us[0m[2m=[0m52141 [3mphase_audit_us[0m[2m=[0m192 [3mphase_total_us[0m[2m=[0m52358 [2m[3mdb.system[0m[2m=[0m"neo4j"[0m [2m[3mdb.operation.name[0m[2m=[0m"read"[0m
[2m2026-09-04T07:51:59.393429Z[0m [32m INFO[0m bolt RUN executed [3mevent_id[0m[2m=[0m"bolt.log.query" [3mquery[0m[2m=[0mUNWIND $rows AS row
		 MATCH (o:Order {orderID: row.orderID})
		 MATCH (p:Product {productID: row.productID})
		 CREATE (o)-[:ORDERS {quantity: row.quantity, discount: row.discount}]->(p) [3mfields[0m[2m=[0m[]
[2m2026-09-04T07:51:59.393546Z[0m [32m INFO[0m bolt message received [3mevent_id[0m[2m=[0m"bolt.log.run" [3msignature[0m[2m=[0m"0x3F"
[2m2026-09-04T07:51:59.393555Z[0m [32m INFO[0m bolt sending responses [3mevent_id[0m[2m=[0m"bolt.log.run" [3mresponse_count[0m[2m=[0m2 [3mresponse_bytes[0m[2m=[0m163 [3mtransport[0m[2m=[0m"tcp"
[2m2026-09-04T07:51:59.393891Z[0m [32m INFO[0m bolt message received [3mevent_id[0m[2m=[0m"bolt.log.run" [3msignature[0m[2m=[0m"0x10"
[2m2026-09-04T07:51:59.402331Z[0m [32m INFO[0m [1mnornicdb.bolt.run[0m:[1mnornicdb.cypher.execute[0m: query phase breakdown [3mquery_hash[0m[2m=[0m1524916313068911758 [3mphase_parse_cache_us[0m[2m=[0m2 [3mphase_compliance_us[0m[2m=[0m1 [3mphase_pattern_us[0m[2m=[0m18 [3mphase_eval_us[0m[2m=[0m50978 [3mphase_audit_us[0m[2m=[0m213 [3mphase_total_us[0m[2m=[0m51212 [2m[3mdb.system[0m[2m=[0m"neo4j"[0m [2m[3mdb.operation.name[0m[2m=[0m"read"[0m
[2m2026-09-04T07:51:59.402523Z[0m [32m INFO[0m bolt RUN executed [3mevent_id[0m[2m=[0m"bolt.log.query" [3mquery[0m[2m=[0mUNWIND $rows AS row
		 MATCH (o:Order {orderID: row.orderID})
		 MATCH (p:Product {productID: row.productID})
		 CREATE (o)-[:ORDERS {quantity: row.quantity, discount: row.discount}]->(p) [3mfields[0m[2m=[0m[]
[2m2026-09-04T07:51:59.402634Z[0m [32m INFO[0m bolt message received [3mevent_id[0m[2m=[0m"bolt.log.run" [3msignature[0m[2m=[0m"0x3F"
[2m2026-09-04T07:51:59.402641Z[0m [32m INFO[0m bolt sending responses [3mevent_id[0m[2m=[0m"bolt.log.run" [3mresponse_count[0m[2m=[0m2 [3mresponse_bytes[0m[2m=[0m163 [3mtransport[0m[2m=[0m"tcp"
[2m2026-09-04T07:51:59.402985Z[0m [32m INFO[0m bolt message received [3mevent_id[0m[2m=[0m"bolt.log.run" [3msignature[0m[2m=[0m"0x10"
[2m2026-09-04T07:51:59.434878Z[0m [32m INFO[0m [1mnornicdb.bolt.run[0m:[1mnornicdb.cypher.execute[0m: query phase breakdown [3mquery_hash[0m[2m=[0m1524916313068911758 [3mphase_parse_cache_us[0m[2m=[0m4 [3mphase_compliance_us[0m[2m=[0m2 [3mphase_pattern_us[0m[2m=[0m25 [3mphase_eval_us[0m[2m=[0m57241 [3mphase_audit_us[0m[2m=[0m556 [3mphase_total_us[0m[2m=[0m57828 [2m[3mdb.system[0m[2m=[0m"neo4j"[0m [2m[3mdb.operation.name[0m[2m=[0m"read"[0m
[2m2026-09-04T07:51:59.435070Z[0m [32m INFO[0m bolt RUN executed [3mevent_id[0m[2m=[0m"bolt.log.query" [3mquery[0m[2m=[0mUNWIND $rows AS row
		 MATCH (o:Order {orderID: row.orderID})
		 MATCH (p:Product {productID: row.productID})
		 CREATE (o)-[:ORDERS {quantity: row.quantity, discount: row.discount}]->(p) [3mfields[0m[2m=[0m[]
[2m2026-09-04T07:51:59.435181Z[0m [32m INFO[0m bolt message received [3mevent_id[0m[2m=[0m"bolt.log.run" [3msignature[0m[2m=[0m"0x3F"
[2m2026-09-04T07:51:59.435192Z[0m [32m INFO[0m bolt sending responses [3mevent_id[0m[2m=[0m"bolt.log.run" [3mresponse_count[0m[2m=[0m2 [3mresponse_bytes[0m[2m=[0m163 [3mtransport[0m[2m=[0m"tcp"
[2m2026-09-04T07:51:59.435579Z[0m [32m INFO[0m bolt message received [3mevent_id[0m[2m=[0m"bolt.log.run" [3msignature[0m[2m=[0m"0x10"
[2m2026-09-04T07:51:59.443664Z[0m [32m INFO[0m [1mnornicdb.bolt.run[0m:[1mnornicdb.cypher.execute[0m: query phase breakdown [3mquery_hash[0m[2m=[0m1524916313068911758 [3mphase_parse_cache_us[0m[2m=[0m2 [3mphase_compliance_us[0m[2m=[0m1 [3mphase_pattern_us[0m[2m=[0m21 [3mphase_eval_us[0m[2m=[0m57590 [3mphase_audit_us[0m[2m=[0m544 [3mphase_total_us[0m[2m=[0m58158 [2m[3mdb.system[0m[2m=[0m"neo4j"[0m [2m[3mdb.operation.name[0m[2m=[0m"read"[0m
[2m2026-09-04T07:51:59.443884Z[0m [32m INFO[0m bolt RUN executed [3mevent_id[0m[2m=[0m"bolt.log.query" [3mquery[0m[2m=[0mUNWIND $rows AS row
		 MATCH (o:Order {orderID: row.orderID})
		 MATCH (p:Product {productID: row.productID})
		 CREATE (o)-[:ORDERS {quantity: row.quantity, discount: row.discount}]->(p) [3mfields[0m[2m=[0m[]
[2m2026-09-04T07:51:59.444008Z[0m [32m INFO[0m bolt message received [3mevent_id[0m[2m=[0m"bolt.log.run" [3msignature[0m[2m=[0m"0x3F"
[2m2026-09-04T07:51:59.444016Z[0m [32m INFO[0m bolt sending responses [3mevent_id[0m[2m=[0m"bolt.log.run" [3mresponse_count[0m[2m=[0m2 [3mresponse_bytes[0m[2m=[0m163 [3mtransport[0m[2m=[0m"tcp"
[2m2026-09-04T07:51:59.444391Z[0m [32m INFO[0m bolt message received [3mevent_id[0m[2m=[0m"bolt.log.run" [3msignature[0m[2m=[0m"0x10"
[2m2026-09-04T07:51:59.451826Z[0m [32m INFO[0m [1mnornicdb.bolt.run[0m:[1mnornicdb.cypher.execute[0m: query phase breakdown [3mquery_hash[0m[2m=[0m1524916313068911758 [3mphase_parse_cache_us[0m[2m=[0m2 [3mphase_compliance_us[0m[2m=[0m1 [3mphase_pattern_us[0m[2m=[0m23 [3mphase_eval_us[0m[2m=[0m57584 [3mphase_audit_us[0m[2m=[0m181 [3mphase_total_us[0m[2m=[0m57791 [2m[3mdb.system[0m[2m=[0m"neo4j"[0m [2m[3mdb.operation.name[0m[2m=[0m"read"[0m
[2m2026-09-04T07:51:59.452026Z[0m [32m INFO[0m bolt RUN executed [3mevent_id[0m[2m=[0m"bolt.log.query" [3mquery[0m[2m=[0mUNWIND $rows AS row
		 MATCH (o:Order {orderID: row.orderID})
		 MATCH (p:Product {productID: row.productID})
		 CREATE (o)-[:ORDERS {quantity: row.quantity, discount: row.discount}]->(p) [3mfields[0m[2m=[0m[]
[2m2026-09-04T07:51:59.452132Z[0m [32m INFO[0m bolt message received [3mevent_id[0m[2m=[0m"bolt.log.run" [3msignature[0m[2m=[0m"0x3F"
[2m2026-09-04T07:51:59.452141Z[0m [32m INFO[0m bolt sending responses [3mevent_id[0m[2m=[0m"bolt.log.run" [3mresponse_count[0m[2m=[0m2 [3mresponse_bytes[0m[2m=[0m163 [3mtransport[0m[2m=[0m"tcp"
[2m2026-09-04T07:51:59.452558Z[0m [32m INFO[0m bolt message received [3mevent_id[0m[2m=[0m"bolt.log.run" [3msignature[0m[2m=[0m"0x10"
[2m2026-09-04T07:51:59.461118Z[0m [32m INFO[0m [1mnornicdb.bolt.run[0m:[1mnornicdb.cypher.execute[0m: query phase breakdown [3mquery_hash[0m[2m=[0m1524916313068911758 [3mphase_parse_cache_us[0m[2m=[0m2 [3mphase_compliance_us[0m[2m=[0m1 [3mphase_pattern_us[0m[2m=[0m21 [3mphase_eval_us[0m[2m=[0m57763 [3mphase_audit_us[0m[2m=[0m220 [3mphase_total_us[0m[2m=[0m58007 [2m[3mdb.system[0m[2m=[0m"neo4j"[0m [2m[3mdb.operation.name[0m[2m=[0m"read"[0m
[2m2026-09-04T07:51:59.461326Z[0m [32m INFO[0m bolt RUN executed [3mevent_id[0m[2m=[0m"bolt.log.query" [3mquery[0m[2m=[0mUNWIND $rows AS row
		 MATCH (o:Order {orderID: row.orderID})
		 MATCH (p:Product {productID: row.productID})
		 CREATE (o)-[:ORDERS {quantity: row.quantity, discount: row.discount}]->(p) [3mfields[0m[2m=[0m[]
[2m2026-09-04T07:51:59.461441Z[0m [32m INFO[0m bolt message received [3mevent_id[0m[2m=[0m"bolt.log.run" [3msignature[0m[2m=[0m"0x3F"
[2m2026-09-04T07:51:59.461450Z[0m [32m INFO[0m bolt sending responses [3mevent_id[0m[2m=[0m"bolt.log.run" [3mresponse_count[0m[2m=[0m2 [3mresponse_bytes[0m[2m=[0m163 [3mtransport[0m[2m=[0m"tcp"
[2m2026-09-04T07:51:59.461852Z[0m [32m INFO[0m bolt message received [3mevent_id[0m[2m=[0m"bolt.log.run" [3msignature[0m[2m=[0m"0x10"
[2m2026-09-04T07:51:59.487970Z[0m [32m INFO[0m [1mnornicdb.bolt.run[0m:[1mnornicdb.cypher.execute[0m: query phase breakdown [3mquery_hash[0m[2m=[0m1524916313068911758 [3mphase_parse_cache_us[0m[2m=[0m3 [3mphase_compliance_us[0m[2m=[0m2 [3mphase_pattern_us[0m[2m=[0m23 [3mphase_eval_us[0m[2m=[0m52066 [3mphase_audit_us[0m[2m=[0m162 [3mphase_total_us[0m[2m=[0m52256 [2m[3mdb.system[0m[2m=[0m"neo4j"[0m [2m[3mdb.operation.name[0m[2m=[0m"read"[0m
[2m2026-09-04T07:51:59.488167Z[0m [32m INFO[0m bolt RUN executed [3mevent_id[0m[2m=[0m"bolt.log.query" [3mquery[0m[2m=[0mUNWIND $rows AS row
		 MATCH (o:Order {orderID: row.orderID})
		 MATCH (p:Product {productID: row.productID})
		 CREATE (o)-[:ORDERS {quantity: row.quantity, discount: row.discount}]->(p) [3mfields[0m[2m=[0m[]
[2m2026-09-04T07:51:59.488281Z[0m [32m INFO[0m bolt message received [3mevent_id[0m[2m=[0m"bolt.log.run" [3msignature[0m[2m=[0m"0x3F"
[2m2026-09-04T07:51:59.488288Z[0m [32m INFO[0m bolt sending responses [3mevent_id[0m[2m=[0m"bolt.log.run" [3mresponse_count[0m[2m=[0m2 [3mresponse_bytes[0m[2m=[0m163 [3mtransport[0m[2m=[0m"tcp"
[2m2026-09-04T07:51:59.488721Z[0m [32m INFO[0m bolt message received [3mevent_id[0m[2m=[0m"bolt.log.run" [3msignature[0m[2m=[0m"0x10"
[2m2026-09-04T07:51:59.498824Z[0m [32m INFO[0m [1mnornicdb.bolt.run[0m:[1mnornicdb.cypher.execute[0m: query phase breakdown [3mquery_hash[0m[2m=[0m1524916313068911758 [3mphase_parse_cache_us[0m[2m=[0m2 [3mphase_compliance_us[0m[2m=[0m1 [3mphase_pattern_us[0m[2m=[0m21 [3mphase_eval_us[0m[2m=[0m53863 [3mphase_audit_us[0m[2m=[0m418 [3mphase_total_us[0m[2m=[0m54305 [2m[3mdb.system[0m[2m=[0m"neo4j"[0m [2m[3mdb.operation.name[0m[2m=[0m"read"[0m
[2m2026-09-04T07:51:59.499044Z[0m [32m INFO[0m bolt RUN executed [3mevent_id[0m[2m=[0m"bolt.log.query" [3mquery[0m[2m=[0mUNWIND $rows AS row
		 MATCH (o:Order {orderID: row.orderID})
		 MATCH (p:Product {productID: row.productID})
		 CREATE (o)-[:ORDERS {quantity: row.quantity, discount: row.discount}]->(p) [3mfields[0m[2m=[0m[]
[2m2026-09-04T07:51:59.499166Z[0m [32m INFO[0m bolt message received [3mevent_id[0m[2m=[0m"bolt.log.run" [3msignature[0m[2m=[0m"0x3F"
[2m2026-09-04T07:51:59.499175Z[0m [32m INFO[0m bolt sending responses [3mevent_id[0m[2m=[0m"bolt.log.run" [3mresponse_count[0m[2m=[0m2 [3mresponse_bytes[0m[2m=[0m163 [3mtransport[0m[2m=[0m"tcp"
[2m2026-09-04T07:51:59.499547Z[0m [32m INFO[0m bolt message received [3mevent_id[0m[2m=[0m"bolt.log.run" [3msignature[0m[2m=[0m"0x10"
[2m2026-09-04T07:51:59.508294Z[0m [32m INFO[0m [1mnornicdb.bolt.run[0m:[1mnornicdb.cypher.execute[0m: query phase breakdown [3mquery_hash[0m[2m=[0m1524916313068911758 [3mphase_parse_cache_us[0m[2m=[0m3 [3mphase_compliance_us[0m[2m=[0m1 [3mphase_pattern_us[0m[2m=[0m22 [3mphase_eval_us[0m[2m=[0m54490 [3mphase_audit_us[0m[2m=[0m1047 [3mphase_total_us[0m[2m=[0m55563 [2m[3mdb.system[0m[2m=[0m"neo4j"[0m [2m[3mdb.operation.name[0m[2m=[0m"read"[0m
[2m2026-09-04T07:51:59.508499Z[0m [32m INFO[0m bolt RUN executed [3mevent_id[0m[2m=[0m"bolt.log.query" [3mquery[0m[2m=[0mUNWIND $rows AS row
		 MATCH (o:Order {orderID: row.orderID})
		 MATCH (p:Product {productID: row.productID})
		 CREATE (o)-[:ORDERS {quantity: row.quantity, discount: row.discount}]->(p) [3mfields[0m[2m=[0m[]
[2m2026-09-04T07:51:59.508603Z[0m [32m INFO[0m bolt message received [3mevent_id[0m[2m=[0m"bolt.log.run" [3msignature[0m[2m=[0m"0x3F"
[2m2026-09-04T07:51:59.508612Z[0m [32m INFO[0m bolt sending responses [3mevent_id[0m[2m=[0m"bolt.log.run" [3mresponse_count[0m[2m=[0m2 [3mresponse_bytes[0m[2m=[0m163 [3mtransport[0m[2m=[0m"tcp"
[2m2026-09-04T07:51:59.508989Z[0m [32m INFO[0m bolt message received [3mevent_id[0m[2m=[0m"bolt.log.run" [3msignature[0m[2m=[0m"0x10"
[2m2026-09-04T07:51:59.516445Z[0m [32m INFO[0m [1mnornicdb.bolt.run[0m:[1mnornicdb.cypher.execute[0m: query phase breakdown [3mquery_hash[0m[2m=[0m1524916313068911758 [3mphase_parse_cache_us[0m[2m=[0m3 [3mphase_compliance_us[0m[2m=[0m1 [3mphase_pattern_us[0m[2m=[0m21 [3mphase_eval_us[0m[2m=[0m54257 [3mphase_audit_us[0m[2m=[0m178 [3mphase_total_us[0m[2m=[0m54460 [2m[3mdb.system[0m[2m=[0m"neo4j"[0m [2m[3mdb.operation.name[0m[2m=[0m"read"[0m
[2m2026-09-04T07:51:59.516631Z[0m [32m INFO[0m bolt RUN executed [3mevent_id[0m[2m=[0m"bolt.log.query" [3mquery[0m[2m=[0mUNWIND $rows AS row
		 MATCH (o:Order {orderID: row.orderID})
		 MATCH (p:Product {productID: row.productID})
		 CREATE (o)-[:ORDERS {quantity: row.quantity, discount: row.discount}]->(p) [3mfields[0m[2m=[0m[]
[2m2026-09-04T07:51:59.516755Z[0m [32m INFO[0m bolt message received [3mevent_id[0m[2m=[0m"bolt.log.run" [3msignature[0m[2m=[0m"0x3F"
[2m2026-09-04T07:51:59.516764Z[0m [32m INFO[0m bolt sending responses [3mevent_id[0m[2m=[0m"bolt.log.run" [3mresponse_count[0m[2m=[0m2 [3mresponse_bytes[0m[2m=[0m163 [3mtransport[0m[2m=[0m"tcp"
[2m2026-09-04T07:51:59.517126Z[0m [32m INFO[0m bolt message received [3mevent_id[0m[2m=[0m"bolt.log.run" [3msignature[0m[2m=[0m"0x10"
[2m2026-09-04T07:51:59.541346Z[0m [32m INFO[0m [1mnornicdb.bolt.run[0m:[1mnornicdb.cypher.execute[0m: query phase breakdown [3mquery_hash[0m[2m=[0m1524916313068911758 [3mphase_parse_cache_us[0m[2m=[0m3 [3mphase_compliance_us[0m[2m=[0m1 [3mphase_pattern_us[0m[2m=[0m22 [3mphase_eval_us[0m[2m=[0m52224 [3mphase_audit_us[0m[2m=[0m196 [3mphase_total_us[0m[2m=[0m52446 [2m[3mdb.system[0m[2m=[0m"neo4j"[0m [2m[3mdb.operation.name[0m[2m=[0m"read"[0m
[2m2026-09-04T07:51:59.541548Z[0m [32m INFO[0m bolt RUN executed [3mevent_id[0m[2m=[0m"bolt.log.query" [3mquery[0m[2m=[0mUNWIND $rows AS row
		 MATCH (o:Order {orderID: row.orderID})
		 MATCH (p:Product {productID: row.productID})
		 CREATE (o)-[:ORDERS {quantity: row.quantity, discount: row.discount}]->(p) [3mfields[0m[2m=[0m[]
[2m2026-09-04T07:51:59.541656Z[0m [32m INFO[0m bolt message received [3mevent_id[0m[2m=[0m"bolt.log.run" [3msignature[0m[2m=[0m"0x3F"
[2m2026-09-04T07:51:59.541666Z[0m [32m INFO[0m bolt sending responses [3mevent_id[0m[2m=[0m"bolt.log.run" [3mresponse_count[0m[2m=[0m2 [3mresponse_bytes[0m[2m=[0m163 [3mtransport[0m[2m=[0m"tcp"
[2m2026-09-04T07:51:59.542042Z[0m [32m INFO[0m bolt message received [3mevent_id[0m[2m=[0m"bolt.log.run" [3msignature[0m[2m=[0m"0x10"
[2m2026-09-04T07:51:59.553291Z[0m [32m INFO[0m [1mnornicdb.bolt.run[0m:[1mnornicdb.cypher.execute[0m: query phase breakdown [3mquery_hash[0m[2m=[0m1524916313068911758 [3mphase_parse_cache_us[0m[2m=[0m2 [3mphase_compliance_us[0m[2m=[0m1 [3mphase_pattern_us[0m[2m=[0m21 [3mphase_eval_us[0m[2m=[0m53415 [3mphase_audit_us[0m[2m=[0m171 [3mphase_total_us[0m[2m=[0m53610 [2m[3mdb.system[0m[2m=[0m"neo4j"[0m [2m[3mdb.operation.name[0m[2m=[0m"read"[0m
[2m2026-09-04T07:51:59.553462Z[0m [32m INFO[0m bolt RUN executed [3mevent_id[0m[2m=[0m"bolt.log.query" [3mquery[0m[2m=[0mUNWIND $rows AS row
		 MATCH (o:Order {orderID: row.orderID})
		 MATCH (p:Product {productID: row.productID})
		 CREATE (o)-[:ORDERS {quantity: row.quantity, discount: row.discount}]->(p) [3mfields[0m[2m=[0m[]
[2m2026-09-04T07:51:59.553557Z[0m [32m INFO[0m bolt message received [3mevent_id[0m[2m=[0m"bolt.log.run" [3msignature[0m[2m=[0m"0x3F"
[2m2026-09-04T07:51:59.553565Z[0m [32m INFO[0m bolt sending responses [3mevent_id[0m[2m=[0m"bolt.log.run" [3mresponse_count[0m[2m=[0m2 [3mresponse_bytes[0m[2m=[0m163 [3mtransport[0m[2m=[0m"tcp"
[2m2026-09-04T07:51:59.553965Z[0m [32m INFO[0m bolt message received [3mevent_id[0m[2m=[0m"bolt.log.run" [3msignature[0m[2m=[0m"0x10"
[2m2026-09-04T07:51:59.565038Z[0m [32m INFO[0m [1mnornicdb.bolt.run[0m:[1mnornicdb.cypher.execute[0m: query phase breakdown [3mquery_hash[0m[2m=[0m1524916313068911758 [3mphase_parse_cache_us[0m[2m=[0m2 [3mphase_compliance_us[0m[2m=[0m1 [3mphase_pattern_us[0m[2m=[0m22 [3mphase_eval_us[0m[2m=[0m54674 [3mphase_audit_us[0m[2m=[0m1215 [3mphase_total_us[0m[2m=[0m55914 [2m[3mdb.system[0m[2m=[0m"neo4j"[0m [2m[3mdb.operation.name[0m[2m=[0m"read"[0m
[2m2026-09-04T07:51:59.565252Z[0m [32m INFO[0m bolt RUN executed [3mevent_id[0m[2m=[0m"bolt.log.query" [3mquery[0m[2m=[0mUNWIND $rows AS row
		 MATCH (o:Order {orderID: row.orderID})
		 MATCH (p:Product {productID: row.productID})
		 CREATE (o)-[:ORDERS {quantity: row.quantity, discount: row.discount}]->(p) [3mfields[0m[2m=[0m[]
[2m2026-09-04T07:51:59.565356Z[0m [32m INFO[0m bolt message received [3mevent_id[0m[2m=[0m"bolt.log.run" [3msignature[0m[2m=[0m"0x3F"
[2m2026-09-04T07:51:59.565366Z[0m [32m INFO[0m bolt sending responses [3mevent_id[0m[2m=[0m"bolt.log.run" [3mresponse_count[0m[2m=[0m2 [3mresponse_bytes[0m[2m=[0m163 [3mtransport[0m[2m=[0m"tcp"
[2m2026-09-04T07:51:59.565755Z[0m [32m INFO[0m bolt message received [3mevent_id[0m[2m=[0m"bolt.log.run" [3msignature[0m[2m=[0m"0x10"
[2m2026-09-04T07:51:59.573314Z[0m [32m INFO[0m [1mnornicdb.bolt.run[0m:[1mnornicdb.cypher.execute[0m: query phase breakdown [3mquery_hash[0m[2m=[0m1524916313068911758 [3mphase_parse_cache_us[0m[2m=[0m2 [3mphase_compliance_us[0m[2m=[0m1 [3mphase_pattern_us[0m[2m=[0m21 [3mphase_eval_us[0m[2m=[0m55862 [3mphase_audit_us[0m[2m=[0m166 [3mphase_total_us[0m[2m=[0m56052 [2m[3mdb.system[0m[2m=[0m"neo4j"[0m [2m[3mdb.operation.name[0m[2m=[0m"read"[0m
[2m2026-09-04T07:51:59.573494Z[0m [32m INFO[0m bolt RUN executed [3mevent_id[0m[2m=[0m"bolt.log.query" [3mquery[0m[2m=[0mUNWIND $rows AS row
		 MATCH (o:Order {orderID: row.orderID})
		 MATCH (p:Product {productID: row.productID})
		 CREATE (o)-[:ORDERS {quantity: row.quantity, discount: row.discount}]->(p) [3mfields[0m[2m=[0m[]
[2m2026-09-04T07:51:59.573581Z[0m [32m INFO[0m bolt message received [3mevent_id[0m[2m=[0m"bolt.log.run" [3msignature[0m[2m=[0m"0x3F"
[2m2026-09-04T07:51:59.573589Z[0m [32m INFO[0m bolt sending responses [3mevent_id[0m[2m=[0m"bolt.log.run" [3mresponse_count[0m[2m=[0m2 [3mresponse_bytes[0m[2m=[0m163 [3mtransport[0m[2m=[0m"tcp"
[2m2026-09-04T07:51:59.573996Z[0m [32m INFO[0m bolt message received [3mevent_id[0m[2m=[0m"bolt.log.run" [3msignature[0m[2m=[0m"0x10"
[2m2026-09-04T07:51:59.595069Z[0m [32m INFO[0m [1mnornicdb.bolt.run[0m:[1mnornicdb.cypher.execute[0m: query phase breakdown [3mquery_hash[0m[2m=[0m1524916313068911758 [3mphase_parse_cache_us[0m[2m=[0m2 [3mphase_compliance_us[0m[2m=[0m1 [3mphase_pattern_us[0m[2m=[0m22 [3mphase_eval_us[0m[2m=[0m52664 [3mphase_audit_us[0m[2m=[0m197 [3mphase_total_us[0m[2m=[0m52886 [2m[3mdb.system[0m[2m=[0m"neo4j"[0m [2m[3mdb.operation.name[0m[2m=[0m"read"[0m
[2m2026-09-04T07:51:59.595284Z[0m [32m INFO[0m bolt RUN executed [3mevent_id[0m[2m=[0m"bolt.log.query" [3mquery[0m[2m=[0mUNWIND $rows AS row
		 MATCH (o:Order {orderID: row.orderID})
		 MATCH (p:Product {productID: row.productID})
		 CREATE (o)-[:ORDERS {quantity: row.quantity, discount: row.discount}]->(p) [3mfields[0m[2m=[0m[]
[2m2026-09-04T07:51:59.595405Z[0m [32m INFO[0m bolt message received [3mevent_id[0m[2m=[0m"bolt.log.run" [3msignature[0m[2m=[0m"0x3F"
[2m2026-09-04T07:51:59.595418Z[0m [32m INFO[0m bolt sending responses [3mevent_id[0m[2m=[0m"bolt.log.run" [3mresponse_count[0m[2m=[0m2 [3mresponse_bytes[0m[2m=[0m163 [3mtransport[0m[2m=[0m"tcp"
[2m2026-09-04T07:51:59.595812Z[0m [32m INFO[0m bolt message received [3mevent_id[0m[2m=[0m"bolt.log.run" [3msignature[0m[2m=[0m"0x10"
[2m2026-09-04T07:51:59.609219Z[0m [32m INFO[0m [1mnornicdb.bolt.run[0m:[1mnornicdb.cypher.execute[0m: query phase breakdown [3mquery_hash[0m[2m=[0m1524916313068911758 [3mphase_parse_cache_us[0m[2m=[0m3 [3mphase_compliance_us[0m[2m=[0m1 [3mphase_pattern_us[0m[2m=[0m21 [3mphase_eval_us[0m[2m=[0m54784 [3mphase_audit_us[0m[2m=[0m200 [3mphase_total_us[0m[2m=[0m55009 [2m[3mdb.system[0m[2m=[0m"neo4j"[0m [2m[3mdb.operation.name[0m[2m=[0m"read"[0m
[2m2026-09-04T07:51:59.609435Z[0m [32m INFO[0m bolt RUN executed [3mevent_id[0m[2m=[0m"bolt.log.query" [3mquery[0m[2m=[0mUNWIND $rows AS row
		 MATCH (o:Order {orderID: row.orderID})
		 MATCH (p:Product {productID: row.productID})
		 CREATE (o)-[:ORDERS {quantity: row.quantity, discount: row.discount}]->(p) [3mfields[0m[2m=[0m[]
[2m2026-09-04T07:51:59.609558Z[0m [32m INFO[0m bolt message received [3mevent_id[0m[2m=[0m"bolt.log.run" [3msignature[0m[2m=[0m"0x3F"
[2m2026-09-04T07:51:59.609566Z[0m [32m INFO[0m bolt sending responses [3mevent_id[0m[2m=[0m"bolt.log.run" [3mresponse_count[0m[2m=[0m2 [3mresponse_bytes[0m[2m=[0m163 [3mtransport[0m[2m=[0m"tcp"
[2m2026-09-04T07:51:59.609991Z[0m [32m INFO[0m bolt message received [3mevent_id[0m[2m=[0m"bolt.log.run" [3msignature[0m[2m=[0m"0x10"
[2m2026-09-04T07:51:59.621559Z[0m [32m INFO[0m [1mnornicdb.bolt.run[0m:[1mnornicdb.cypher.execute[0m: query phase breakdown [3mquery_hash[0m[2m=[0m1524916313068911758 [3mphase_parse_cache_us[0m[2m=[0m2 [3mphase_compliance_us[0m[2m=[0m1 [3mphase_pattern_us[0m[2m=[0m21 [3mphase_eval_us[0m[2m=[0m54998 [3mphase_audit_us[0m[2m=[0m648 [3mphase_total_us[0m[2m=[0m55670 [2m[3mdb.system[0m[2m=[0m"neo4j"[0m [2m[3mdb.operation.name[0m[2m=[0m"read"[0m
[2m2026-09-04T07:51:59.621774Z[0m [32m INFO[0m bolt RUN executed [3mevent_id[0m[2m=[0m"bolt.log.query" [3mquery[0m[2m=[0mUNWIND $rows AS row
		 MATCH (o:Order {orderID: row.orderID})
		 MATCH (p:Product {productID: row.productID})
		 CREATE (o)-[:ORDERS {quantity: row.quantity, discount: row.discount}]->(p) [3mfields[0m[2m=[0m[]
[2m2026-09-04T07:51:59.621879Z[0m [32m INFO[0m bolt message received [3mevent_id[0m[2m=[0m"bolt.log.run" [3msignature[0m[2m=[0m"0x3F"
[2m2026-09-04T07:51:59.621889Z[0m [32m INFO[0m bolt sending responses [3mevent_id[0m[2m=[0m"bolt.log.run" [3mresponse_count[0m[2m=[0m2 [3mresponse_bytes[0m[2m=[0m163 [3mtransport[0m[2m=[0m"tcp"
[2m2026-09-04T07:51:59.622261Z[0m [32m INFO[0m bolt message received [3mevent_id[0m[2m=[0m"bolt.log.run" [3msignature[0m[2m=[0m"0x10"
[2m2026-09-04T07:51:59.630117Z[0m [32m INFO[0m [1mnornicdb.bolt.run[0m:[1mnornicdb.cypher.execute[0m: query phase breakdown [3mquery_hash[0m[2m=[0m1524916313068911758 [3mphase_parse_cache_us[0m[2m=[0m3 [3mphase_compliance_us[0m[2m=[0m1 [3mphase_pattern_us[0m[2m=[0m22 [3mphase_eval_us[0m[2m=[0m55721 [3mphase_audit_us[0m[2m=[0m187 [3mphase_total_us[0m[2m=[0m55934 [2m[3mdb.system[0m[2m=[0m"neo4j"[0m [2m[3mdb.operation.name[0m[2m=[0m"read"[0m
[2m2026-09-04T07:51:59.630323Z[0m [32m INFO[0m bolt RUN executed [3mevent_id[0m[2m=[0m"bolt.log.query" [3mquery[0m[2m=[0mUNWIND $rows AS row
		 MATCH (o:Order {orderID: row.orderID})
		 MATCH (p:Product {productID: row.productID})
		 CREATE (o)-[:ORDERS {quantity: row.quantity, discount: row.discount}]->(p) [3mfields[0m[2m=[0m[]
[2m2026-09-04T07:51:59.630431Z[0m [32m INFO[0m bolt message received [3mevent_id[0m[2m=[0m"bolt.log.run" [3msignature[0m[2m=[0m"0x3F"
[2m2026-09-04T07:51:59.630440Z[0m [32m INFO[0m bolt sending responses [3mevent_id[0m[2m=[0m"bolt.log.run" [3mresponse_count[0m[2m=[0m2 [3mresponse_bytes[0m[2m=[0m163 [3mtransport[0m[2m=[0m"tcp"
[2m2026-09-04T07:51:59.630837Z[0m [32m INFO[0m bolt message received [3mevent_id[0m[2m=[0m"bolt.log.run" [3msignature[0m[2m=[0m"0x10"
[2m2026-09-04T07:51:59.648893Z[0m [32m INFO[0m [1mnornicdb.bolt.run[0m:[1mnornicdb.cypher.execute[0m: query phase breakdown [3mquery_hash[0m[2m=[0m1524916313068911758 [3mphase_parse_cache_us[0m[2m=[0m2 [3mphase_compliance_us[0m[2m=[0m1 [3mphase_pattern_us[0m[2m=[0m21 [3mphase_eval_us[0m[2m=[0m52733 [3mphase_audit_us[0m[2m=[0m185 [3mphase_total_us[0m[2m=[0m52942 [2m[3mdb.system[0m[2m=[0m"neo4j"[0m [2m[3mdb.operation.name[0m[2m=[0m"read"[0m
[2m2026-09-04T07:51:59.649086Z[0m [32m INFO[0m bolt RUN executed [3mevent_id[0m[2m=[0m"bolt.log.query" [3mquery[0m[2m=[0mUNWIND $rows AS row
		 MATCH (o:Order {orderID: row.orderID})
		 MATCH (p:Product {productID: row.productID})
		 CREATE (o)-[:ORDERS {quantity: row.quantity, discount: row.discount}]->(p) [3mfields[0m[2m=[0m[]
[2m2026-09-04T07:51:59.649194Z[0m [32m INFO[0m bolt message received [3mevent_id[0m[2m=[0m"bolt.log.run" [3msignature[0m[2m=[0m"0x3F"
[2m2026-09-04T07:51:59.649202Z[0m [32m INFO[0m bolt sending responses [3mevent_id[0m[2m=[0m"bolt.log.run" [3mresponse_count[0m[2m=[0m2 [3mresponse_bytes[0m[2m=[0m163 [3mtransport[0m[2m=[0m"tcp"
[2m2026-09-04T07:51:59.649618Z[0m [32m INFO[0m bolt message received [3mevent_id[0m[2m=[0m"bolt.log.run" [3msignature[0m[2m=[0m"0x10"
[2m2026-09-04T07:51:59.674250Z[0m [32m INFO[0m [1mnornicdb.bolt.run[0m:[1mnornicdb.cypher.execute[0m: query phase breakdown [3mquery_hash[0m[2m=[0m1524916313068911758 [3mphase_parse_cache_us[0m[2m=[0m2 [3mphase_compliance_us[0m[2m=[0m1 [3mphase_pattern_us[0m[2m=[0m21 [3mphase_eval_us[0m[2m=[0m63480 [3mphase_audit_us[0m[2m=[0m566 [3mphase_total_us[0m[2m=[0m64070 [2m[3mdb.system[0m[2m=[0m"neo4j"[0m [2m[3mdb.operation.name[0m[2m=[0m"read"[0m
[2m2026-09-04T07:51:59.674477Z[0m [32m INFO[0m bolt RUN executed [3mevent_id[0m[2m=[0m"bolt.log.query" [3mquery[0m[2m=[0mUNWIND $rows AS row
		 MATCH (o:Order {orderID: row.orderID})
		 MATCH (p:Product {productID: row.productID})
		 CREATE (o)-[:ORDERS {quantity: row.quantity, discount: row.discount}]->(p) [3mfields[0m[2m=[0m[]
[2m2026-09-04T07:51:59.674598Z[0m [32m INFO[0m bolt message received [3mevent_id[0m[2m=[0m"bolt.log.run" [3msignature[0m[2m=[0m"0x3F"
[2m2026-09-04T07:51:59.674607Z[0m [32m INFO[0m bolt sending responses [3mevent_id[0m[2m=[0m"bolt.log.run" [3mresponse_count[0m[2m=[0m2 [3mresponse_bytes[0m[2m=[0m163 [3mtransport[0m[2m=[0m"tcp"
[2m2026-09-04T07:51:59.674996Z[0m [32m INFO[0m bolt message received [3mevent_id[0m[2m=[0m"bolt.log.run" [3msignature[0m[2m=[0m"0x10"
[2m2026-09-04T07:51:59.682622Z[0m [32m INFO[0m [1mnornicdb.bolt.run[0m:[1mnornicdb.cypher.execute[0m: query phase breakdown [3mquery_hash[0m[2m=[0m1524916313068911758 [3mphase_parse_cache_us[0m[2m=[0m3 [3mphase_compliance_us[0m[2m=[0m1 [3mphase_pattern_us[0m[2m=[0m22 [3mphase_eval_us[0m[2m=[0m60030 [3mphase_audit_us[0m[2m=[0m176 [3mphase_total_us[0m[2m=[0m60232 [2m[3mdb.system[0m[2m=[0m"neo4j"[0m [2m[3mdb.operation.name[0m[2m=[0m"read"[0m
[2m2026-09-04T07:51:59.682828Z[0m [32m INFO[0m bolt RUN executed [3mevent_id[0m[2m=[0m"bolt.log.query" [3mquery[0m[2m=[0mUNWIND $rows AS row
		 MATCH (o:Order {orderID: row.orderID})
		 MATCH (p:Product {productID: row.productID})
		 CREATE (o)-[:ORDERS {quantity: row.quantity, discount: row.discount}]->(p) [3mfields[0m[2m=[0m[]
[2m2026-09-04T07:51:59.682931Z[0m [32m INFO[0m bolt message received [3mevent_id[0m[2m=[0m"bolt.log.run" [3msignature[0m[2m=[0m"0x3F"
[2m2026-09-04T07:51:59.682940Z[0m [32m INFO[0m bolt sending responses [3mevent_id[0m[2m=[0m"bolt.log.run" [3mresponse_count[0m[2m=[0m2 [3mresponse_bytes[0m[2m=[0m163 [3mtransport[0m[2m=[0m"tcp"
[2m2026-09-04T07:51:59.683317Z[0m [32m INFO[0m bolt message received [3mevent_id[0m[2m=[0m"bolt.log.run" [3msignature[0m[2m=[0m"0x10"
[2m2026-09-04T07:51:59.691696Z[0m [32m INFO[0m [1mnornicdb.bolt.run[0m:[1mnornicdb.cypher.execute[0m: query phase breakdown [3mquery_hash[0m[2m=[0m1524916313068911758 [3mphase_parse_cache_us[0m[2m=[0m2 [3mphase_compliance_us[0m[2m=[0m1 [3mphase_pattern_us[0m[2m=[0m21 [3mphase_eval_us[0m[2m=[0m60290 [3mphase_audit_us[0m[2m=[0m379 [3mphase_total_us[0m[2m=[0m60693 [2m[3mdb.system[0m[2m=[0m"neo4j"[0m [2m[3mdb.operation.name[0m[2m=[0m"read"[0m
[2m2026-09-04T07:51:59.691888Z[0m [32m INFO[0m bolt RUN executed [3mevent_id[0m[2m=[0m"bolt.log.query" [3mquery[0m[2m=[0mUNWIND $rows AS row
		 MATCH (o:Order {orderID: row.orderID})
		 MATCH (p:Product {productID: row.productID})
		 CREATE (o)-[:ORDERS {quantity: row.quantity, discount: row.discount}]->(p) [3mfields[0m[2m=[0m[]
[2m2026-09-04T07:51:59.691988Z[0m [32m INFO[0m bolt message received [3mevent_id[0m[2m=[0m"bolt.log.run" [3msignature[0m[2m=[0m"0x3F"
[2m2026-09-04T07:51:59.691996Z[0m [32m INFO[0m bolt sending responses [3mevent_id[0m[2m=[0m"bolt.log.run" [3mresponse_count[0m[2m=[0m2 [3mresponse_bytes[0m[2m=[0m163 [3mtransport[0m[2m=[0m"tcp"
[2m2026-09-04T07:51:59.692408Z[0m [32m INFO[0m bolt message received [3mevent_id[0m[2m=[0m"bolt.log.run" [3msignature[0m[2m=[0m"0x10"
[2m2026-09-04T07:51:59.699954Z[0m [32m INFO[0m [1mnornicdb.bolt.run[0m:[1mnornicdb.cypher.execute[0m: query phase breakdown [3mquery_hash[0m[2m=[0m1524916313068911758 [3mphase_parse_cache_us[0m[2m=[0m2 [3mphase_compliance_us[0m[2m=[0m1 [3mphase_pattern_us[0m[2m=[0m24 [3mphase_eval_us[0m[2m=[0m49915 [3mphase_audit_us[0m[2m=[0m199 [3mphase_total_us[0m[2m=[0m50141 [2m[3mdb.system[0m[2m=[0m"neo4j"[0m [2m[3mdb.operation.name[0m[2m=[0m"read"[0m
[2m2026-09-04T07:51:59.700222Z[0m [32m INFO[0m bolt RUN executed [3mevent_id[0m[2m=[0m"bolt.log.query" [3mquery[0m[2m=[0mUNWIND $rows AS row
		 MATCH (o:Order {orderID: row.orderID})
		 MATCH (p:Product {productID: row.productID})
		 CREATE (o)-[:ORDERS {quantity: row.quantity, discount: row.discount}]->(p) [3mfields[0m[2m=[0m[]
[2m2026-09-04T07:51:59.700371Z[0m [32m INFO[0m bolt message received [3mevent_id[0m[2m=[0m"bolt.log.run" [3msignature[0m[2m=[0m"0x3F"
[2m2026-09-04T07:51:59.700381Z[0m [32m INFO[0m bolt sending responses [3mevent_id[0m[2m=[0m"bolt.log.run" [3mresponse_count[0m[2m=[0m2 [3mresponse_bytes[0m[2m=[0m163 [3mtransport[0m[2m=[0m"tcp"
[2m2026-09-04T07:51:59.700737Z[0m [32m INFO[0m bolt message received [3mevent_id[0m[2m=[0m"bolt.log.run" [3msignature[0m[2m=[0m"0x10"
[2m2026-09-04T07:51:59.728013Z[0m [32m INFO[0m [1mnornicdb.bolt.run[0m:[1mnornicdb.cypher.execute[0m: query phase breakdown [3mquery_hash[0m[2m=[0m1524916313068911758 [3mphase_parse_cache_us[0m[2m=[0m3 [3mphase_compliance_us[0m[2m=[0m1 [3mphase_pattern_us[0m[2m=[0m22 [3mphase_eval_us[0m[2m=[0m52238 [3mphase_audit_us[0m[2m=[0m612 [3mphase_total_us[0m[2m=[0m52876 [2m[3mdb.system[0m[2m=[0m"neo4j"[0m [2m[3mdb.operation.name[0m[2m=[0m"read"[0m
[2m2026-09-04T07:51:59.728215Z[0m [32m INFO[0m bolt RUN executed [3mevent_id[0m[2m=[0m"bolt.log.query" [3mquery[0m[2m=[0mUNWIND $rows AS row
		 MATCH (o:Order {orderID: row.orderID})
		 MATCH (p:Product {productID: row.productID})
		 CREATE (o)-[:ORDERS {quantity: row.quantity, discount: row.discount}]->(p) [3mfields[0m[2m=[0m[]
[2m2026-09-04T07:51:59.728317Z[0m [32m INFO[0m bolt message received [3mevent_id[0m[2m=[0m"bolt.log.run" [3msignature[0m[2m=[0m"0x3F"
[2m2026-09-04T07:51:59.728324Z[0m [32m INFO[0m bolt sending responses [3mevent_id[0m[2m=[0m"bolt.log.run" [3mresponse_count[0m[2m=[0m2 [3mresponse_bytes[0m[2m=[0m163 [3mtransport[0m[2m=[0m"tcp"
[2m2026-09-04T07:51:59.728705Z[0m [32m INFO[0m bolt message received [3mevent_id[0m[2m=[0m"bolt.log.run" [3msignature[0m[2m=[0m"0x10"
[2m2026-09-04T07:51:59.736777Z[0m [32m INFO[0m [1mnornicdb.bolt.run[0m:[1mnornicdb.cypher.execute[0m: query phase breakdown [3mquery_hash[0m[2m=[0m1524916313068911758 [3mphase_parse_cache_us[0m[2m=[0m3 [3mphase_compliance_us[0m[2m=[0m1 [3mphase_pattern_us[0m[2m=[0m23 [3mphase_eval_us[0m[2m=[0m53124 [3mphase_audit_us[0m[2m=[0m173 [3mphase_total_us[0m[2m=[0m53324 [2m[3mdb.system[0m[2m=[0m"neo4j"[0m [2m[3mdb.operation.name[0m[2m=[0m"read"[0m
[2m2026-09-04T07:51:59.736978Z[0m [32m INFO[0m bolt RUN executed [3mevent_id[0m[2m=[0m"bolt.log.query" [3mquery[0m[2m=[0mUNWIND $rows AS row
		 MATCH (o:Order {orderID: row.orderID})
		 MATCH (p:Product {productID: row.productID})
		 CREATE (o)-[:ORDERS {quantity: row.quantity, discount: row.discount}]->(p) [3mfields[0m[2m=[0m[]
[2m2026-09-04T07:51:59.737076Z[0m [32m INFO[0m bolt message received [3mevent_id[0m[2m=[0m"bolt.log.run" [3msignature[0m[2m=[0m"0x3F"
[2m2026-09-04T07:51:59.737084Z[0m [32m INFO[0m bolt sending responses [3mevent_id[0m[2m=[0m"bolt.log.run" [3mresponse_count[0m[2m=[0m2 [3mresponse_bytes[0m[2m=[0m163 [3mtransport[0m[2m=[0m"tcp"
[2m2026-09-04T07:51:59.737455Z[0m [32m INFO[0m bolt message received [3mevent_id[0m[2m=[0m"bolt.log.run" [3msignature[0m[2m=[0m"0x10"
[2m2026-09-04T07:51:59.746404Z[0m [32m INFO[0m [1mnornicdb.bolt.run[0m:[1mnornicdb.cypher.execute[0m: query phase breakdown [3mquery_hash[0m[2m=[0m1524916313068911758 [3mphase_parse_cache_us[0m[2m=[0m2 [3mphase_compliance_us[0m[2m=[0m1 [3mphase_pattern_us[0m[2m=[0m22 [3mphase_eval_us[0m[2m=[0m53342 [3mphase_audit_us[0m[2m=[0m493 [3mphase_total_us[0m[2m=[0m53860 [2m[3mdb.system[0m[2m=[0m"neo4j"[0m [2m[3mdb.operation.name[0m[2m=[0m"read"[0m
[2m2026-09-04T07:51:59.746625Z[0m [32m INFO[0m bolt RUN executed [3mevent_id[0m[2m=[0m"bolt.log.query" [3mquery[0m[2m=[0mUNWIND $rows AS row
		 MATCH (o:Order {orderID: row.orderID})
		 MATCH (p:Product {productID: row.productID})
		 CREATE (o)-[:ORDERS {quantity: row.quantity, discount: row.discount}]->(p) [3mfields[0m[2m=[0m[]
[2m2026-09-04T07:51:59.746736Z[0m [32m INFO[0m bolt message received [3mevent_id[0m[2m=[0m"bolt.log.run" [3msignature[0m[2m=[0m"0x3F"
[2m2026-09-04T07:51:59.746745Z[0m [32m INFO[0m bolt sending responses [3mevent_id[0m[2m=[0m"bolt.log.run" [3mresponse_count[0m[2m=[0m2 [3mresponse_bytes[0m[2m=[0m163 [3mtransport[0m[2m=[0m"tcp"
[2m2026-09-04T07:51:59.747130Z[0m [32m INFO[0m bolt message received [3mevent_id[0m[2m=[0m"bolt.log.run" [3msignature[0m[2m=[0m"0x10"
[2m2026-09-04T07:51:59.755207Z[0m [32m INFO[0m [1mnornicdb.bolt.run[0m:[1mnornicdb.cypher.execute[0m: query phase breakdown [3mquery_hash[0m[2m=[0m1524916313068911758 [3mphase_parse_cache_us[0m[2m=[0m2 [3mphase_compliance_us[0m[2m=[0m1 [3mphase_pattern_us[0m[2m=[0m21 [3mphase_eval_us[0m[2m=[0m54105 [3mphase_audit_us[0m[2m=[0m204 [3mphase_total_us[0m[2m=[0m54333 [2m[3mdb.system[0m[2m=[0m"neo4j"[0m [2m[3mdb.operation.name[0m[2m=[0m"read"[0m
[2m2026-09-04T07:51:59.755413Z[0m [32m INFO[0m bolt RUN executed [3mevent_id[0m[2m=[0m"bolt.log.query" [3mquery[0m[2m=[0mUNWIND $rows AS row
		 MATCH (o:Order {orderID: row.orderID})
		 MATCH (p:Product {productID: row.productID})
		 CREATE (o)-[:ORDERS {quantity: row.quantity, discount: row.discount}]->(p) [3mfields[0m[2m=[0m[]
[2m2026-09-04T07:51:59.755523Z[0m [32m INFO[0m bolt message received [3mevent_id[0m[2m=[0m"bolt.log.run" [3msignature[0m[2m=[0m"0x3F"
[2m2026-09-04T07:51:59.755531Z[0m [32m INFO[0m bolt sending responses [3mevent_id[0m[2m=[0m"bolt.log.run" [3mresponse_count[0m[2m=[0m2 [3mresponse_bytes[0m[2m=[0m163 [3mtransport[0m[2m=[0m"tcp"
[2m2026-09-04T07:51:59.755919Z[0m [32m INFO[0m bolt message received [3mevent_id[0m[2m=[0m"bolt.log.run" [3msignature[0m[2m=[0m"0x10"
[2m2026-09-04T07:51:59.783467Z[0m [32m INFO[0m [1mnornicdb.bolt.run[0m:[1mnornicdb.cypher.execute[0m: query phase breakdown [3mquery_hash[0m[2m=[0m1524916313068911758 [3mphase_parse_cache_us[0m[2m=[0m3 [3mphase_compliance_us[0m[2m=[0m1 [3mphase_pattern_us[0m[2m=[0m21 [3mphase_eval_us[0m[2m=[0m53990 [3mphase_audit_us[0m[2m=[0m598 [3mphase_total_us[0m[2m=[0m54613 [2m[3mdb.system[0m[2m=[0m"neo4j"[0m [2m[3mdb.operation.name[0m[2m=[0m"read"[0m
[2m2026-09-04T07:51:59.783676Z[0m [32m INFO[0m bolt RUN executed [3mevent_id[0m[2m=[0m"bolt.log.query" [3mquery[0m[2m=[0mUNWIND $rows AS row
		 MATCH (o:Order {orderID: row.orderID})
		 MATCH (p:Product {productID: row.productID})
		 CREATE (o)-[:ORDERS {quantity: row.quantity, discount: row.discount}]->(p) [3mfields[0m[2m=[0m[]
[2m2026-09-04T07:51:59.783782Z[0m [32m INFO[0m bolt message received [3mevent_id[0m[2m=[0m"bolt.log.run" [3msignature[0m[2m=[0m"0x3F"
[2m2026-09-04T07:51:59.783798Z[0m [32m INFO[0m bolt sending responses [3mevent_id[0m[2m=[0m"bolt.log.run" [3mresponse_count[0m[2m=[0m2 [3mresponse_bytes[0m[2m=[0m163 [3mtransport[0m[2m=[0m"tcp"
[2m2026-09-04T07:51:59.784186Z[0m [32m INFO[0m bolt message received [3mevent_id[0m[2m=[0m"bolt.log.run" [3msignature[0m[2m=[0m"0x10"
[2m2026-09-04T07:51:59.827738Z[0m [32m INFO[0m [1mnornicdb.bolt.run[0m:[1mnornicdb.cypher.execute[0m: query phase breakdown [3mquery_hash[0m[2m=[0m1524916313068911758 [3mphase_parse_cache_us[0m[2m=[0m3 [3mphase_compliance_us[0m[2m=[0m1 [3mphase_pattern_us[0m[2m=[0m22 [3mphase_eval_us[0m[2m=[0m54231 [3mphase_audit_us[0m[2m=[0m35850 [3mphase_total_us[0m[2m=[0m90107 [2m[3mdb.system[0m[2m=[0m"neo4j"[0m [2m[3mdb.operation.name[0m[2m=[0m"read"[0m
[2m2026-09-04T07:51:59.827941Z[0m [32m INFO[0m bolt RUN executed [3mevent_id[0m[2m=[0m"bolt.log.query" [3mquery[0m[2m=[0mUNWIND $rows AS row
		 MATCH (o:Order {orderID: row.orderID})
		 MATCH (p:Product {productID: row.productID})
		 CREATE (o)-[:ORDERS {quantity: row.quantity, discount: row.discount}]->(p) [3mfields[0m[2m=[0m[]
[2m2026-09-04T07:51:59.828054Z[0m [32m INFO[0m bolt message received [3mevent_id[0m[2m=[0m"bolt.log.run" [3msignature[0m[2m=[0m"0x3F"
[2m2026-09-04T07:51:59.828069Z[0m [32m INFO[0m bolt sending responses [3mevent_id[0m[2m=[0m"bolt.log.run" [3mresponse_count[0m[2m=[0m2 [3mresponse_bytes[0m[2m=[0m163 [3mtransport[0m[2m=[0m"tcp"
[2m2026-09-04T07:51:59.828457Z[0m [32m INFO[0m bolt message received [3mevent_id[0m[2m=[0m"bolt.log.run" [3msignature[0m[2m=[0m"0x10"
[2m2026-09-04T07:51:59.834925Z[0m [32m INFO[0m [1mnornicdb.bolt.run[0m:[1mnornicdb.cypher.execute[0m: query phase breakdown [3mquery_hash[0m[2m=[0m1524916313068911758 [3mphase_parse_cache_us[0m[2m=[0m3 [3mphase_compliance_us[0m[2m=[0m1 [3mphase_pattern_us[0m[2m=[0m22 [3mphase_eval_us[0m[2m=[0m87438 [3mphase_audit_us[0m[2m=[0m196 [3mphase_total_us[0m[2m=[0m87660 [2m[3mdb.system[0m[2m=[0m"neo4j"[0m [2m[3mdb.operation.name[0m[2m=[0m"read"[0m
[2m2026-09-04T07:51:59.835135Z[0m [32m INFO[0m bolt RUN executed [3mevent_id[0m[2m=[0m"bolt.log.query" [3mquery[0m[2m=[0mUNWIND $rows AS row
		 MATCH (o:Order {orderID: row.orderID})
		 MATCH (p:Product {productID: row.productID})
		 CREATE (o)-[:ORDERS {quantity: row.quantity, discount: row.discount}]->(p) [3mfields[0m[2m=[0m[]
[2m2026-09-04T07:51:59.835249Z[0m [32m INFO[0m bolt message received [3mevent_id[0m[2m=[0m"bolt.log.run" [3msignature[0m[2m=[0m"0x3F"
[2m2026-09-04T07:51:59.835258Z[0m [32m INFO[0m bolt sending responses [3mevent_id[0m[2m=[0m"bolt.log.run" [3mresponse_count[0m[2m=[0m2 [3mresponse_bytes[0m[2m=[0m163 [3mtransport[0m[2m=[0m"tcp"
[2m2026-09-04T07:51:59.835640Z[0m [32m INFO[0m bolt message received [3mevent_id[0m[2m=[0m"bolt.log.run" [3msignature[0m[2m=[0m"0x10"
[2m2026-09-04T07:51:59.848401Z[0m [32m INFO[0m [1mnornicdb.bolt.run[0m:[1mnornicdb.cypher.execute[0m: query phase breakdown [3mquery_hash[0m[2m=[0m1524916313068911758 [3mphase_parse_cache_us[0m[2m=[0m3 [3mphase_compliance_us[0m[2m=[0m1 [3mphase_pattern_us[0m[2m=[0m21 [3mphase_eval_us[0m[2m=[0m92126 [3mphase_audit_us[0m[2m=[0m195 [3mphase_total_us[0m[2m=[0m92346 [2m[3mdb.system[0m[2m=[0m"neo4j"[0m [2m[3mdb.operation.name[0m[2m=[0m"read"[0m
[2m2026-09-04T07:51:59.848615Z[0m [32m INFO[0m bolt RUN executed [3mevent_id[0m[2m=[0m"bolt.log.query" [3mquery[0m[2m=[0mUNWIND $rows AS row
		 MATCH (o:Order {orderID: row.orderID})
		 MATCH (p:Product {productID: row.productID})
		 CREATE (o)-[:ORDERS {quantity: row.quantity, discount: row.discount}]->(p) [3mfields[0m[2m=[0m[]
[2m2026-09-04T07:51:59.848738Z[0m [32m INFO[0m bolt message received [3mevent_id[0m[2m=[0m"bolt.log.run" [3msignature[0m[2m=[0m"0x3F"
[2m2026-09-04T07:51:59.848747Z[0m [32m INFO[0m bolt sending responses [3mevent_id[0m[2m=[0m"bolt.log.run" [3mresponse_count[0m[2m=[0m2 [3mresponse_bytes[0m[2m=[0m163 [3mtransport[0m[2m=[0m"tcp"
[2m2026-09-04T07:51:59.849127Z[0m [32m INFO[0m bolt message received [3mevent_id[0m[2m=[0m"bolt.log.run" [3msignature[0m[2m=[0m"0x10"
[2m2026-09-04T07:51:59.881888Z[0m [32m INFO[0m [1mnornicdb.bolt.run[0m:[1mnornicdb.cypher.execute[0m: query phase breakdown [3mquery_hash[0m[2m=[0m1524916313068911758 [3mphase_parse_cache_us[0m[2m=[0m4 [3mphase_compliance_us[0m[2m=[0m1 [3mphase_pattern_us[0m[2m=[0m23 [3mphase_eval_us[0m[2m=[0m96967 [3mphase_audit_us[0m[2m=[0m546 [3mphase_total_us[0m[2m=[0m97541 [2m[3mdb.system[0m[2m=[0m"neo4j"[0m [2m[3mdb.operation.name[0m[2m=[0m"read"[0m
[2m2026-09-04T07:51:59.882113Z[0m [32m INFO[0m bolt RUN executed [3mevent_id[0m[2m=[0m"bolt.log.query" [3mquery[0m[2m=[0mUNWIND $rows AS row
		 MATCH (o:Order {orderID: row.orderID})
		 MATCH (p:Product {productID: row.productID})
		 CREATE (o)-[:ORDERS {quantity: row.quantity, discount: row.discount}]->(p) [3mfields[0m[2m=[0m[]
[2m2026-09-04T07:51:59.882227Z[0m [32m INFO[0m bolt message received [3mevent_id[0m[2m=[0m"bolt.log.run" [3msignature[0m[2m=[0m"0x3F"
[2m2026-09-04T07:51:59.882239Z[0m [32m INFO[0m bolt sending responses [3mevent_id[0m[2m=[0m"bolt.log.run" [3mresponse_count[0m[2m=[0m2 [3mresponse_bytes[0m[2m=[0m163 [3mtransport[0m[2m=[0m"tcp"
[2m2026-09-04T07:51:59.882616Z[0m [32m INFO[0m bolt message received [3mevent_id[0m[2m=[0m"bolt.log.run" [3msignature[0m[2m=[0m"0x10"
[2m2026-09-04T07:51:59.889973Z[0m [32m INFO[0m [1mnornicdb.bolt.run[0m:[1mnornicdb.cypher.execute[0m: query phase breakdown [3mquery_hash[0m[2m=[0m1524916313068911758 [3mphase_parse_cache_us[0m[2m=[0m4 [3mphase_compliance_us[0m[2m=[0m1 [3mphase_pattern_us[0m[2m=[0m21 [3mphase_eval_us[0m[2m=[0m61161 [3mphase_audit_us[0m[2m=[0m201 [3mphase_total_us[0m[2m=[0m61388 [2m[3mdb.system[0m[2m=[0m"neo4j"[0m [2m[3mdb.operation.name[0m[2m=[0m"read"[0m
[2m2026-09-04T07:51:59.890212Z[0m [32m INFO[0m bolt RUN executed [3mevent_id[0m[2m=[0m"bolt.log.query" [3mquery[0m[2m=[0mUNWIND $rows AS row
		 MATCH (o:Order {orderID: row.orderID})
		 MATCH (p:Product {productID: row.productID})
		 CREATE (o)-[:ORDERS {quantity: row.quantity, discount: row.discount}]->(p) [3mfields[0m[2m=[0m[]
[2m2026-09-04T07:51:59.890320Z[0m [32m INFO[0m bolt message received [3mevent_id[0m[2m=[0m"bolt.log.run" [3msignature[0m[2m=[0m"0x3F"
[2m2026-09-04T07:51:59.890333Z[0m [32m INFO[0m bolt sending responses [3mevent_id[0m[2m=[0m"bolt.log.run" [3mresponse_count[0m[2m=[0m2 [3mresponse_bytes[0m[2m=[0m163 [3mtransport[0m[2m=[0m"tcp"
[2m2026-09-04T07:51:59.890735Z[0m [32m INFO[0m bolt message received [3mevent_id[0m[2m=[0m"bolt.log.run" [3msignature[0m[2m=[0m"0x10"
[2m2026-09-04T07:51:59.899104Z[0m [32m INFO[0m [1mnornicdb.bolt.run[0m:[1mnornicdb.cypher.execute[0m: query phase breakdown [3mquery_hash[0m[2m=[0m1524916313068911758 [3mphase_parse_cache_us[0m[2m=[0m3 [3mphase_compliance_us[0m[2m=[0m1 [3mphase_pattern_us[0m[2m=[0m22 [3mphase_eval_us[0m[2m=[0m62782 [3mphase_audit_us[0m[2m=[0m518 [3mphase_total_us[0m[2m=[0m63326 [2m[3mdb.system[0m[2m=[0m"neo4j"[0m [2m[3mdb.operation.name[0m[2m=[0m"read"[0m
[2m2026-09-04T07:51:59.899310Z[0m [32m INFO[0m bolt RUN executed [3mevent_id[0m[2m=[0m"bolt.log.query" [3mquery[0m[2m=[0mUNWIND $rows AS row
		 MATCH (o:Order {orderID: row.orderID})
		 MATCH (p:Product {productID: row.productID})
		 CREATE (o)-[:ORDERS {quantity: row.quantity, discount: row.discount}]->(p) [3mfields[0m[2m=[0m[]
[2m2026-09-04T07:51:59.899420Z[0m [32m INFO[0m bolt message received [3mevent_id[0m[2m=[0m"bolt.log.run" [3msignature[0m[2m=[0m"0x3F"
[2m2026-09-04T07:51:59.899427Z[0m [32m INFO[0m bolt sending responses [3mevent_id[0m[2m=[0m"bolt.log.run" [3mresponse_count[0m[2m=[0m2 [3mresponse_bytes[0m[2m=[0m163 [3mtransport[0m[2m=[0m"tcp"
[2m2026-09-04T07:51:59.899853Z[0m [32m INFO[0m bolt message received [3mevent_id[0m[2m=[0m"bolt.log.run" [3msignature[0m[2m=[0m"0x10"
[2m2026-09-04T07:51:59.907478Z[0m [32m INFO[0m [1mnornicdb.bolt.run[0m:[1mnornicdb.cypher.execute[0m: query phase breakdown [3mquery_hash[0m[2m=[0m1524916313068911758 [3mphase_parse_cache_us[0m[2m=[0m3 [3mphase_compliance_us[0m[2m=[0m1 [3mphase_pattern_us[0m[2m=[0m22 [3mphase_eval_us[0m[2m=[0m57984 [3mphase_audit_us[0m[2m=[0m206 [3mphase_total_us[0m[2m=[0m58216 [2m[3mdb.system[0m[2m=[0m"neo4j"[0m [2m[3mdb.operation.name[0m[2m=[0m"read"[0m
[2m2026-09-04T07:51:59.907688Z[0m [32m INFO[0m bolt RUN executed [3mevent_id[0m[2m=[0m"bolt.log.query" [3mquery[0m[2m=[0mUNWIND $rows AS row
		 MATCH (o:Order {orderID: row.orderID})
		 MATCH (p:Product {productID: row.productID})
		 CREATE (o)-[:ORDERS {quantity: row.quantity, discount: row.discount}]->(p) [3mfields[0m[2m=[0m[]
[2m2026-09-04T07:51:59.907800Z[0m [32m INFO[0m bolt message received [3mevent_id[0m[2m=[0m"bolt.log.run" [3msignature[0m[2m=[0m"0x3F"
[2m2026-09-04T07:51:59.907812Z[0m [32m INFO[0m bolt sending responses [3mevent_id[0m[2m=[0m"bolt.log.run" [3mresponse_count[0m[2m=[0m2 [3mresponse_bytes[0m[2m=[0m163 [3mtransport[0m[2m=[0m"tcp"
[2m2026-09-04T07:51:59.908178Z[0m [32m INFO[0m bolt message received [3mevent_id[0m[2m=[0m"bolt.log.run" [3msignature[0m[2m=[0m"0x10"
[2m2026-09-04T07:51:59.937878Z[0m [32m INFO[0m [1mnornicdb.bolt.run[0m:[1mnornicdb.cypher.execute[0m: query phase breakdown [3mquery_hash[0m[2m=[0m1524916313068911758 [3mphase_parse_cache_us[0m[2m=[0m3 [3mphase_compliance_us[0m[2m=[0m1 [3mphase_pattern_us[0m[2m=[0m23 [3mphase_eval_us[0m[2m=[0m54916 [3mphase_audit_us[0m[2m=[0m182 [3mphase_total_us[0m[2m=[0m55125 [2m[3mdb.system[0m[2m=[0m"neo4j"[0m [2m[3mdb.operation.name[0m[2m=[0m"read"[0m
[2m2026-09-04T07:51:59.938092Z[0m [32m INFO[0m bolt RUN executed [3mevent_id[0m[2m=[0m"bolt.log.query" [3mquery[0m[2m=[0mUNWIND $rows AS row
		 MATCH (o:Order {orderID: row.orderID})
		 MATCH (p:Product {productID: row.productID})
		 CREATE (o)-[:ORDERS {quantity: row.quantity, discount: row.discount}]->(p) [3mfields[0m[2m=[0m[]
[2m2026-09-04T07:51:59.938208Z[0m [32m INFO[0m bolt message received [3mevent_id[0m[2m=[0m"bolt.log.run" [3msignature[0m[2m=[0m"0x3F"
[2m2026-09-04T07:51:59.938218Z[0m [32m INFO[0m bolt sending responses [3mevent_id[0m[2m=[0m"bolt.log.run" [3mresponse_count[0m[2m=[0m2 [3mresponse_bytes[0m[2m=[0m163 [3mtransport[0m[2m=[0m"tcp"
[2m2026-09-04T07:51:59.938667Z[0m [32m INFO[0m bolt message received [3mevent_id[0m[2m=[0m"bolt.log.run" [3msignature[0m[2m=[0m"0x10"
[2m2026-09-04T07:52:00.240424Z[0m [32m INFO[0m [1mnornicdb.bolt.run[0m:[1mnornicdb.cypher.execute[0m: query phase breakdown [3mquery_hash[0m[2m=[0m1524916313068911758 [3mphase_parse_cache_us[0m[2m=[0m3 [3mphase_compliance_us[0m[2m=[0m1 [3mphase_pattern_us[0m[2m=[0m22 [3mphase_eval_us[0m[2m=[0m349087 [3mphase_audit_us[0m[2m=[0m410 [3mphase_total_us[0m[2m=[0m349523 [2m[3mdb.system[0m[2m=[0m"neo4j"[0m [2m[3mdb.operation.name[0m[2m=[0m"read"[0m
[2m2026-09-04T07:52:00.240642Z[0m [32m INFO[0m bolt RUN executed [3mevent_id[0m[2m=[0m"bolt.log.query" [3mquery[0m[2m=[0mUNWIND $rows AS row
		 MATCH (o:Order {orderID: row.orderID})
		 MATCH (p:Product {productID: row.productID})
		 CREATE (o)-[:ORDERS {quantity: row.quantity, discount: row.discount}]->(p) [3mfields[0m[2m=[0m[]
[2m2026-09-04T07:52:00.240763Z[0m [32m INFO[0m bolt message received [3mevent_id[0m[2m=[0m"bolt.log.run" [3msignature[0m[2m=[0m"0x3F"
[2m2026-09-04T07:52:00.240772Z[0m [32m INFO[0m bolt sending responses [3mevent_id[0m[2m=[0m"bolt.log.run" [3mresponse_count[0m[2m=[0m2 [3mresponse_bytes[0m[2m=[0m163 [3mtransport[0m[2m=[0m"tcp"
[2m2026-09-04T07:52:00.241129Z[0m [32m INFO[0m bolt message received [3mevent_id[0m[2m=[0m"bolt.log.run" [3msignature[0m[2m=[0m"0x10"
[2m2026-09-04T07:52:00.249416Z[0m [32m INFO[0m [1mnornicdb.bolt.run[0m:[1mnornicdb.cypher.execute[0m: query phase breakdown [3mquery_hash[0m[2m=[0m1524916313068911758 [3mphase_parse_cache_us[0m[2m=[0m3 [3mphase_compliance_us[0m[2m=[0m1 [3mphase_pattern_us[0m[2m=[0m22 [3mphase_eval_us[0m[2m=[0m348448 [3mphase_audit_us[0m[2m=[0m919 [3mphase_total_us[0m[2m=[0m349393 [2m[3mdb.system[0m[2m=[0m"neo4j"[0m [2m[3mdb.operation.name[0m[2m=[0m"read"[0m
[2m2026-09-04T07:52:00.249632Z[0m [32m INFO[0m bolt RUN executed [3mevent_id[0m[2m=[0m"bolt.log.query" [3mquery[0m[2m=[0mUNWIND $rows AS row
		 MATCH (o:Order {orderID: row.orderID})
		 MATCH (p:Product {productID: row.productID})
		 CREATE (o)-[:ORDERS {quantity: row.quantity, discount: row.discount}]->(p) [3mfields[0m[2m=[0m[]
[2m2026-09-04T07:52:00.249739Z[0m [32m INFO[0m bolt message received [3mevent_id[0m[2m=[0m"bolt.log.run" [3msignature[0m[2m=[0m"0x3F"
[2m2026-09-04T07:52:00.249747Z[0m [32m INFO[0m bolt sending responses [3mevent_id[0m[2m=[0m"bolt.log.run" [3mresponse_count[0m[2m=[0m2 [3mresponse_bytes[0m[2m=[0m163 [3mtransport[0m[2m=[0m"tcp"
[2m2026-09-04T07:52:00.250082Z[0m [32m INFO[0m bolt message received [3mevent_id[0m[2m=[0m"bolt.log.run" [3msignature[0m[2m=[0m"0x10"
[2m2026-09-04T07:52:00.257589Z[0m [32m INFO[0m [1mnornicdb.bolt.run[0m:[1mnornicdb.cypher.execute[0m: query phase breakdown [3mquery_hash[0m[2m=[0m1524916313068911758 [3mphase_parse_cache_us[0m[2m=[0m3 [3mphase_compliance_us[0m[2m=[0m1 [3mphase_pattern_us[0m[2m=[0m22 [3mphase_eval_us[0m[2m=[0m348752 [3mphase_audit_us[0m[2m=[0m503 [3mphase_total_us[0m[2m=[0m349281 [2m[3mdb.system[0m[2m=[0m"neo4j"[0m [2m[3mdb.operation.name[0m[2m=[0m"read"[0m
[2m2026-09-04T07:52:00.257791Z[0m [32m INFO[0m bolt RUN executed [3mevent_id[0m[2m=[0m"bolt.log.query" [3mquery[0m[2m=[0mUNWIND $rows AS row
		 MATCH (o:Order {orderID: row.orderID})
		 MATCH (p:Product {productID: row.productID})
		 CREATE (o)-[:ORDERS {quantity: row.quantity, discount: row.discount}]->(p) [3mfields[0m[2m=[0m[]
[2m2026-09-04T07:52:00.257912Z[0m [32m INFO[0m bolt message received [3mevent_id[0m[2m=[0m"bolt.log.run" [3msignature[0m[2m=[0m"0x3F"
[2m2026-09-04T07:52:00.257920Z[0m [32m INFO[0m bolt sending responses [3mevent_id[0m[2m=[0m"bolt.log.run" [3mresponse_count[0m[2m=[0m2 [3mresponse_bytes[0m[2m=[0m163 [3mtransport[0m[2m=[0m"tcp"
[2m2026-09-04T07:52:00.258240Z[0m [32m INFO[0m bolt message received [3mevent_id[0m[2m=[0m"bolt.log.run" [3msignature[0m[2m=[0m"0x10"
[2m2026-09-04T07:52:00.265605Z[0m [32m INFO[0m [1mnornicdb.bolt.run[0m:[1mnornicdb.cypher.execute[0m: query phase breakdown [3mquery_hash[0m[2m=[0m1524916313068911758 [3mphase_parse_cache_us[0m[2m=[0m3 [3mphase_compliance_us[0m[2m=[0m1 [3mphase_pattern_us[0m[2m=[0m23 [3mphase_eval_us[0m[2m=[0m326590 [3mphase_audit_us[0m[2m=[0m179 [3mphase_total_us[0m[2m=[0m326796 [2m[3mdb.system[0m[2m=[0m"neo4j"[0m [2m[3mdb.operation.name[0m[2m=[0m"read"[0m
[2m2026-09-04T07:52:00.265812Z[0m [32m INFO[0m bolt RUN executed [3mevent_id[0m[2m=[0m"bolt.log.query" [3mquery[0m[2m=[0mUNWIND $rows AS row
		 MATCH (o:Order {orderID: row.orderID})
		 MATCH (p:Product {productID: row.productID})
		 CREATE (o)-[:ORDERS {quantity: row.quantity, discount: row.discount}]->(p) [3mfields[0m[2m=[0m[]
[2m2026-09-04T07:52:00.265923Z[0m [32m INFO[0m bolt message received [3mevent_id[0m[2m=[0m"bolt.log.run" [3msignature[0m[2m=[0m"0x3F"
[2m2026-09-04T07:52:00.265931Z[0m [32m INFO[0m bolt sending responses [3mevent_id[0m[2m=[0m"bolt.log.run" [3mresponse_count[0m[2m=[0m2 [3mresponse_bytes[0m[2m=[0m163 [3mtransport[0m[2m=[0m"tcp"
[2m2026-09-04T07:52:00.266250Z[0m [32m INFO[0m bolt message received [3mevent_id[0m[2m=[0m"bolt.log.run" [3msignature[0m[2m=[0m"0x10"
[2m2026-09-04T07:52:00.298367Z[0m [32m INFO[0m [1mnornicdb.bolt.run[0m:[1mnornicdb.cypher.execute[0m: query phase breakdown [3mquery_hash[0m[2m=[0m1524916313068911758 [3mphase_parse_cache_us[0m[2m=[0m3 [3mphase_compliance_us[0m[2m=[0m2 [3mphase_pattern_us[0m[2m=[0m27 [3mphase_eval_us[0m[2m=[0m56469 [3mphase_audit_us[0m[2m=[0m597 [3mphase_total_us[0m[2m=[0m57098 [2m[3mdb.system[0m[2m=[0m"neo4j"[0m [2m[3mdb.operation.name[0m[2m=[0m"read"[0m
[2m2026-09-04T07:52:00.298593Z[0m [32m INFO[0m bolt RUN executed [3mevent_id[0m[2m=[0m"bolt.log.query" [3mquery[0m[2m=[0mUNWIND $rows AS row
		 MATCH (o:Order {orderID: row.orderID})
		 MATCH (p:Product {productID: row.productID})
		 CREATE (o)-[:ORDERS {quantity: row.quantity, discount: row.discount}]->(p) [3mfields[0m[2m=[0m[]
[2m2026-09-04T07:52:00.298701Z[0m [32m INFO[0m bolt message received [3mevent_id[0m[2m=[0m"bolt.log.run" [3msignature[0m[2m=[0m"0x3F"
[2m2026-09-04T07:52:00.298709Z[0m [32m INFO[0m bolt sending responses [3mevent_id[0m[2m=[0m"bolt.log.run" [3mresponse_count[0m[2m=[0m2 [3mresponse_bytes[0m[2m=[0m163 [3mtransport[0m[2m=[0m"tcp"
[2m2026-09-04T07:52:00.299072Z[0m [32m INFO[0m bolt message received [3mevent_id[0m[2m=[0m"bolt.log.run" [3msignature[0m[2m=[0m"0x10"
[2m2026-09-04T07:52:00.306985Z[0m [32m INFO[0m [1mnornicdb.bolt.run[0m:[1mnornicdb.cypher.execute[0m: query phase breakdown [3mquery_hash[0m[2m=[0m1524916313068911758 [3mphase_parse_cache_us[0m[2m=[0m3 [3mphase_compliance_us[0m[2m=[0m2 [3mphase_pattern_us[0m[2m=[0m22 [3mphase_eval_us[0m[2m=[0m56256 [3mphase_audit_us[0m[2m=[0m504 [3mphase_total_us[0m[2m=[0m56787 [2m[3mdb.system[0m[2m=[0m"neo4j"[0m [2m[3mdb.operation.name[0m[2m=[0m"read"[0m
[2m2026-09-04T07:52:00.307195Z[0m [32m INFO[0m bolt RUN executed [3mevent_id[0m[2m=[0m"bolt.log.query" [3mquery[0m[2m=[0mUNWIND $rows AS row
		 MATCH (o:Order {orderID: row.orderID})
		 MATCH (p:Product {productID: row.productID})
		 CREATE (o)-[:ORDERS {quantity: row.quantity, discount: row.discount}]->(p) [3mfields[0m[2m=[0m[]
[2m2026-09-04T07:52:00.307299Z[0m [32m INFO[0m bolt message received [3mevent_id[0m[2m=[0m"bolt.log.run" [3msignature[0m[2m=[0m"0x3F"
[2m2026-09-04T07:52:00.307307Z[0m [32m INFO[0m bolt sending responses [3mevent_id[0m[2m=[0m"bolt.log.run" [3mresponse_count[0m[2m=[0m2 [3mresponse_bytes[0m[2m=[0m163 [3mtransport[0m[2m=[0m"tcp"
[2m2026-09-04T07:52:00.307617Z[0m [32m INFO[0m bolt message received [3mevent_id[0m[2m=[0m"bolt.log.run" [3msignature[0m[2m=[0m"0x10"
[2m2026-09-04T07:52:00.315497Z[0m [32m INFO[0m [1mnornicdb.bolt.run[0m:[1mnornicdb.cypher.execute[0m: query phase breakdown [3mquery_hash[0m[2m=[0m1524916313068911758 [3mphase_parse_cache_us[0m[2m=[0m3 [3mphase_compliance_us[0m[2m=[0m1 [3mphase_pattern_us[0m[2m=[0m23 [3mphase_eval_us[0m[2m=[0m56600 [3mphase_audit_us[0m[2m=[0m500 [3mphase_total_us[0m[2m=[0m57127 [2m[3mdb.system[0m[2m=[0m"neo4j"[0m [2m[3mdb.operation.name[0m[2m=[0m"read"[0m
[2m2026-09-04T07:52:00.315723Z[0m [32m INFO[0m bolt RUN executed [3mevent_id[0m[2m=[0m"bolt.log.query" [3mquery[0m[2m=[0mUNWIND $rows AS row
		 MATCH (o:Order {orderID: row.orderID})
		 MATCH (p:Product {productID: row.productID})
		 CREATE (o)-[:ORDERS {quantity: row.quantity, discount: row.discount}]->(p) [3mfields[0m[2m=[0m[]
[2m2026-09-04T07:52:00.315835Z[0m [32m INFO[0m bolt message received [3mevent_id[0m[2m=[0m"bolt.log.run" [3msignature[0m[2m=[0m"0x3F"
[2m2026-09-04T07:52:00.315843Z[0m [32m INFO[0m bolt sending responses [3mevent_id[0m[2m=[0m"bolt.log.run" [3mresponse_count[0m[2m=[0m2 [3mresponse_bytes[0m[2m=[0m163 [3mtransport[0m[2m=[0m"tcp"
[2m2026-09-04T07:52:00.316183Z[0m [32m INFO[0m bolt message received [3mevent_id[0m[2m=[0m"bolt.log.run" [3msignature[0m[2m=[0m"0x10"
[2m2026-09-04T07:52:00.323727Z[0m [32m INFO[0m [1mnornicdb.bolt.run[0m:[1mnornicdb.cypher.execute[0m: query phase breakdown [3mquery_hash[0m[2m=[0m1524916313068911758 [3mphase_parse_cache_us[0m[2m=[0m3 [3mphase_compliance_us[0m[2m=[0m1 [3mphase_pattern_us[0m[2m=[0m23 [3mphase_eval_us[0m[2m=[0m57147 [3mphase_audit_us[0m[2m=[0m165 [3mphase_total_us[0m[2m=[0m57339 [2m[3mdb.system[0m[2m=[0m"neo4j"[0m [2m[3mdb.operation.name[0m[2m=[0m"read"[0m
[2m2026-09-04T07:52:00.323934Z[0m [32m INFO[0m bolt RUN executed [3mevent_id[0m[2m=[0m"bolt.log.query" [3mquery[0m[2m=[0mUNWIND $rows AS row
		 MATCH (o:Order {orderID: row.orderID})
		 MATCH (p:Product {productID: row.productID})
		 CREATE (o)-[:ORDERS {quantity: row.quantity, discount: row.discount}]->(p) [3mfields[0m[2m=[0m[]
[2m2026-09-04T07:52:00.324032Z[0m [32m INFO[0m bolt message received [3mevent_id[0m[2m=[0m"bolt.log.run" [3msignature[0m[2m=[0m"0x3F"
[2m2026-09-04T07:52:00.324043Z[0m [32m INFO[0m bolt sending responses [3mevent_id[0m[2m=[0m"bolt.log.run" [3mresponse_count[0m[2m=[0m2 [3mresponse_bytes[0m[2m=[0m163 [3mtransport[0m[2m=[0m"tcp"
[2m2026-09-04T07:52:00.324425Z[0m [32m INFO[0m bolt message received [3mevent_id[0m[2m=[0m"bolt.log.run" [3msignature[0m[2m=[0m"0x10"
[2m2026-09-04T07:52:00.376899Z[0m [32m INFO[0m [1mnornicdb.bolt.run[0m:[1mnornicdb.cypher.execute[0m: query phase breakdown [3mquery_hash[0m[2m=[0m1524916313068911758 [3mphase_parse_cache_us[0m[2m=[0m3 [3mphase_compliance_us[0m[2m=[0m2 [3mphase_pattern_us[0m[2m=[0m23 [3mphase_eval_us[0m[2m=[0m76938 [3mphase_audit_us[0m[2m=[0m683 [3mphase_total_us[0m[2m=[0m77649 [2m[3mdb.system[0m[2m=[0m"neo4j"[0m [2m[3mdb.operation.name[0m[2m=[0m"read"[0m
[2m2026-09-04T07:52:00.377122Z[0m [32m INFO[0m bolt RUN executed [3mevent_id[0m[2m=[0m"bolt.log.query" [3mquery[0m[2m=[0mUNWIND $rows AS row
		 MATCH (o:Order {orderID: row.orderID})
		 MATCH (p:Product {productID: row.productID})
		 CREATE (o)-[:ORDERS {quantity: row.quantity, discount: row.discount}]->(p) [3mfields[0m[2m=[0m[]
[2m2026-09-04T07:52:00.377231Z[0m [32m INFO[0m bolt message received [3mevent_id[0m[2m=[0m"bolt.log.run" [3msignature[0m[2m=[0m"0x3F"
[2m2026-09-04T07:52:00.377241Z[0m [32m INFO[0m bolt sending responses [3mevent_id[0m[2m=[0m"bolt.log.run" [3mresponse_count[0m[2m=[0m2 [3mresponse_bytes[0m[2m=[0m163 [3mtransport[0m[2m=[0m"tcp"
[2m2026-09-04T07:52:00.377660Z[0m [32m INFO[0m bolt message received [3mevent_id[0m[2m=[0m"bolt.log.run" [3msignature[0m[2m=[0m"0x10"
[2m2026-09-04T07:52:00.385618Z[0m [32m INFO[0m [1mnornicdb.bolt.run[0m:[1mnornicdb.cypher.execute[0m: query phase breakdown [3mquery_hash[0m[2m=[0m1524916313068911758 [3mphase_parse_cache_us[0m[2m=[0m3 [3mphase_compliance_us[0m[2m=[0m1 [3mphase_pattern_us[0m[2m=[0m24 [3mphase_eval_us[0m[2m=[0m77355 [3mphase_audit_us[0m[2m=[0m493 [3mphase_total_us[0m[2m=[0m77876 [2m[3mdb.system[0m[2m=[0m"neo4j"[0m [2m[3mdb.operation.name[0m[2m=[0m"read"[0m
[2m2026-09-04T07:52:00.385817Z[0m [32m INFO[0m bolt RUN executed [3mevent_id[0m[2m=[0m"bolt.log.query" [3mquery[0m[2m=[0mUNWIND $rows AS row
		 MATCH (o:Order {orderID: row.orderID})
		 MATCH (p:Product {productID: row.productID})
		 CREATE (o)-[:ORDERS {quantity: row.quantity, discount: row.discount}]->(p) [3mfields[0m[2m=[0m[]
[2m2026-09-04T07:52:00.385921Z[0m [32m INFO[0m bolt message received [3mevent_id[0m[2m=[0m"bolt.log.run" [3msignature[0m[2m=[0m"0x3F"
[2m2026-09-04T07:52:00.385932Z[0m [32m INFO[0m bolt sending responses [3mevent_id[0m[2m=[0m"bolt.log.run" [3mresponse_count[0m[2m=[0m2 [3mresponse_bytes[0m[2m=[0m163 [3mtransport[0m[2m=[0m"tcp"
[2m2026-09-04T07:52:00.386331Z[0m [32m INFO[0m bolt message received [3mevent_id[0m[2m=[0m"bolt.log.run" [3msignature[0m[2m=[0m"0x10"
[2m2026-09-04T07:52:00.393809Z[0m [32m INFO[0m [1mnornicdb.bolt.run[0m:[1mnornicdb.cypher.execute[0m: query phase breakdown [3mquery_hash[0m[2m=[0m1524916313068911758 [3mphase_parse_cache_us[0m[2m=[0m3 [3mphase_compliance_us[0m[2m=[0m1 [3mphase_pattern_us[0m[2m=[0m21 [3mphase_eval_us[0m[2m=[0m77232 [3mphase_audit_us[0m[2m=[0m195 [3mphase_total_us[0m[2m=[0m77452 [2m[3mdb.system[0m[2m=[0m"neo4j"[0m [2m[3mdb.operation.name[0m[2m=[0m"read"[0m
[2m2026-09-04T07:52:00.394013Z[0m [32m INFO[0m bolt RUN executed [3mevent_id[0m[2m=[0m"bolt.log.query" [3mquery[0m[2m=[0mUNWIND $rows AS row
		 MATCH (o:Order {orderID: row.orderID})
		 MATCH (p:Product {productID: row.productID})
		 CREATE (o)-[:ORDERS {quantity: row.quantity, discount: row.discount}]->(p) [3mfields[0m[2m=[0m[]
[2m2026-09-04T07:52:00.394127Z[0m [32m INFO[0m bolt message received [3mevent_id[0m[2m=[0m"bolt.log.run" [3msignature[0m[2m=[0m"0x3F"
[2m2026-09-04T07:52:00.394137Z[0m [32m INFO[0m bolt sending responses [3mevent_id[0m[2m=[0m"bolt.log.run" [3mresponse_count[0m[2m=[0m2 [3mresponse_bytes[0m[2m=[0m163 [3mtransport[0m[2m=[0m"tcp"
[2m2026-09-04T07:52:00.394551Z[0m [32m INFO[0m bolt message received [3mevent_id[0m[2m=[0m"bolt.log.run" [3msignature[0m[2m=[0m"0x10"
[2m2026-09-04T07:52:00.402764Z[0m [32m INFO[0m [1mnornicdb.bolt.run[0m:[1mnornicdb.cypher.execute[0m: query phase breakdown [3mquery_hash[0m[2m=[0m1524916313068911758 [3mphase_parse_cache_us[0m[2m=[0m3 [3mphase_compliance_us[0m[2m=[0m1 [3mphase_pattern_us[0m[2m=[0m20 [3mphase_eval_us[0m[2m=[0m77948 [3mphase_audit_us[0m[2m=[0m188 [3mphase_total_us[0m[2m=[0m78160 [2m[3mdb.system[0m[2m=[0m"neo4j"[0m [2m[3mdb.operation.name[0m[2m=[0m"read"[0m
[2m2026-09-04T07:52:00.402985Z[0m [32m INFO[0m bolt RUN executed [3mevent_id[0m[2m=[0m"bolt.log.query" [3mquery[0m[2m=[0mUNWIND $rows AS row
		 MATCH (o:Order {orderID: row.orderID})
		 MATCH (p:Product {productID: row.productID})
		 CREATE (o)-[:ORDERS {quantity: row.quantity, discount: row.discount}]->(p) [3mfields[0m[2m=[0m[]
[2m2026-09-04T07:52:00.403095Z[0m [32m INFO[0m bolt message received [3mevent_id[0m[2m=[0m"bolt.log.run" [3msignature[0m[2m=[0m"0x3F"
[2m2026-09-04T07:52:00.403103Z[0m [32m INFO[0m bolt sending responses [3mevent_id[0m[2m=[0m"bolt.log.run" [3mresponse_count[0m[2m=[0m2 [3mresponse_bytes[0m[2m=[0m163 [3mtransport[0m[2m=[0m"tcp"
[2m2026-09-04T07:52:00.403460Z[0m [32m INFO[0m bolt message received [3mevent_id[0m[2m=[0m"bolt.log.run" [3msignature[0m[2m=[0m"0x10"
[2m2026-09-04T07:52:00.432530Z[0m [32m INFO[0m [1mnornicdb.bolt.run[0m:[1mnornicdb.cypher.execute[0m: query phase breakdown [3mquery_hash[0m[2m=[0m1524916313068911758 [3mphase_parse_cache_us[0m[2m=[0m4 [3mphase_compliance_us[0m[2m=[0m2 [3mphase_pattern_us[0m[2m=[0m23 [3mphase_eval_us[0m[2m=[0m54505 [3mphase_audit_us[0m[2m=[0m193 [3mphase_total_us[0m[2m=[0m54727 [2m[3mdb.system[0m[2m=[0m"neo4j"[0m [2m[3mdb.operation.name[0m[2m=[0m"read"[0m
[2m2026-09-04T07:52:00.432726Z[0m [32m INFO[0m bolt RUN executed [3mevent_id[0m[2m=[0m"bolt.log.query" [3mquery[0m[2m=[0mUNWIND $rows AS row
		 MATCH (o:Order {orderID: row.orderID})
		 MATCH (p:Product {productID: row.productID})
		 CREATE (o)-[:ORDERS {quantity: row.quantity, discount: row.discount}]->(p) [3mfields[0m[2m=[0m[]
[2m2026-09-04T07:52:00.432827Z[0m [32m INFO[0m bolt message received [3mevent_id[0m[2m=[0m"bolt.log.run" [3msignature[0m[2m=[0m"0x3F"
[2m2026-09-04T07:52:00.432836Z[0m [32m INFO[0m bolt sending responses [3mevent_id[0m[2m=[0m"bolt.log.run" [3mresponse_count[0m[2m=[0m2 [3mresponse_bytes[0m[2m=[0m163 [3mtransport[0m[2m=[0m"tcp"
[2m2026-09-04T07:52:00.433236Z[0m [32m INFO[0m bolt message received [3mevent_id[0m[2m=[0m"bolt.log.run" [3msignature[0m[2m=[0m"0x10"
[2m2026-09-04T07:52:00.441602Z[0m [32m INFO[0m [1mnornicdb.bolt.run[0m:[1mnornicdb.cypher.execute[0m: query phase breakdown [3mquery_hash[0m[2m=[0m1524916313068911758 [3mphase_parse_cache_us[0m[2m=[0m3 [3mphase_compliance_us[0m[2m=[0m1 [3mphase_pattern_us[0m[2m=[0m22 [3mphase_eval_us[0m[2m=[0m54911 [3mphase_audit_us[0m[2m=[0m201 [3mphase_total_us[0m[2m=[0m55138 [2m[3mdb.system[0m[2m=[0m"neo4j"[0m [2m[3mdb.operation.name[0m[2m=[0m"read"[0m
[2m2026-09-04T07:52:00.441798Z[0m [32m INFO[0m bolt RUN executed [3mevent_id[0m[2m=[0m"bolt.log.query" [3mquery[0m[2m=[0mUNWIND $rows AS row
		 MATCH (o:Order {orderID: row.orderID})
		 MATCH (p:Product {productID: row.productID})
		 CREATE (o)-[:ORDERS {quantity: row.quantity, discount: row.discount}]->(p) [3mfields[0m[2m=[0m[]
[2m2026-09-04T07:52:00.441909Z[0m [32m INFO[0m bolt message received [3mevent_id[0m[2m=[0m"bolt.log.run" [3msignature[0m[2m=[0m"0x3F"
[2m2026-09-04T07:52:00.441919Z[0m [32m INFO[0m bolt sending responses [3mevent_id[0m[2m=[0m"bolt.log.run" [3mresponse_count[0m[2m=[0m2 [3mresponse_bytes[0m[2m=[0m163 [3mtransport[0m[2m=[0m"tcp"
[2m2026-09-04T07:52:00.442347Z[0m [32m INFO[0m bolt message received [3mevent_id[0m[2m=[0m"bolt.log.run" [3msignature[0m[2m=[0m"0x10"
[2m2026-09-04T07:52:00.451989Z[0m [32m INFO[0m [1mnornicdb.bolt.run[0m:[1mnornicdb.cypher.execute[0m: query phase breakdown [3mquery_hash[0m[2m=[0m1524916313068911758 [3mphase_parse_cache_us[0m[2m=[0m3 [3mphase_compliance_us[0m[2m=[0m1 [3mphase_pattern_us[0m[2m=[0m22 [3mphase_eval_us[0m[2m=[0m56683 [3mphase_audit_us[0m[2m=[0m596 [3mphase_total_us[0m[2m=[0m57305 [2m[3mdb.system[0m[2m=[0m"neo4j"[0m [2m[3mdb.operation.name[0m[2m=[0m"read"[0m
[2m2026-09-04T07:52:00.452178Z[0m [32m INFO[0m bolt RUN executed [3mevent_id[0m[2m=[0m"bolt.log.query" [3mquery[0m[2m=[0mUNWIND $rows AS row
		 MATCH (o:Order {orderID: row.orderID})
		 MATCH (p:Product {productID: row.productID})
		 CREATE (o)-[:ORDERS {quantity: row.quantity, discount: row.discount}]->(p) [3mfields[0m[2m=[0m[]
[2m2026-09-04T07:52:00.452286Z[0m [32m INFO[0m bolt message received [3mevent_id[0m[2m=[0m"bolt.log.run" [3msignature[0m[2m=[0m"0x3F"
[2m2026-09-04T07:52:00.452297Z[0m [32m INFO[0m bolt sending responses [3mevent_id[0m[2m=[0m"bolt.log.run" [3mresponse_count[0m[2m=[0m2 [3mresponse_bytes[0m[2m=[0m163 [3mtransport[0m[2m=[0m"tcp"
[2m2026-09-04T07:52:00.452674Z[0m [32m INFO[0m bolt message received [3mevent_id[0m[2m=[0m"bolt.log.run" [3msignature[0m[2m=[0m"0x10"
[2m2026-09-04T07:52:00.460455Z[0m [32m INFO[0m [1mnornicdb.bolt.run[0m:[1mnornicdb.cypher.execute[0m: query phase breakdown [3mquery_hash[0m[2m=[0m1524916313068911758 [3mphase_parse_cache_us[0m[2m=[0m2 [3mphase_compliance_us[0m[2m=[0m1 [3mphase_pattern_us[0m[2m=[0m22 [3mphase_eval_us[0m[2m=[0m56591 [3mphase_audit_us[0m[2m=[0m242 [3mphase_total_us[0m[2m=[0m56858 [2m[3mdb.system[0m[2m=[0m"neo4j"[0m [2m[3mdb.operation.name[0m[2m=[0m"read"[0m
[2m2026-09-04T07:52:00.460722Z[0m [32m INFO[0m bolt RUN executed [3mevent_id[0m[2m=[0m"bolt.log.query" [3mquery[0m[2m=[0mUNWIND $rows AS row
		 MATCH (o:Order {orderID: row.orderID})
		 MATCH (p:Product {productID: row.productID})
		 CREATE (o)-[:ORDERS {quantity: row.quantity, discount: row.discount}]->(p) [3mfields[0m[2m=[0m[]
[2m2026-09-04T07:52:00.460828Z[0m [32m INFO[0m bolt message received [3mevent_id[0m[2m=[0m"bolt.log.run" [3msignature[0m[2m=[0m"0x3F"
[2m2026-09-04T07:52:00.460837Z[0m [32m INFO[0m bolt sending responses [3mevent_id[0m[2m=[0m"bolt.log.run" [3mresponse_count[0m[2m=[0m2 [3mresponse_bytes[0m[2m=[0m163 [3mtransport[0m[2m=[0m"tcp"
[2m2026-09-04T07:52:00.461196Z[0m [32m INFO[0m bolt message received [3mevent_id[0m[2m=[0m"bolt.log.run" [3msignature[0m[2m=[0m"0x10"
[2m2026-09-04T07:52:00.490452Z[0m [32m INFO[0m [1mnornicdb.bolt.run[0m:[1mnornicdb.cypher.execute[0m: query phase breakdown [3mquery_hash[0m[2m=[0m1524916313068911758 [3mphase_parse_cache_us[0m[2m=[0m2 [3mphase_compliance_us[0m[2m=[0m1 [3mphase_pattern_us[0m[2m=[0m24 [3mphase_eval_us[0m[2m=[0m56876 [3mphase_audit_us[0m[2m=[0m178 [3mphase_total_us[0m[2m=[0m57081 [2m[3mdb.system[0m[2m=[0m"neo4j"[0m [2m[3mdb.operation.name[0m[2m=[0m"read"[0m
[2m2026-09-04T07:52:00.490643Z[0m [32m INFO[0m bolt RUN executed [3mevent_id[0m[2m=[0m"bolt.log.query" [3mquery[0m[2m=[0mUNWIND $rows AS row
		 MATCH (o:Order {orderID: row.orderID})
		 MATCH (p:Product {productID: row.productID})
		 CREATE (o)-[:ORDERS {quantity: row.quantity, discount: row.discount}]->(p) [3mfields[0m[2m=[0m[]
[2m2026-09-04T07:52:00.490742Z[0m [32m INFO[0m bolt message received [3mevent_id[0m[2m=[0m"bolt.log.run" [3msignature[0m[2m=[0m"0x3F"
[2m2026-09-04T07:52:00.490751Z[0m [32m INFO[0m bolt sending responses [3mevent_id[0m[2m=[0m"bolt.log.run" [3mresponse_count[0m[2m=[0m2 [3mresponse_bytes[0m[2m=[0m163 [3mtransport[0m[2m=[0m"tcp"
[2m2026-09-04T07:52:00.491141Z[0m [32m INFO[0m bolt message received [3mevent_id[0m[2m=[0m"bolt.log.run" [3msignature[0m[2m=[0m"0x10"
[2m2026-09-04T07:52:00.500350Z[0m [32m INFO[0m [1mnornicdb.bolt.run[0m:[1mnornicdb.cypher.execute[0m: query phase breakdown [3mquery_hash[0m[2m=[0m1524916313068911758 [3mphase_parse_cache_us[0m[2m=[0m2 [3mphase_compliance_us[0m[2m=[0m1 [3mphase_pattern_us[0m[2m=[0m21 [3mphase_eval_us[0m[2m=[0m57595 [3mphase_audit_us[0m[2m=[0m178 [3mphase_total_us[0m[2m=[0m57797 [2m[3mdb.system[0m[2m=[0m"neo4j"[0m [2m[3mdb.operation.name[0m[2m=[0m"read"[0m
[2m2026-09-04T07:52:00.500537Z[0m [32m INFO[0m bolt RUN executed [3mevent_id[0m[2m=[0m"bolt.log.query" [3mquery[0m[2m=[0mUNWIND $rows AS row
		 MATCH (o:Order {orderID: row.orderID})
		 MATCH (p:Product {productID: row.productID})
		 CREATE (o)-[:ORDERS {quantity: row.quantity, discount: row.discount}]->(p) [3mfields[0m[2m=[0m[]
[2m2026-09-04T07:52:00.500636Z[0m [32m INFO[0m bolt message received [3mevent_id[0m[2m=[0m"bolt.log.run" [3msignature[0m[2m=[0m"0x3F"
[2m2026-09-04T07:52:00.500644Z[0m [32m INFO[0m bolt sending responses [3mevent_id[0m[2m=[0m"bolt.log.run" [3mresponse_count[0m[2m=[0m2 [3mresponse_bytes[0m[2m=[0m163 [3mtransport[0m[2m=[0m"tcp"
[2m2026-09-04T07:52:00.501009Z[0m [32m INFO[0m bolt message received [3mevent_id[0m[2m=[0m"bolt.log.run" [3msignature[0m[2m=[0m"0x10"
[2m2026-09-04T07:52:00.513395Z[0m [32m INFO[0m [1mnornicdb.bolt.run[0m:[1mnornicdb.cypher.execute[0m: query phase breakdown [3mquery_hash[0m[2m=[0m1524916313068911758 [3mphase_parse_cache_us[0m[2m=[0m2 [3mphase_compliance_us[0m[2m=[0m1 [3mphase_pattern_us[0m[2m=[0m20 [3mphase_eval_us[0m[2m=[0m60099 [3mphase_audit_us[0m[2m=[0m480 [3mphase_total_us[0m[2m=[0m60602 [2m[3mdb.system[0m[2m=[0m"neo4j"[0m [2m[3mdb.operation.name[0m[2m=[0m"read"[0m
[2m2026-09-04T07:52:00.513598Z[0m [32m INFO[0m bolt RUN executed [3mevent_id[0m[2m=[0m"bolt.log.query" [3mquery[0m[2m=[0mUNWIND $rows AS row
		 MATCH (o:Order {orderID: row.orderID})
		 MATCH (p:Product {productID: row.productID})
		 CREATE (o)-[:ORDERS {quantity: row.quantity, discount: row.discount}]->(p) [3mfields[0m[2m=[0m[]
[2m2026-09-04T07:52:00.513728Z[0m [32m INFO[0m bolt message received [3mevent_id[0m[2m=[0m"bolt.log.run" [3msignature[0m[2m=[0m"0x3F"
[2m2026-09-04T07:52:00.513737Z[0m [32m INFO[0m bolt sending responses [3mevent_id[0m[2m=[0m"bolt.log.run" [3mresponse_count[0m[2m=[0m2 [3mresponse_bytes[0m[2m=[0m163 [3mtransport[0m[2m=[0m"tcp"
[2m2026-09-04T07:52:00.514201Z[0m [32m INFO[0m bolt message received [3mevent_id[0m[2m=[0m"bolt.log.run" [3msignature[0m[2m=[0m"0x10"
[2m2026-09-04T07:52:00.522135Z[0m [32m INFO[0m [1mnornicdb.bolt.run[0m:[1mnornicdb.cypher.execute[0m: query phase breakdown [3mquery_hash[0m[2m=[0m1524916313068911758 [3mphase_parse_cache_us[0m[2m=[0m3 [3mphase_compliance_us[0m[2m=[0m1 [3mphase_pattern_us[0m[2m=[0m21 [3mphase_eval_us[0m[2m=[0m60583 [3mphase_audit_us[0m[2m=[0m205 [3mphase_total_us[0m[2m=[0m60813 [2m[3mdb.system[0m[2m=[0m"neo4j"[0m [2m[3mdb.operation.name[0m[2m=[0m"read"[0m
[2m2026-09-04T07:52:00.522330Z[0m [32m INFO[0m bolt RUN executed [3mevent_id[0m[2m=[0m"bolt.log.query" [3mquery[0m[2m=[0mUNWIND $rows AS row
		 MATCH (o:Order {orderID: row.orderID})
		 MATCH (p:Product {productID: row.productID})
		 CREATE (o)-[:ORDERS {quantity: row.quantity, discount: row.discount}]->(p) [3mfields[0m[2m=[0m[]
[2m2026-09-04T07:52:00.522429Z[0m [32m INFO[0m bolt message received [3mevent_id[0m[2m=[0m"bolt.log.run" [3msignature[0m[2m=[0m"0x3F"
[2m2026-09-04T07:52:00.522437Z[0m [32m INFO[0m bolt sending responses [3mevent_id[0m[2m=[0m"bolt.log.run" [3mresponse_count[0m[2m=[0m2 [3mresponse_bytes[0m[2m=[0m163 [3mtransport[0m[2m=[0m"tcp"
[2m2026-09-04T07:52:00.522848Z[0m [32m INFO[0m bolt message received [3mevent_id[0m[2m=[0m"bolt.log.run" [3msignature[0m[2m=[0m"0x10"
[2m2026-09-04T07:52:00.588099Z[0m [32m INFO[0m [1mnornicdb.bolt.run[0m:[1mnornicdb.cypher.execute[0m: query phase breakdown [3mquery_hash[0m[2m=[0m1524916313068911758 [3mphase_parse_cache_us[0m[2m=[0m2 [3mphase_compliance_us[0m[2m=[0m1 [3mphase_pattern_us[0m[2m=[0m21 [3mphase_eval_us[0m[2m=[0m77271 [3mphase_audit_us[0m[2m=[0m19528 [3mphase_total_us[0m[2m=[0m96823 [2m[3mdb.system[0m[2m=[0m"neo4j"[0m [2m[3mdb.operation.name[0m[2m=[0m"read"[0m
[2m2026-09-04T07:52:00.588329Z[0m [32m INFO[0m bolt RUN executed [3mevent_id[0m[2m=[0m"bolt.log.query" [3mquery[0m[2m=[0mUNWIND $rows AS row
		 MATCH (o:Order {orderID: row.orderID})
		 MATCH (p:Product {productID: row.productID})
		 CREATE (o)-[:ORDERS {quantity: row.quantity, discount: row.discount}]->(p) [3mfields[0m[2m=[0m[]
[2m2026-09-04T07:52:00.588438Z[0m [32m INFO[0m bolt message received [3mevent_id[0m[2m=[0m"bolt.log.run" [3msignature[0m[2m=[0m"0x3F"
[2m2026-09-04T07:52:00.588449Z[0m [32m INFO[0m bolt sending responses [3mevent_id[0m[2m=[0m"bolt.log.run" [3mresponse_count[0m[2m=[0m2 [3mresponse_bytes[0m[2m=[0m163 [3mtransport[0m[2m=[0m"tcp"
[2m2026-09-04T07:52:00.588904Z[0m [32m INFO[0m bolt message received [3mevent_id[0m[2m=[0m"bolt.log.run" [3msignature[0m[2m=[0m"0x10"
[2m2026-09-04T07:52:00.595538Z[0m [32m INFO[0m [1mnornicdb.bolt.run[0m:[1mnornicdb.cypher.execute[0m: query phase breakdown [3mquery_hash[0m[2m=[0m1524916313068911758 [3mphase_parse_cache_us[0m[2m=[0m2 [3mphase_compliance_us[0m[2m=[0m1 [3mphase_pattern_us[0m[2m=[0m21 [3mphase_eval_us[0m[2m=[0m93851 [3mphase_audit_us[0m[2m=[0m519 [3mphase_total_us[0m[2m=[0m94394 [2m[3mdb.system[0m[2m=[0m"neo4j"[0m [2m[3mdb.operation.name[0m[2m=[0m"read"[0m
[2m2026-09-04T07:52:00.595740Z[0m [32m INFO[0m bolt RUN executed [3mevent_id[0m[2m=[0m"bolt.log.query" [3mquery[0m[2m=[0mUNWIND $rows AS row
		 MATCH (o:Order {orderID: row.orderID})
		 MATCH (p:Product {productID: row.productID})
		 CREATE (o)-[:ORDERS {quantity: row.quantity, discount: row.discount}]->(p) [3mfields[0m[2m=[0m[]
[2m2026-09-04T07:52:00.595850Z[0m [32m INFO[0m bolt message received [3mevent_id[0m[2m=[0m"bolt.log.run" [3msignature[0m[2m=[0m"0x3F"
[2m2026-09-04T07:52:00.595863Z[0m [32m INFO[0m bolt sending responses [3mevent_id[0m[2m=[0m"bolt.log.run" [3mresponse_count[0m[2m=[0m2 [3mresponse_bytes[0m[2m=[0m163 [3mtransport[0m[2m=[0m"tcp"
[2m2026-09-04T07:52:00.596234Z[0m [32m INFO[0m bolt message received [3mevent_id[0m[2m=[0m"bolt.log.run" [3msignature[0m[2m=[0m"0x10"
[2m2026-09-04T07:52:00.603848Z[0m [32m INFO[0m [1mnornicdb.bolt.run[0m:[1mnornicdb.cypher.execute[0m: query phase breakdown [3mquery_hash[0m[2m=[0m1524916313068911758 [3mphase_parse_cache_us[0m[2m=[0m3 [3mphase_compliance_us[0m[2m=[0m1 [3mphase_pattern_us[0m[2m=[0m22 [3mphase_eval_us[0m[2m=[0m89271 [3mphase_audit_us[0m[2m=[0m185 [3mphase_total_us[0m[2m=[0m89482 [2m[3mdb.system[0m[2m=[0m"neo4j"[0m [2m[3mdb.operation.name[0m[2m=[0m"read"[0m
[2m2026-09-04T07:52:00.604050Z[0m [32m INFO[0m bolt RUN executed [3mevent_id[0m[2m=[0m"bolt.log.query" [3mquery[0m[2m=[0mUNWIND $rows AS row
		 MATCH (o:Order {orderID: row.orderID})
		 MATCH (p:Product {productID: row.productID})
		 CREATE (o)-[:ORDERS {quantity: row.quantity, discount: row.discount}]->(p) [3mfields[0m[2m=[0m[]
[2m2026-09-04T07:52:00.604163Z[0m [32m INFO[0m bolt message received [3mevent_id[0m[2m=[0m"bolt.log.run" [3msignature[0m[2m=[0m"0x3F"
[2m2026-09-04T07:52:00.604171Z[0m [32m INFO[0m bolt sending responses [3mevent_id[0m[2m=[0m"bolt.log.run" [3mresponse_count[0m[2m=[0m2 [3mresponse_bytes[0m[2m=[0m163 [3mtransport[0m[2m=[0m"tcp"
[2m2026-09-04T07:52:00.604580Z[0m [32m INFO[0m bolt message received [3mevent_id[0m[2m=[0m"bolt.log.run" [3msignature[0m[2m=[0m"0x10"
[2m2026-09-04T07:52:00.612827Z[0m [32m INFO[0m [1mnornicdb.bolt.run[0m:[1mnornicdb.cypher.execute[0m: query phase breakdown [3mquery_hash[0m[2m=[0m1524916313068911758 [3mphase_parse_cache_us[0m[2m=[0m3 [3mphase_compliance_us[0m[2m=[0m1 [3mphase_pattern_us[0m[2m=[0m22 [3mphase_eval_us[0m[2m=[0m89643 [3mphase_audit_us[0m[2m=[0m176 [3mphase_total_us[0m[2m=[0m89845 [2m[3mdb.system[0m[2m=[0m"neo4j"[0m [2m[3mdb.operation.name[0m[2m=[0m"read"[0m
[2m2026-09-04T07:52:00.613035Z[0m [32m INFO[0m bolt RUN executed [3mevent_id[0m[2m=[0m"bolt.log.query" [3mquery[0m[2m=[0mUNWIND $rows AS row
		 MATCH (o:Order {orderID: row.orderID})
		 MATCH (p:Product {productID: row.productID})
		 CREATE (o)-[:ORDERS {quantity: row.quantity, discount: row.discount}]->(p) [3mfields[0m[2m=[0m[]
[2m2026-09-04T07:52:00.613165Z[0m [32m INFO[0m bolt message received [3mevent_id[0m[2m=[0m"bolt.log.run" [3msignature[0m[2m=[0m"0x3F"
[2m2026-09-04T07:52:00.613181Z[0m [32m INFO[0m bolt sending responses [3mevent_id[0m[2m=[0m"bolt.log.run" [3mresponse_count[0m[2m=[0m2 [3mresponse_bytes[0m[2m=[0m163 [3mtransport[0m[2m=[0m"tcp"
[2m2026-09-04T07:52:00.613597Z[0m [32m INFO[0m bolt message received [3mevent_id[0m[2m=[0m"bolt.log.run" [3msignature[0m[2m=[0m"0x10"
[2m2026-09-04T07:52:00.646368Z[0m [32m INFO[0m [1mnornicdb.bolt.run[0m:[1mnornicdb.cypher.execute[0m: query phase breakdown [3mquery_hash[0m[2m=[0m1524916313068911758 [3mphase_parse_cache_us[0m[2m=[0m4 [3mphase_compliance_us[0m[2m=[0m1 [3mphase_pattern_us[0m[2m=[0m21 [3mphase_eval_us[0m[2m=[0m56049 [3mphase_audit_us[0m[2m=[0m1247 [3mphase_total_us[0m[2m=[0m57322 [2m[3mdb.system[0m[2m=[0m"neo4j"[0m [2m[3mdb.operation.name[0m[2m=[0m"read"[0m
[2m2026-09-04T07:52:00.646571Z[0m [32m INFO[0m bolt RUN executed [3mevent_id[0m[2m=[0m"bolt.log.query" [3mquery[0m[2m=[0mUNWIND $rows AS row
		 MATCH (o:Order {orderID: row.orderID})
		 MATCH (p:Product {productID: row.productID})
		 CREATE (o)-[:ORDERS {quantity: row.quantity, discount: row.discount}]->(p) [3mfields[0m[2m=[0m[]
[2m2026-09-04T07:52:00.646675Z[0m [32m INFO[0m bolt message received [3mevent_id[0m[2m=[0m"bolt.log.run" [3msignature[0m[2m=[0m"0x3F"
[2m2026-09-04T07:52:00.646684Z[0m [32m INFO[0m bolt sending responses [3mevent_id[0m[2m=[0m"bolt.log.run" [3mresponse_count[0m[2m=[0m2 [3mresponse_bytes[0m[2m=[0m163 [3mtransport[0m[2m=[0m"tcp"
[2m2026-09-04T07:52:00.647119Z[0m [32m INFO[0m bolt message received [3mevent_id[0m[2m=[0m"bolt.log.run" [3msignature[0m[2m=[0m"0x10"
[2m2026-09-04T07:52:00.657026Z[0m [32m INFO[0m [1mnornicdb.bolt.run[0m:[1mnornicdb.cypher.execute[0m: query phase breakdown [3mquery_hash[0m[2m=[0m1524916313068911758 [3mphase_parse_cache_us[0m[2m=[0m2 [3mphase_compliance_us[0m[2m=[0m1 [3mphase_pattern_us[0m[2m=[0m21 [3mphase_eval_us[0m[2m=[0m60157 [3mphase_audit_us[0m[2m=[0m484 [3mphase_total_us[0m[2m=[0m60665 [2m[3mdb.system[0m[2m=[0m"neo4j"[0m [2m[3mdb.operation.name[0m[2m=[0m"read"[0m
[2m2026-09-04T07:52:00.657219Z[0m [32m INFO[0m bolt RUN executed [3mevent_id[0m[2m=[0m"bolt.log.query" [3mquery[0m[2m=[0mUNWIND $rows AS row
		 MATCH (o:Order {orderID: row.orderID})
		 MATCH (p:Product {productID: row.productID})
		 CREATE (o)-[:ORDERS {quantity: row.quantity, discount: row.discount}]->(p) [3mfields[0m[2m=[0m[]
[2m2026-09-04T07:52:00.657325Z[0m [32m INFO[0m bolt message received [3mevent_id[0m[2m=[0m"bolt.log.run" [3msignature[0m[2m=[0m"0x3F"
[2m2026-09-04T07:52:00.657333Z[0m [32m INFO[0m bolt sending responses [3mevent_id[0m[2m=[0m"bolt.log.run" [3mresponse_count[0m[2m=[0m2 [3mresponse_bytes[0m[2m=[0m163 [3mtransport[0m[2m=[0m"tcp"
[2m2026-09-04T07:52:00.657711Z[0m [32m INFO[0m bolt message received [3mevent_id[0m[2m=[0m"bolt.log.run" [3msignature[0m[2m=[0m"0x10"
[2m2026-09-04T07:52:00.668220Z[0m [32m INFO[0m [1mnornicdb.bolt.run[0m:[1mnornicdb.cypher.execute[0m: query phase breakdown [3mquery_hash[0m[2m=[0m1524916313068911758 [3mphase_parse_cache_us[0m[2m=[0m3 [3mphase_compliance_us[0m[2m=[0m1 [3mphase_pattern_us[0m[2m=[0m23 [3mphase_eval_us[0m[2m=[0m61154 [3mphase_audit_us[0m[2m=[0m2320 [3mphase_total_us[0m[2m=[0m63501 [2m[3mdb.system[0m[2m=[0m"neo4j"[0m [2m[3mdb.operation.name[0m[2m=[0m"read"[0m
[2m2026-09-04T07:52:00.668435Z[0m [32m INFO[0m bolt RUN executed [3mevent_id[0m[2m=[0m"bolt.log.query" [3mquery[0m[2m=[0mUNWIND $rows AS row
		 MATCH (o:Order {orderID: row.orderID})
		 MATCH (p:Product {productID: row.productID})
		 CREATE (o)-[:ORDERS {quantity: row.quantity, discount: row.discount}]->(p) [3mfields[0m[2m=[0m[]
[2m2026-09-04T07:52:00.668553Z[0m [32m INFO[0m bolt message received [3mevent_id[0m[2m=[0m"bolt.log.run" [3msignature[0m[2m=[0m"0x3F"
[2m2026-09-04T07:52:00.668562Z[0m [32m INFO[0m bolt sending responses [3mevent_id[0m[2m=[0m"bolt.log.run" [3mresponse_count[0m[2m=[0m2 [3mresponse_bytes[0m[2m=[0m163 [3mtransport[0m[2m=[0m"tcp"
[2m2026-09-04T07:52:00.668913Z[0m [32m INFO[0m bolt message received [3mevent_id[0m[2m=[0m"bolt.log.run" [3msignature[0m[2m=[0m"0x10"
[2m2026-09-04T07:52:00.676735Z[0m [32m INFO[0m [1mnornicdb.bolt.run[0m:[1mnornicdb.cypher.execute[0m: query phase breakdown [3mquery_hash[0m[2m=[0m1524916313068911758 [3mphase_parse_cache_us[0m[2m=[0m3 [3mphase_compliance_us[0m[2m=[0m1 [3mphase_pattern_us[0m[2m=[0m22 [3mphase_eval_us[0m[2m=[0m62728 [3mphase_audit_us[0m[2m=[0m203 [3mphase_total_us[0m[2m=[0m62957 [2m[3mdb.system[0m[2m=[0m"neo4j"[0m [2m[3mdb.operation.name[0m[2m=[0m"read"[0m
[2m2026-09-04T07:52:00.677018Z[0m [32m INFO[0m bolt RUN executed [3mevent_id[0m[2m=[0m"bolt.log.query" [3mquery[0m[2m=[0mUNWIND $rows AS row
		 MATCH (o:Order {orderID: row.orderID})
		 MATCH (p:Product {productID: row.productID})
		 CREATE (o)-[:ORDERS {quantity: row.quantity, discount: row.discount}]->(p) [3mfields[0m[2m=[0m[]
[2m2026-09-04T07:52:00.677155Z[0m [32m INFO[0m bolt message received [3mevent_id[0m[2m=[0m"bolt.log.run" [3msignature[0m[2m=[0m"0x3F"
[2m2026-09-04T07:52:00.677164Z[0m [32m INFO[0m bolt sending responses [3mevent_id[0m[2m=[0m"bolt.log.run" [3mresponse_count[0m[2m=[0m2 [3mresponse_bytes[0m[2m=[0m163 [3mtransport[0m[2m=[0m"tcp"
[2m2026-09-04T07:52:00.677554Z[0m [32m INFO[0m bolt message received [3mevent_id[0m[2m=[0m"bolt.log.run" [3msignature[0m[2m=[0m"0x10"
[2m2026-09-04T07:52:00.707312Z[0m [32m INFO[0m [1mnornicdb.bolt.run[0m:[1mnornicdb.cypher.execute[0m: query phase breakdown [3mquery_hash[0m[2m=[0m1524916313068911758 [3mphase_parse_cache_us[0m[2m=[0m4 [3mphase_compliance_us[0m[2m=[0m2 [3mphase_pattern_us[0m[2m=[0m24 [3mphase_eval_us[0m[2m=[0m59842 [3mphase_audit_us[0m[2m=[0m182 [3mphase_total_us[0m[2m=[0m60054 [2m[3mdb.system[0m[2m=[0m"neo4j"[0m [2m[3mdb.operation.name[0m[2m=[0m"read"[0m
[2m2026-09-04T07:52:00.707509Z[0m [32m INFO[0m bolt RUN executed [3mevent_id[0m[2m=[0m"bolt.log.query" [3mquery[0m[2m=[0mUNWIND $rows AS row
		 MATCH (o:Order {orderID: row.orderID})
		 MATCH (p:Product {productID: row.productID})
		 CREATE (o)-[:ORDERS {quantity: row.quantity, discount: row.discount}]->(p) [3mfields[0m[2m=[0m[]
[2m2026-09-04T07:52:00.707614Z[0m [32m INFO[0m bolt message received [3mevent_id[0m[2m=[0m"bolt.log.run" [3msignature[0m[2m=[0m"0x3F"
[2m2026-09-04T07:52:00.707625Z[0m [32m INFO[0m bolt sending responses [3mevent_id[0m[2m=[0m"bolt.log.run" [3mresponse_count[0m[2m=[0m2 [3mresponse_bytes[0m[2m=[0m163 [3mtransport[0m[2m=[0m"tcp"
[2m2026-09-04T07:52:00.708144Z[0m [32m INFO[0m bolt message received [3mevent_id[0m[2m=[0m"bolt.log.run" [3msignature[0m[2m=[0m"0x10"
[2m2026-09-04T07:52:00.716631Z[0m [32m INFO[0m [1mnornicdb.bolt.run[0m:[1mnornicdb.cypher.execute[0m: query phase breakdown [3mquery_hash[0m[2m=[0m1524916313068911758 [3mphase_parse_cache_us[0m[2m=[0m3 [3mphase_compliance_us[0m[2m=[0m1 [3mphase_pattern_us[0m[2m=[0m23 [3mphase_eval_us[0m[2m=[0m58583 [3mphase_audit_us[0m[2m=[0m181 [3mphase_total_us[0m[2m=[0m58791 [2m[3mdb.system[0m[2m=[0m"neo4j"[0m [2m[3mdb.operation.name[0m[2m=[0m"read"[0m
[2m2026-09-04T07:52:00.716819Z[0m [32m INFO[0m bolt RUN executed [3mevent_id[0m[2m=[0m"bolt.log.query" [3mquery[0m[2m=[0mUNWIND $rows AS row
		 MATCH (o:Order {orderID: row.orderID})
		 MATCH (p:Product {productID: row.productID})
		 CREATE (o)-[:ORDERS {quantity: row.quantity, discount: row.discount}]->(p) [3mfields[0m[2m=[0m[]
[2m2026-09-04T07:52:00.716933Z[0m [32m INFO[0m bolt message received [3mevent_id[0m[2m=[0m"bolt.log.run" [3msignature[0m[2m=[0m"0x3F"
[2m2026-09-04T07:52:00.716944Z[0m [32m INFO[0m bolt sending responses [3mevent_id[0m[2m=[0m"bolt.log.run" [3mresponse_count[0m[2m=[0m2 [3mresponse_bytes[0m[2m=[0m163 [3mtransport[0m[2m=[0m"tcp"
[2m2026-09-04T07:52:00.717384Z[0m [32m INFO[0m bolt message received [3mevent_id[0m[2m=[0m"bolt.log.run" [3msignature[0m[2m=[0m"0x10"
[2m2026-09-04T07:52:00.727429Z[0m [32m INFO[0m [1mnornicdb.bolt.run[0m:[1mnornicdb.cypher.execute[0m: query phase breakdown [3mquery_hash[0m[2m=[0m1524916313068911758 [3mphase_parse_cache_us[0m[2m=[0m3 [3mphase_compliance_us[0m[2m=[0m1 [3mphase_pattern_us[0m[2m=[0m21 [3mphase_eval_us[0m[2m=[0m58146 [3mphase_audit_us[0m[2m=[0m208 [3mphase_total_us[0m[2m=[0m58379 [2m[3mdb.system[0m[2m=[0m"neo4j"[0m [2m[3mdb.operation.name[0m[2m=[0m"read"[0m
[2m2026-09-04T07:52:00.727681Z[0m [32m INFO[0m bolt RUN executed [3mevent_id[0m[2m=[0m"bolt.log.query" [3mquery[0m[2m=[0mUNWIND $rows AS row
		 MATCH (o:Order {orderID: row.orderID})
		 MATCH (p:Product {productID: row.productID})
		 CREATE (o)-[:ORDERS {quantity: row.quantity, discount: row.discount}]->(p) [3mfields[0m[2m=[0m[]
[2m2026-09-04T07:52:00.727827Z[0m [32m INFO[0m bolt message received [3mevent_id[0m[2m=[0m"bolt.log.run" [3msignature[0m[2m=[0m"0x3F"
[2m2026-09-04T07:52:00.727837Z[0m [32m INFO[0m bolt sending responses [3mevent_id[0m[2m=[0m"bolt.log.run" [3mresponse_count[0m[2m=[0m2 [3mresponse_bytes[0m[2m=[0m163 [3mtransport[0m[2m=[0m"tcp"
[2m2026-09-04T07:52:00.728212Z[0m [32m INFO[0m bolt message received [3mevent_id[0m[2m=[0m"bolt.log.run" [3msignature[0m[2m=[0m"0x10"
[2m2026-09-04T07:52:00.741779Z[0m [32m INFO[0m [1mnornicdb.bolt.run[0m:[1mnornicdb.cypher.execute[0m: query phase breakdown [3mquery_hash[0m[2m=[0m1524916313068911758 [3mphase_parse_cache_us[0m[2m=[0m3 [3mphase_compliance_us[0m[2m=[0m1 [3mphase_pattern_us[0m[2m=[0m22 [3mphase_eval_us[0m[2m=[0m60050 [3mphase_audit_us[0m[2m=[0m4001 [3mphase_total_us[0m[2m=[0m64077 [2m[3mdb.system[0m[2m=[0m"neo4j"[0m [2m[3mdb.operation.name[0m[2m=[0m"read"[0m
[2m2026-09-04T07:52:00.741979Z[0m [32m INFO[0m bolt RUN executed [3mevent_id[0m[2m=[0m"bolt.log.query" [3mquery[0m[2m=[0mUNWIND $rows AS row
		 MATCH (o:Order {orderID: row.orderID})
		 MATCH (p:Product {productID: row.productID})
		 CREATE (o)-[:ORDERS {quantity: row.quantity, discount: row.discount}]->(p) [3mfields[0m[2m=[0m[]
[2m2026-09-04T07:52:00.742087Z[0m [32m INFO[0m bolt message received [3mevent_id[0m[2m=[0m"bolt.log.run" [3msignature[0m[2m=[0m"0x3F"
[2m2026-09-04T07:52:00.742097Z[0m [32m INFO[0m bolt sending responses [3mevent_id[0m[2m=[0m"bolt.log.run" [3mresponse_count[0m[2m=[0m2 [3mresponse_bytes[0m[2m=[0m163 [3mtransport[0m[2m=[0m"tcp"
[2m2026-09-04T07:52:00.742447Z[0m [32m INFO[0m bolt message received [3mevent_id[0m[2m=[0m"bolt.log.run" [3msignature[0m[2m=[0m"0x10"
[2m2026-09-04T07:52:00.799687Z[0m [32m INFO[0m [1mnornicdb.bolt.run[0m:[1mnornicdb.cypher.execute[0m: query phase breakdown [3mquery_hash[0m[2m=[0m1524916313068911758 [3mphase_parse_cache_us[0m[2m=[0m4 [3mphase_compliance_us[0m[2m=[0m2 [3mphase_pattern_us[0m[2m=[0m23 [3mphase_eval_us[0m[2m=[0m90867 [3mphase_audit_us[0m[2m=[0m467 [3mphase_total_us[0m[2m=[0m91363 [2m[3mdb.system[0m[2m=[0m"neo4j"[0m [2m[3mdb.operation.name[0m[2m=[0m"read"[0m
[2m2026-09-04T07:52:00.799887Z[0m [32m INFO[0m bolt RUN executed [3mevent_id[0m[2m=[0m"bolt.log.query" [3mquery[0m[2m=[0mUNWIND $rows AS row
		 MATCH (o:Order {orderID: row.orderID})
		 MATCH (p:Product {productID: row.productID})
		 CREATE (o)-[:ORDERS {quantity: row.quantity, discount: row.discount}]->(p) [3mfields[0m[2m=[0m[]
[2m2026-09-04T07:52:00.799988Z[0m [32m INFO[0m bolt message received [3mevent_id[0m[2m=[0m"bolt.log.run" [3msignature[0m[2m=[0m"0x3F"
[2m2026-09-04T07:52:00.799998Z[0m [32m INFO[0m bolt sending responses [3mevent_id[0m[2m=[0m"bolt.log.run" [3mresponse_count[0m[2m=[0m2 [3mresponse_bytes[0m[2m=[0m163 [3mtransport[0m[2m=[0m"tcp"
[2m2026-09-04T07:52:00.800403Z[0m [32m INFO[0m bolt message received [3mevent_id[0m[2m=[0m"bolt.log.run" [3msignature[0m[2m=[0m"0x10"
[2m2026-09-04T07:52:00.807415Z[0m [32m INFO[0m [1mnornicdb.bolt.run[0m:[1mnornicdb.cypher.execute[0m: query phase breakdown [3mquery_hash[0m[2m=[0m1524916313068911758 [3mphase_parse_cache_us[0m[2m=[0m2 [3mphase_compliance_us[0m[2m=[0m1 [3mphase_pattern_us[0m[2m=[0m22 [3mphase_eval_us[0m[2m=[0m89661 [3mphase_audit_us[0m[2m=[0m182 [3mphase_total_us[0m[2m=[0m89868 [2m[3mdb.system[0m[2m=[0m"neo4j"[0m [2m[3mdb.operation.name[0m[2m=[0m"read"[0m
[2m2026-09-04T07:52:00.807602Z[0m [32m INFO[0m bolt RUN executed [3mevent_id[0m[2m=[0m"bolt.log.query" [3mquery[0m[2m=[0mUNWIND $rows AS row
		 MATCH (o:Order {orderID: row.orderID})
		 MATCH (p:Product {productID: row.productID})
		 CREATE (o)-[:ORDERS {quantity: row.quantity, discount: row.discount}]->(p) [3mfields[0m[2m=[0m[]
[2m2026-09-04T07:52:00.807714Z[0m [32m INFO[0m bolt message received [3mevent_id[0m[2m=[0m"bolt.log.run" [3msignature[0m[2m=[0m"0x3F"
[2m2026-09-04T07:52:00.807724Z[0m [32m INFO[0m bolt sending responses [3mevent_id[0m[2m=[0m"bolt.log.run" [3mresponse_count[0m[2m=[0m2 [3mresponse_bytes[0m[2m=[0m163 [3mtransport[0m[2m=[0m"tcp"
[2m2026-09-04T07:52:00.808116Z[0m [32m INFO[0m bolt message received [3mevent_id[0m[2m=[0m"bolt.log.run" [3msignature[0m[2m=[0m"0x10"
[2m2026-09-04T07:52:00.815735Z[0m [32m INFO[0m [1mnornicdb.bolt.run[0m:[1mnornicdb.cypher.execute[0m: query phase breakdown [3mquery_hash[0m[2m=[0m1524916313068911758 [3mphase_parse_cache_us[0m[2m=[0m3 [3mphase_compliance_us[0m[2m=[0m1 [3mphase_pattern_us[0m[2m=[0m21 [3mphase_eval_us[0m[2m=[0m87154 [3mphase_audit_us[0m[2m=[0m198 [3mphase_total_us[0m[2m=[0m87377 [2m[3mdb.system[0m[2m=[0m"neo4j"[0m [2m[3mdb.operation.name[0m[2m=[0m"read"[0m
[2m2026-09-04T07:52:00.815937Z[0m [32m INFO[0m bolt RUN executed [3mevent_id[0m[2m=[0m"bolt.log.query" [3mquery[0m[2m=[0mUNWIND $rows AS row
		 MATCH (o:Order {orderID: row.orderID})
		 MATCH (p:Product {productID: row.productID})
		 CREATE (o)-[:ORDERS {quantity: row.quantity, discount: row.discount}]->(p) [3mfields[0m[2m=[0m[]
[2m2026-09-04T07:52:00.816038Z[0m [32m INFO[0m bolt message received [3mevent_id[0m[2m=[0m"bolt.log.run" [3msignature[0m[2m=[0m"0x3F"
[2m2026-09-04T07:52:00.816047Z[0m [32m INFO[0m bolt sending responses [3mevent_id[0m[2m=[0m"bolt.log.run" [3mresponse_count[0m[2m=[0m2 [3mresponse_bytes[0m[2m=[0m163 [3mtransport[0m[2m=[0m"tcp"
[2m2026-09-04T07:52:00.816448Z[0m [32m INFO[0m bolt message received [3mevent_id[0m[2m=[0m"bolt.log.run" [3msignature[0m[2m=[0m"0x10"
[2m2026-09-04T07:52:00.824535Z[0m [32m INFO[0m [1mnornicdb.bolt.run[0m:[1mnornicdb.cypher.execute[0m: query phase breakdown [3mquery_hash[0m[2m=[0m1524916313068911758 [3mphase_parse_cache_us[0m[2m=[0m3 [3mphase_compliance_us[0m[2m=[0m1 [3mphase_pattern_us[0m[2m=[0m22 [3mphase_eval_us[0m[2m=[0m78137 [3mphase_audit_us[0m[2m=[0m203 [3mphase_total_us[0m[2m=[0m78366 [2m[3mdb.system[0m[2m=[0m"neo4j"[0m [2m[3mdb.operation.name[0m[2m=[0m"read"[0m
[2m2026-09-04T07:52:00.824713Z[0m [32m INFO[0m bolt RUN executed [3mevent_id[0m[2m=[0m"bolt.log.query" [3mquery[0m[2m=[0mUNWIND $rows AS row
		 MATCH (o:Order {orderID: row.orderID})
		 MATCH (p:Product {productID: row.productID})
		 CREATE (o)-[:ORDERS {quantity: row.quantity, discount: row.discount}]->(p) [3mfields[0m[2m=[0m[]
[2m2026-09-04T07:52:00.824812Z[0m [32m INFO[0m bolt message received [3mevent_id[0m[2m=[0m"bolt.log.run" [3msignature[0m[2m=[0m"0x3F"
[2m2026-09-04T07:52:00.824822Z[0m [32m INFO[0m bolt sending responses [3mevent_id[0m[2m=[0m"bolt.log.run" [3mresponse_count[0m[2m=[0m2 [3mresponse_bytes[0m[2m=[0m163 [3mtransport[0m[2m=[0m"tcp"
[2m2026-09-04T07:52:00.825202Z[0m [32m INFO[0m bolt message received [3mevent_id[0m[2m=[0m"bolt.log.run" [3msignature[0m[2m=[0m"0x10"
[2m2026-09-04T07:52:00.853731Z[0m [32m INFO[0m [1mnornicdb.bolt.run[0m:[1mnornicdb.cypher.execute[0m: query phase breakdown [3mquery_hash[0m[2m=[0m1524916313068911758 [3mphase_parse_cache_us[0m[2m=[0m3 [3mphase_compliance_us[0m[2m=[0m1 [3mphase_pattern_us[0m[2m=[0m22 [3mphase_eval_us[0m[2m=[0m52623 [3mphase_audit_us[0m[2m=[0m543 [3mphase_total_us[0m[2m=[0m53192 [2m[3mdb.system[0m[2m=[0m"neo4j"[0m [2m[3mdb.operation.name[0m[2m=[0m"read"[0m
[2m2026-09-04T07:52:00.853934Z[0m [32m INFO[0m bolt RUN executed [3mevent_id[0m[2m=[0m"bolt.log.query" [3mquery[0m[2m=[0mUNWIND $rows AS row
		 MATCH (o:Order {orderID: row.orderID})
		 MATCH (p:Product {productID: row.productID})
		 CREATE (o)-[:ORDERS {quantity: row.quantity, discount: row.discount}]->(p) [3mfields[0m[2m=[0m[]
[2m2026-09-04T07:52:00.854042Z[0m [32m INFO[0m bolt message received [3mevent_id[0m[2m=[0m"bolt.log.run" [3msignature[0m[2m=[0m"0x3F"
[2m2026-09-04T07:52:00.854052Z[0m [32m INFO[0m bolt sending responses [3mevent_id[0m[2m=[0m"bolt.log.run" [3mresponse_count[0m[2m=[0m2 [3mresponse_bytes[0m[2m=[0m163 [3mtransport[0m[2m=[0m"tcp"
[2m2026-09-04T07:52:00.854478Z[0m [32m INFO[0m bolt message received [3mevent_id[0m[2m=[0m"bolt.log.run" [3msignature[0m[2m=[0m"0x10"
[2m2026-09-04T07:52:00.861821Z[0m [32m INFO[0m [1mnornicdb.bolt.run[0m:[1mnornicdb.cypher.execute[0m: query phase breakdown [3mquery_hash[0m[2m=[0m1524916313068911758 [3mphase_parse_cache_us[0m[2m=[0m5 [3mphase_compliance_us[0m[2m=[0m1 [3mphase_pattern_us[0m[2m=[0m21 [3mphase_eval_us[0m[2m=[0m53374 [3mphase_audit_us[0m[2m=[0m175 [3mphase_total_us[0m[2m=[0m53576 [2m[3mdb.system[0m[2m=[0m"neo4j"[0m [2m[3mdb.operation.name[0m[2m=[0m"read"[0m
[2m2026-09-04T07:52:00.862012Z[0m [32m INFO[0m bolt RUN executed [3mevent_id[0m[2m=[0m"bolt.log.query" [3mquery[0m[2m=[0mUNWIND $rows AS row
		 MATCH (o:Order {orderID: row.orderID})
		 MATCH (p:Product {productID: row.productID})
		 CREATE (o)-[:ORDERS {quantity: row.quantity, discount: row.discount}]->(p) [3mfields[0m[2m=[0m[]
[2m2026-09-04T07:52:00.862119Z[0m [32m INFO[0m bolt message received [3mevent_id[0m[2m=[0m"bolt.log.run" [3msignature[0m[2m=[0m"0x3F"
[2m2026-09-04T07:52:00.862128Z[0m [32m INFO[0m bolt sending responses [3mevent_id[0m[2m=[0m"bolt.log.run" [3mresponse_count[0m[2m=[0m2 [3mresponse_bytes[0m[2m=[0m163 [3mtransport[0m[2m=[0m"tcp"
[2m2026-09-04T07:52:00.862502Z[0m [32m INFO[0m bolt message received [3mevent_id[0m[2m=[0m"bolt.log.run" [3msignature[0m[2m=[0m"0x10"
[2m2026-09-04T07:52:00.882264Z[0m [32m INFO[0m [1mnornicdb.bolt.run[0m:[1mnornicdb.cypher.execute[0m: query phase breakdown [3mquery_hash[0m[2m=[0m1524916313068911758 [3mphase_parse_cache_us[0m[2m=[0m2 [3mphase_compliance_us[0m[2m=[0m1 [3mphase_pattern_us[0m[2m=[0m21 [3mphase_eval_us[0m[2m=[0m65240 [3mphase_audit_us[0m[2m=[0m417 [3mphase_total_us[0m[2m=[0m65681 [2m[3mdb.system[0m[2m=[0m"neo4j"[0m [2m[3mdb.operation.name[0m[2m=[0m"read"[0m
[2m2026-09-04T07:52:00.882467Z[0m [32m INFO[0m bolt RUN executed [3mevent_id[0m[2m=[0m"bolt.log.query" [3mquery[0m[2m=[0mUNWIND $rows AS row
		 MATCH (o:Order {orderID: row.orderID})
		 MATCH (p:Product {productID: row.productID})
		 CREATE (o)-[:ORDERS {quantity: row.quantity, discount: row.discount}]->(p) [3mfields[0m[2m=[0m[]
[2m2026-09-04T07:52:00.882574Z[0m [32m INFO[0m bolt message received [3mevent_id[0m[2m=[0m"bolt.log.run" [3msignature[0m[2m=[0m"0x3F"
[2m2026-09-04T07:52:00.882583Z[0m [32m INFO[0m bolt sending responses [3mevent_id[0m[2m=[0m"bolt.log.run" [3mresponse_count[0m[2m=[0m2 [3mresponse_bytes[0m[2m=[0m163 [3mtransport[0m[2m=[0m"tcp"
[2m2026-09-04T07:52:00.883004Z[0m [32m INFO[0m bolt message received [3mevent_id[0m[2m=[0m"bolt.log.run" [3msignature[0m[2m=[0m"0x10"
[2m2026-09-04T07:52:00.891007Z[0m [32m INFO[0m [1mnornicdb.bolt.run[0m:[1mnornicdb.cypher.execute[0m: query phase breakdown [3mquery_hash[0m[2m=[0m1524916313068911758 [3mphase_parse_cache_us[0m[2m=[0m3 [3mphase_compliance_us[0m[2m=[0m1 [3mphase_pattern_us[0m[2m=[0m19 [3mphase_eval_us[0m[2m=[0m65484 [3mphase_audit_us[0m[2m=[0m183 [3mphase_total_us[0m[2m=[0m65690 [2m[3mdb.system[0m[2m=[0m"neo4j"[0m [2m[3mdb.operation.name[0m[2m=[0m"read"[0m
[2m2026-09-04T07:52:00.891191Z[0m [32m INFO[0m bolt RUN executed [3mevent_id[0m[2m=[0m"bolt.log.query" [3mquery[0m[2m=[0mUNWIND $rows AS row
		 MATCH (o:Order {orderID: row.orderID})
		 MATCH (p:Product {productID: row.productID})
		 CREATE (o)-[:ORDERS {quantity: row.quantity, discount: row.discount}]->(p) [3mfields[0m[2m=[0m[]
[2m2026-09-04T07:52:00.891291Z[0m [32m INFO[0m bolt message received [3mevent_id[0m[2m=[0m"bolt.log.run" [3msignature[0m[2m=[0m"0x3F"
[2m2026-09-04T07:52:00.891298Z[0m [32m INFO[0m bolt sending responses [3mevent_id[0m[2m=[0m"bolt.log.run" [3mresponse_count[0m[2m=[0m2 [3mresponse_bytes[0m[2m=[0m163 [3mtransport[0m[2m=[0m"tcp"
[2m2026-09-04T07:52:00.891651Z[0m [32m INFO[0m bolt message received [3mevent_id[0m[2m=[0m"bolt.log.run" [3msignature[0m[2m=[0m"0x10"
[2m2026-09-04T07:52:00.910528Z[0m [32m INFO[0m [1mnornicdb.bolt.run[0m:[1mnornicdb.cypher.execute[0m: query phase breakdown [3mquery_hash[0m[2m=[0m1524916313068911758 [3mphase_parse_cache_us[0m[2m=[0m3 [3mphase_compliance_us[0m[2m=[0m1 [3mphase_pattern_us[0m[2m=[0m22 [3mphase_eval_us[0m[2m=[0m55704 [3mphase_audit_us[0m[2m=[0m185 [3mphase_total_us[0m[2m=[0m55915 [2m[3mdb.system[0m[2m=[0m"neo4j"[0m [2m[3mdb.operation.name[0m[2m=[0m"read"[0m
[2m2026-09-04T07:52:00.910745Z[0m [32m INFO[0m bolt RUN executed [3mevent_id[0m[2m=[0m"bolt.log.query" [3mquery[0m[2m=[0mUNWIND $rows AS row
		 MATCH (o:Order {orderID: row.orderID})
		 MATCH (p:Product {productID: row.productID})
		 CREATE (o)-[:ORDERS {quantity: row.quantity, discount: row.discount}]->(p) [3mfields[0m[2m=[0m[]
[2m2026-09-04T07:52:00.910865Z[0m [32m INFO[0m bolt message received [3mevent_id[0m[2m=[0m"bolt.log.run" [3msignature[0m[2m=[0m"0x3F"
[2m2026-09-04T07:52:00.910874Z[0m [32m INFO[0m bolt sending responses [3mevent_id[0m[2m=[0m"bolt.log.run" [3mresponse_count[0m[2m=[0m2 [3mresponse_bytes[0m[2m=[0m163 [3mtransport[0m[2m=[0m"tcp"
[2m2026-09-04T07:52:00.911312Z[0m [32m INFO[0m bolt message received [3mevent_id[0m[2m=[0m"bolt.log.run" [3msignature[0m[2m=[0m"0x10"
[2m2026-09-04T07:52:00.919565Z[0m [32m INFO[0m [1mnornicdb.bolt.run[0m:[1mnornicdb.cypher.execute[0m: query phase breakdown [3mquery_hash[0m[2m=[0m1524916313068911758 [3mphase_parse_cache_us[0m[2m=[0m2 [3mphase_compliance_us[0m[2m=[0m1 [3mphase_pattern_us[0m[2m=[0m21 [3mphase_eval_us[0m[2m=[0m56726 [3mphase_audit_us[0m[2m=[0m181 [3mphase_total_us[0m[2m=[0m56931 [2m[3mdb.system[0m[2m=[0m"neo4j"[0m [2m[3mdb.operation.name[0m[2m=[0m"read"[0m
[2m2026-09-04T07:52:00.919757Z[0m [32m INFO[0m bolt RUN executed [3mevent_id[0m[2m=[0m"bolt.log.query" [3mquery[0m[2m=[0mUNWIND $rows AS row
		 MATCH (o:Order {orderID: row.orderID})
		 MATCH (p:Product {productID: row.productID})
		 CREATE (o)-[:ORDERS {quantity: row.quantity, discount: row.discount}]->(p) [3mfields[0m[2m=[0m[]
[2m2026-09-04T07:52:00.919867Z[0m [32m INFO[0m bolt message received [3mevent_id[0m[2m=[0m"bolt.log.run" [3msignature[0m[2m=[0m"0x3F"
[2m2026-09-04T07:52:00.919875Z[0m [32m INFO[0m bolt sending responses [3mevent_id[0m[2m=[0m"bolt.log.run" [3mresponse_count[0m[2m=[0m2 [3mresponse_bytes[0m[2m=[0m163 [3mtransport[0m[2m=[0m"tcp"
[2m2026-09-04T07:52:00.920280Z[0m [32m INFO[0m bolt message received [3mevent_id[0m[2m=[0m"bolt.log.run" [3msignature[0m[2m=[0m"0x10"
[2m2026-09-04T07:52:00.941932Z[0m [32m INFO[0m [1mnornicdb.bolt.run[0m:[1mnornicdb.cypher.execute[0m: query phase breakdown [3mquery_hash[0m[2m=[0m1524916313068911758 [3mphase_parse_cache_us[0m[2m=[0m3 [3mphase_compliance_us[0m[2m=[0m2 [3mphase_pattern_us[0m[2m=[0m23 [3mphase_eval_us[0m[2m=[0m58574 [3mphase_audit_us[0m[2m=[0m187 [3mphase_total_us[0m[2m=[0m58789 [2m[3mdb.system[0m[2m=[0m"neo4j"[0m [2m[3mdb.operation.name[0m[2m=[0m"read"[0m
[2m2026-09-04T07:52:00.942142Z[0m [32m INFO[0m bolt RUN executed [3mevent_id[0m[2m=[0m"bolt.log.query" [3mquery[0m[2m=[0mUNWIND $rows AS row
		 MATCH (o:Order {orderID: row.orderID})
		 MATCH (p:Product {productID: row.productID})
		 CREATE (o)-[:ORDERS {quantity: row.quantity, discount: row.discount}]->(p) [3mfields[0m[2m=[0m[]
[2m2026-09-04T07:52:00.942249Z[0m [32m INFO[0m bolt message received [3mevent_id[0m[2m=[0m"bolt.log.run" [3msignature[0m[2m=[0m"0x3F"
[2m2026-09-04T07:52:00.942259Z[0m [32m INFO[0m bolt sending responses [3mevent_id[0m[2m=[0m"bolt.log.run" [3mresponse_count[0m[2m=[0m2 [3mresponse_bytes[0m[2m=[0m163 [3mtransport[0m[2m=[0m"tcp"
[2m2026-09-04T07:52:00.942693Z[0m [32m INFO[0m bolt message received [3mevent_id[0m[2m=[0m"bolt.log.run" [3msignature[0m[2m=[0m"0x10"
[2m2026-09-04T07:52:00.951365Z[0m [32m INFO[0m [1mnornicdb.bolt.run[0m:[1mnornicdb.cypher.execute[0m: query phase breakdown [3mquery_hash[0m[2m=[0m1524916313068911758 [3mphase_parse_cache_us[0m[2m=[0m2 [3mphase_compliance_us[0m[2m=[0m1 [3mphase_pattern_us[0m[2m=[0m22 [3mphase_eval_us[0m[2m=[0m59380 [3mphase_audit_us[0m[2m=[0m183 [3mphase_total_us[0m[2m=[0m59588 [2m[3mdb.system[0m[2m=[0m"neo4j"[0m [2m[3mdb.operation.name[0m[2m=[0m"read"[0m
[2m2026-09-04T07:52:00.951572Z[0m [32m INFO[0m bolt RUN executed [3mevent_id[0m[2m=[0m"bolt.log.query" [3mquery[0m[2m=[0mUNWIND $rows AS row
		 MATCH (o:Order {orderID: row.orderID})
		 MATCH (p:Product {productID: row.productID})
		 CREATE (o)-[:ORDERS {quantity: row.quantity, discount: row.discount}]->(p) [3mfields[0m[2m=[0m[]
[2m2026-09-04T07:52:00.951679Z[0m [32m INFO[0m bolt message received [3mevent_id[0m[2m=[0m"bolt.log.run" [3msignature[0m[2m=[0m"0x3F"
[2m2026-09-04T07:52:00.951688Z[0m [32m INFO[0m bolt sending responses [3mevent_id[0m[2m=[0m"bolt.log.run" [3mresponse_count[0m[2m=[0m2 [3mresponse_bytes[0m[2m=[0m163 [3mtransport[0m[2m=[0m"tcp"
[2m2026-09-04T07:52:00.952058Z[0m [32m INFO[0m bolt message received [3mevent_id[0m[2m=[0m"bolt.log.run" [3msignature[0m[2m=[0m"0x10"
[2m2026-09-04T07:52:00.967837Z[0m [32m INFO[0m [1mnornicdb.bolt.run[0m:[1mnornicdb.cypher.execute[0m: query phase breakdown [3mquery_hash[0m[2m=[0m1524916313068911758 [3mphase_parse_cache_us[0m[2m=[0m3 [3mphase_compliance_us[0m[2m=[0m1 [3mphase_pattern_us[0m[2m=[0m22 [3mphase_eval_us[0m[2m=[0m56127 [3mphase_audit_us[0m[2m=[0m202 [3mphase_total_us[0m[2m=[0m56355 [2m[3mdb.system[0m[2m=[0m"neo4j"[0m [2m[3mdb.operation.name[0m[2m=[0m"read"[0m
[2m2026-09-04T07:52:00.968048Z[0m [32m INFO[0m bolt RUN executed [3mevent_id[0m[2m=[0m"bolt.log.query" [3mquery[0m[2m=[0mUNWIND $rows AS row
		 MATCH (o:Order {orderID: row.orderID})
		 MATCH (p:Product {productID: row.productID})
		 CREATE (o)-[:ORDERS {quantity: row.quantity, discount: row.discount}]->(p) [3mfields[0m[2m=[0m[]
[2m2026-09-04T07:52:00.968159Z[0m [32m INFO[0m bolt message received [3mevent_id[0m[2m=[0m"bolt.log.run" [3msignature[0m[2m=[0m"0x3F"
[2m2026-09-04T07:52:00.968168Z[0m [32m INFO[0m bolt sending responses [3mevent_id[0m[2m=[0m"bolt.log.run" [3mresponse_count[0m[2m=[0m2 [3mresponse_bytes[0m[2m=[0m163 [3mtransport[0m[2m=[0m"tcp"
[2m2026-09-04T07:52:00.968598Z[0m [32m INFO[0m bolt message received [3mevent_id[0m[2m=[0m"bolt.log.run" [3msignature[0m[2m=[0m"0x10"
[2m2026-09-04T07:52:00.977138Z[0m [32m INFO[0m [1mnornicdb.bolt.run[0m:[1mnornicdb.cypher.execute[0m: query phase breakdown [3mquery_hash[0m[2m=[0m1524916313068911758 [3mphase_parse_cache_us[0m[2m=[0m3 [3mphase_compliance_us[0m[2m=[0m1 [3mphase_pattern_us[0m[2m=[0m20 [3mphase_eval_us[0m[2m=[0m56474 [3mphase_audit_us[0m[2m=[0m195 [3mphase_total_us[0m[2m=[0m56693 [2m[3mdb.system[0m[2m=[0m"neo4j"[0m [2m[3mdb.operation.name[0m[2m=[0m"read"[0m
[2m2026-09-04T07:52:00.977335Z[0m [32m INFO[0m bolt RUN executed [3mevent_id[0m[2m=[0m"bolt.log.query" [3mquery[0m[2m=[0mUNWIND $rows AS row
		 MATCH (o:Order {orderID: row.orderID})
		 MATCH (p:Product {productID: row.productID})
		 CREATE (o)-[:ORDERS {quantity: row.quantity, discount: row.discount}]->(p) [3mfields[0m[2m=[0m[]
[2m2026-09-04T07:52:00.977447Z[0m [32m INFO[0m bolt message received [3mevent_id[0m[2m=[0m"bolt.log.run" [3msignature[0m[2m=[0m"0x3F"
[2m2026-09-04T07:52:00.977456Z[0m [32m INFO[0m bolt sending responses [3mevent_id[0m[2m=[0m"bolt.log.run" [3mresponse_count[0m[2m=[0m2 [3mresponse_bytes[0m[2m=[0m163 [3mtransport[0m[2m=[0m"tcp"
[2m2026-09-04T07:52:00.977831Z[0m [32m INFO[0m bolt message received [3mevent_id[0m[2m=[0m"bolt.log.run" [3msignature[0m[2m=[0m"0x10"
[2m2026-09-04T07:52:01.002457Z[0m [32m INFO[0m [1mnornicdb.bolt.run[0m:[1mnornicdb.cypher.execute[0m: query phase breakdown [3mquery_hash[0m[2m=[0m1524916313068911758 [3mphase_parse_cache_us[0m[2m=[0m3 [3mphase_compliance_us[0m[2m=[0m1 [3mphase_pattern_us[0m[2m=[0m22 [3mphase_eval_us[0m[2m=[0m59414 [3mphase_audit_us[0m[2m=[0m188 [3mphase_total_us[0m[2m=[0m59628 [2m[3mdb.system[0m[2m=[0m"neo4j"[0m [2m[3mdb.operation.name[0m[2m=[0m"read"[0m
[2m2026-09-04T07:52:01.002657Z[0m [32m INFO[0m bolt RUN executed [3mevent_id[0m[2m=[0m"bolt.log.query" [3mquery[0m[2m=[0mUNWIND $rows AS row
		 MATCH (o:Order {orderID: row.orderID})
		 MATCH (p:Product {productID: row.productID})
		 CREATE (o)-[:ORDERS {quantity: row.quantity, discount: row.discount}]->(p) [3mfields[0m[2m=[0m[]
[2m2026-09-04T07:52:01.002765Z[0m [32m INFO[0m bolt message received [3mevent_id[0m[2m=[0m"bolt.log.run" [3msignature[0m[2m=[0m"0x3F"
[2m2026-09-04T07:52:01.002775Z[0m [32m INFO[0m bolt sending responses [3mevent_id[0m[2m=[0m"bolt.log.run" [3mresponse_count[0m[2m=[0m2 [3mresponse_bytes[0m[2m=[0m163 [3mtransport[0m[2m=[0m"tcp"
[2m2026-09-04T07:52:01.003188Z[0m [32m INFO[0m bolt message received [3mevent_id[0m[2m=[0m"bolt.log.run" [3msignature[0m[2m=[0m"0x10"
[2m2026-09-04T07:52:01.011471Z[0m [32m INFO[0m [1mnornicdb.bolt.run[0m:[1mnornicdb.cypher.execute[0m: query phase breakdown [3mquery_hash[0m[2m=[0m1524916313068911758 [3mphase_parse_cache_us[0m[2m=[0m3 [3mphase_compliance_us[0m[2m=[0m1 [3mphase_pattern_us[0m[2m=[0m21 [3mphase_eval_us[0m[2m=[0m59100 [3mphase_audit_us[0m[2m=[0m164 [3mphase_total_us[0m[2m=[0m59289 [2m[3mdb.system[0m[2m=[0m"neo4j"[0m [2m[3mdb.operation.name[0m[2m=[0m"read"[0m
[2m2026-09-04T07:52:01.011658Z[0m [32m INFO[0m bolt RUN executed [3mevent_id[0m[2m=[0m"bolt.log.query" [3mquery[0m[2m=[0mUNWIND $rows AS row
		 MATCH (o:Order {orderID: row.orderID})
		 MATCH (p:Product {productID: row.productID})
		 CREATE (o)-[:ORDERS {quantity: row.quantity, discount: row.discount}]->(p) [3mfields[0m[2m=[0m[]
[2m2026-09-04T07:52:01.011757Z[0m [32m INFO[0m bolt message received [3mevent_id[0m[2m=[0m"bolt.log.run" [3msignature[0m[2m=[0m"0x3F"
[2m2026-09-04T07:52:01.011765Z[0m [32m INFO[0m bolt sending responses [3mevent_id[0m[2m=[0m"bolt.log.run" [3mresponse_count[0m[2m=[0m2 [3mresponse_bytes[0m[2m=[0m163 [3mtransport[0m[2m=[0m"tcp"
[2m2026-09-04T07:52:01.012153Z[0m [32m INFO[0m bolt message received [3mevent_id[0m[2m=[0m"bolt.log.run" [3msignature[0m[2m=[0m"0x10"
[2m2026-09-04T07:52:01.028063Z[0m [32m INFO[0m [1mnornicdb.bolt.run[0m:[1mnornicdb.cypher.execute[0m: query phase breakdown [3mquery_hash[0m[2m=[0m1524916313068911758 [3mphase_parse_cache_us[0m[2m=[0m3 [3mphase_compliance_us[0m[2m=[0m1 [3mphase_pattern_us[0m[2m=[0m23 [3mphase_eval_us[0m[2m=[0m58739 [3mphase_audit_us[0m[2m=[0m544 [3mphase_total_us[0m[2m=[0m59310 [2m[3mdb.system[0m[2m=[0m"neo4j"[0m [2m[3mdb.operation.name[0m[2m=[0m"read"[0m
[2m2026-09-04T07:52:01.028255Z[0m [32m INFO[0m bolt RUN executed [3mevent_id[0m[2m=[0m"bolt.log.query" [3mquery[0m[2m=[0mUNWIND $rows AS row
		 MATCH (o:Order {orderID: row.orderID})
		 MATCH (p:Product {productID: row.productID})
		 CREATE (o)-[:ORDERS {quantity: row.quantity, discount: row.discount}]->(p) [3mfields[0m[2m=[0m[]
[2m2026-09-04T07:52:01.028363Z[0m [32m INFO[0m bolt message received [3mevent_id[0m[2m=[0m"bolt.log.run" [3msignature[0m[2m=[0m"0x3F"
[2m2026-09-04T07:52:01.028373Z[0m [32m INFO[0m bolt sending responses [3mevent_id[0m[2m=[0m"bolt.log.run" [3mresponse_count[0m[2m=[0m2 [3mresponse_bytes[0m[2m=[0m163 [3mtransport[0m[2m=[0m"tcp"
[2m2026-09-04T07:52:01.028720Z[0m [32m INFO[0m bolt message received [3mevent_id[0m[2m=[0m"bolt.log.run" [3msignature[0m[2m=[0m"0x10"
[2m2026-09-04T07:52:01.036475Z[0m [32m INFO[0m [1mnornicdb.bolt.run[0m:[1mnornicdb.cypher.execute[0m: query phase breakdown [3mquery_hash[0m[2m=[0m1524916313068911758 [3mphase_parse_cache_us[0m[2m=[0m3 [3mphase_compliance_us[0m[2m=[0m1 [3mphase_pattern_us[0m[2m=[0m22 [3mphase_eval_us[0m[2m=[0m58302 [3mphase_audit_us[0m[2m=[0m183 [3mphase_total_us[0m[2m=[0m58511 [2m[3mdb.system[0m[2m=[0m"neo4j"[0m [2m[3mdb.operation.name[0m[2m=[0m"read"[0m
[2m2026-09-04T07:52:01.036667Z[0m [32m INFO[0m bolt RUN executed [3mevent_id[0m[2m=[0m"bolt.log.query" [3mquery[0m[2m=[0mUNWIND $rows AS row
		 MATCH (o:Order {orderID: row.orderID})
		 MATCH (p:Product {productID: row.productID})
		 CREATE (o)-[:ORDERS {quantity: row.quantity, discount: row.discount}]->(p) [3mfields[0m[2m=[0m[]
[2m2026-09-04T07:52:01.036770Z[0m [32m INFO[0m bolt message received [3mevent_id[0m[2m=[0m"bolt.log.run" [3msignature[0m[2m=[0m"0x3F"
[2m2026-09-04T07:52:01.036778Z[0m [32m INFO[0m bolt sending responses [3mevent_id[0m[2m=[0m"bolt.log.run" [3mresponse_count[0m[2m=[0m2 [3mresponse_bytes[0m[2m=[0m163 [3mtransport[0m[2m=[0m"tcp"
[2m2026-09-04T07:52:01.037136Z[0m [32m INFO[0m bolt message received [3mevent_id[0m[2m=[0m"bolt.log.run" [3msignature[0m[2m=[0m"0x10"
[2m2026-09-04T07:52:01.065182Z[0m [32m INFO[0m [1mnornicdb.bolt.run[0m:[1mnornicdb.cypher.execute[0m: query phase breakdown [3mquery_hash[0m[2m=[0m1524916313068911758 [3mphase_parse_cache_us[0m[2m=[0m3 [3mphase_compliance_us[0m[2m=[0m1 [3mphase_pattern_us[0m[2m=[0m23 [3mphase_eval_us[0m[2m=[0m61294 [3mphase_audit_us[0m[2m=[0m539 [3mphase_total_us[0m[2m=[0m61860 [2m[3mdb.system[0m[2m=[0m"neo4j"[0m [2m[3mdb.operation.name[0m[2m=[0m"read"[0m
[2m2026-09-04T07:52:01.065387Z[0m [32m INFO[0m bolt RUN executed [3mevent_id[0m[2m=[0m"bolt.log.query" [3mquery[0m[2m=[0mUNWIND $rows AS row
		 MATCH (o:Order {orderID: row.orderID})
		 MATCH (p:Product {productID: row.productID})
		 CREATE (o)-[:ORDERS {quantity: row.quantity, discount: row.discount}]->(p) [3mfields[0m[2m=[0m[]
[2m2026-09-04T07:52:01.065499Z[0m [32m INFO[0m bolt message received [3mevent_id[0m[2m=[0m"bolt.log.run" [3msignature[0m[2m=[0m"0x3F"
[2m2026-09-04T07:52:01.065508Z[0m [32m INFO[0m bolt sending responses [3mevent_id[0m[2m=[0m"bolt.log.run" [3mresponse_count[0m[2m=[0m2 [3mresponse_bytes[0m[2m=[0m163 [3mtransport[0m[2m=[0m"tcp"
[2m2026-09-04T07:52:01.065888Z[0m [32m INFO[0m bolt message received [3mevent_id[0m[2m=[0m"bolt.log.run" [3msignature[0m[2m=[0m"0x10"
[2m2026-09-04T07:52:01.073770Z[0m [32m INFO[0m [1mnornicdb.bolt.run[0m:[1mnornicdb.cypher.execute[0m: query phase breakdown [3mquery_hash[0m[2m=[0m1524916313068911758 [3mphase_parse_cache_us[0m[2m=[0m3 [3mphase_compliance_us[0m[2m=[0m1 [3mphase_pattern_us[0m[2m=[0m23 [3mphase_eval_us[0m[2m=[0m61298 [3mphase_audit_us[0m[2m=[0m165 [3mphase_total_us[0m[2m=[0m61490 [2m[3mdb.system[0m[2m=[0m"neo4j"[0m [2m[3mdb.operation.name[0m[2m=[0m"read"[0m
[2m2026-09-04T07:52:01.073962Z[0m [32m INFO[0m bolt RUN executed [3mevent_id[0m[2m=[0m"bolt.log.query" [3mquery[0m[2m=[0mUNWIND $rows AS row
		 MATCH (o:Order {orderID: row.orderID})
		 MATCH (p:Product {productID: row.productID})
		 CREATE (o)-[:ORDERS {quantity: row.quantity, discount: row.discount}]->(p) [3mfields[0m[2m=[0m[]
[2m2026-09-04T07:52:01.074059Z[0m [32m INFO[0m bolt message received [3mevent_id[0m[2m=[0m"bolt.log.run" [3msignature[0m[2m=[0m"0x3F"
[2m2026-09-04T07:52:01.074067Z[0m [32m INFO[0m bolt sending responses [3mevent_id[0m[2m=[0m"bolt.log.run" [3mresponse_count[0m[2m=[0m2 [3mresponse_bytes[0m[2m=[0m163 [3mtransport[0m[2m=[0m"tcp"
[2m2026-09-04T07:52:01.074432Z[0m [32m INFO[0m bolt message received [3mevent_id[0m[2m=[0m"bolt.log.run" [3msignature[0m[2m=[0m"0x10"
[2m2026-09-04T07:52:01.090353Z[0m [32m INFO[0m [1mnornicdb.bolt.run[0m:[1mnornicdb.cypher.execute[0m: query phase breakdown [3mquery_hash[0m[2m=[0m1524916313068911758 [3mphase_parse_cache_us[0m[2m=[0m3 [3mphase_compliance_us[0m[2m=[0m1 [3mphase_pattern_us[0m[2m=[0m23 [3mphase_eval_us[0m[2m=[0m60902 [3mphase_audit_us[0m[2m=[0m570 [3mphase_total_us[0m[2m=[0m61499 [2m[3mdb.system[0m[2m=[0m"neo4j"[0m [2m[3mdb.operation.name[0m[2m=[0m"read"[0m
[2m2026-09-04T07:52:01.090548Z[0m [32m INFO[0m bolt RUN executed [3mevent_id[0m[2m=[0m"bolt.log.query" [3mquery[0m[2m=[0mUNWIND $rows AS row
		 MATCH (o:Order {orderID: row.orderID})
		 MATCH (p:Product {productID: row.productID})
		 CREATE (o)-[:ORDERS {quantity: row.quantity, discount: row.discount}]->(p) [3mfields[0m[2m=[0m[]
[2m2026-09-04T07:52:01.090648Z[0m [32m INFO[0m bolt message received [3mevent_id[0m[2m=[0m"bolt.log.run" [3msignature[0m[2m=[0m"0x3F"
[2m2026-09-04T07:52:01.090657Z[0m [32m INFO[0m bolt sending responses [3mevent_id[0m[2m=[0m"bolt.log.run" [3mresponse_count[0m[2m=[0m2 [3mresponse_bytes[0m[2m=[0m163 [3mtransport[0m[2m=[0m"tcp"
[2m2026-09-04T07:52:01.091035Z[0m [32m INFO[0m bolt message received [3mevent_id[0m[2m=[0m"bolt.log.run" [3msignature[0m[2m=[0m"0x10"
[2m2026-09-04T07:52:01.099411Z[0m [32m INFO[0m [1mnornicdb.bolt.run[0m:[1mnornicdb.cypher.execute[0m: query phase breakdown [3mquery_hash[0m[2m=[0m1524916313068911758 [3mphase_parse_cache_us[0m[2m=[0m2 [3mphase_compliance_us[0m[2m=[0m1 [3mphase_pattern_us[0m[2m=[0m21 [3mphase_eval_us[0m[2m=[0m61933 [3mphase_audit_us[0m[2m=[0m198 [3mphase_total_us[0m[2m=[0m62155 [2m[3mdb.system[0m[2m=[0m"neo4j"[0m [2m[3mdb.operation.name[0m[2m=[0m"read"[0m
[2m2026-09-04T07:52:01.099589Z[0m [32m INFO[0m bolt RUN executed [3mevent_id[0m[2m=[0m"bolt.log.query" [3mquery[0m[2m=[0mUNWIND $rows AS row
		 MATCH (o:Order {orderID: row.orderID})
		 MATCH (p:Product {productID: row.productID})
		 CREATE (o)-[:ORDERS {quantity: row.quantity, discount: row.discount}]->(p) [3mfields[0m[2m=[0m[]
[2m2026-09-04T07:52:01.099700Z[0m [32m INFO[0m bolt message received [3mevent_id[0m[2m=[0m"bolt.log.run" [3msignature[0m[2m=[0m"0x3F"
[2m2026-09-04T07:52:01.099713Z[0m [32m INFO[0m bolt sending responses [3mevent_id[0m[2m=[0m"bolt.log.run" [3mresponse_count[0m[2m=[0m2 [3mresponse_bytes[0m[2m=[0m163 [3mtransport[0m[2m=[0m"tcp"
[2m2026-09-04T07:52:01.100058Z[0m [32m INFO[0m bolt message received [3mevent_id[0m[2m=[0m"bolt.log.run" [3msignature[0m[2m=[0m"0x10"
[2m2026-09-04T07:52:01.124629Z[0m [32m INFO[0m [1mnornicdb.bolt.run[0m:[1mnornicdb.cypher.execute[0m: query phase breakdown [3mquery_hash[0m[2m=[0m1524916313068911758 [3mphase_parse_cache_us[0m[2m=[0m3 [3mphase_compliance_us[0m[2m=[0m1 [3mphase_pattern_us[0m[2m=[0m23 [3mphase_eval_us[0m[2m=[0m58414 [3mphase_audit_us[0m[2m=[0m172 [3mphase_total_us[0m[2m=[0m58613 [2m[3mdb.system[0m[2m=[0m"neo4j"[0m [2m[3mdb.operation.name[0m[2m=[0m"read"[0m
[2m2026-09-04T07:52:01.124815Z[0m [32m INFO[0m bolt RUN executed [3mevent_id[0m[2m=[0m"bolt.log.query" [3mquery[0m[2m=[0mUNWIND $rows AS row
		 MATCH (o:Order {orderID: row.orderID})
		 MATCH (p:Product {productID: row.productID})
		 CREATE (o)-[:ORDERS {quantity: row.quantity, discount: row.discount}]->(p) [3mfields[0m[2m=[0m[]
[2m2026-09-04T07:52:01.124914Z[0m [32m INFO[0m bolt message received [3mevent_id[0m[2m=[0m"bolt.log.run" [3msignature[0m[2m=[0m"0x3F"
[2m2026-09-04T07:52:01.124922Z[0m [32m INFO[0m bolt sending responses [3mevent_id[0m[2m=[0m"bolt.log.run" [3mresponse_count[0m[2m=[0m2 [3mresponse_bytes[0m[2m=[0m163 [3mtransport[0m[2m=[0m"tcp"
[2m2026-09-04T07:52:01.125286Z[0m [32m INFO[0m bolt message received [3mevent_id[0m[2m=[0m"bolt.log.run" [3msignature[0m[2m=[0m"0x10"
[2m2026-09-04T07:52:01.141869Z[0m [32m INFO[0m [1mnornicdb.bolt.run[0m:[1mnornicdb.cypher.execute[0m: query phase breakdown [3mquery_hash[0m[2m=[0m1524916313068911758 [3mphase_parse_cache_us[0m[2m=[0m2 [3mphase_compliance_us[0m[2m=[0m1 [3mphase_pattern_us[0m[2m=[0m20 [3mphase_eval_us[0m[2m=[0m67116 [3mphase_audit_us[0m[2m=[0m176 [3mphase_total_us[0m[2m=[0m67315 [2m[3mdb.system[0m[2m=[0m"neo4j"[0m [2m[3mdb.operation.name[0m[2m=[0m"read"[0m
[2m2026-09-04T07:52:01.142055Z[0m [32m INFO[0m bolt RUN executed [3mevent_id[0m[2m=[0m"bolt.log.query" [3mquery[0m[2m=[0mUNWIND $rows AS row
		 MATCH (o:Order {orderID: row.orderID})
		 MATCH (p:Product {productID: row.productID})
		 CREATE (o)-[:ORDERS {quantity: row.quantity, discount: row.discount}]->(p) [3mfields[0m[2m=[0m[]
[2m2026-09-04T07:52:01.142151Z[0m [32m INFO[0m bolt message received [3mevent_id[0m[2m=[0m"bolt.log.run" [3msignature[0m[2m=[0m"0x3F"
[2m2026-09-04T07:52:01.142160Z[0m [32m INFO[0m bolt sending responses [3mevent_id[0m[2m=[0m"bolt.log.run" [3mresponse_count[0m[2m=[0m2 [3mresponse_bytes[0m[2m=[0m163 [3mtransport[0m[2m=[0m"tcp"
[2m2026-09-04T07:52:01.142519Z[0m [32m INFO[0m bolt message received [3mevent_id[0m[2m=[0m"bolt.log.run" [3msignature[0m[2m=[0m"0x10"
[2m2026-09-04T07:52:01.151798Z[0m [32m INFO[0m [1mnornicdb.bolt.run[0m:[1mnornicdb.cypher.execute[0m: query phase breakdown [3mquery_hash[0m[2m=[0m1524916313068911758 [3mphase_parse_cache_us[0m[2m=[0m2 [3mphase_compliance_us[0m[2m=[0m1 [3mphase_pattern_us[0m[2m=[0m21 [3mphase_eval_us[0m[2m=[0m59927 [3mphase_audit_us[0m[2m=[0m688 [3mphase_total_us[0m[2m=[0m60639 [2m[3mdb.system[0m[2m=[0m"neo4j"[0m [2m[3mdb.operation.name[0m[2m=[0m"read"[0m
[2m2026-09-04T07:52:01.151989Z[0m [32m INFO[0m bolt RUN executed [3mevent_id[0m[2m=[0m"bolt.log.query" [3mquery[0m[2m=[0mUNWIND $rows AS row
		 MATCH (o:Order {orderID: row.orderID})
		 MATCH (p:Product {productID: row.productID})
		 CREATE (o)-[:ORDERS {quantity: row.quantity, discount: row.discount}]->(p) [3mfields[0m[2m=[0m[]
[2m2026-09-04T07:52:01.152095Z[0m [32m INFO[0m bolt message received [3mevent_id[0m[2m=[0m"bolt.log.run" [3msignature[0m[2m=[0m"0x3F"
[2m2026-09-04T07:52:01.152104Z[0m [32m INFO[0m bolt sending responses [3mevent_id[0m[2m=[0m"bolt.log.run" [3mresponse_count[0m[2m=[0m2 [3mresponse_bytes[0m[2m=[0m163 [3mtransport[0m[2m=[0m"tcp"
[2m2026-09-04T07:52:01.152426Z[0m [32m INFO[0m bolt message received [3mevent_id[0m[2m=[0m"bolt.log.run" [3msignature[0m[2m=[0m"0x10"
[2m2026-09-04T07:52:01.160787Z[0m [32m INFO[0m [1mnornicdb.bolt.run[0m:[1mnornicdb.cypher.execute[0m: query phase breakdown [3mquery_hash[0m[2m=[0m1524916313068911758 [3mphase_parse_cache_us[0m[2m=[0m2 [3mphase_compliance_us[0m[2m=[0m1 [3mphase_pattern_us[0m[2m=[0m21 [3mphase_eval_us[0m[2m=[0m60410 [3mphase_audit_us[0m[2m=[0m171 [3mphase_total_us[0m[2m=[0m60605 [2m[3mdb.system[0m[2m=[0m"neo4j"[0m [2m[3mdb.operation.name[0m[2m=[0m"read"[0m
[2m2026-09-04T07:52:01.160960Z[0m [32m INFO[0m bolt RUN executed [3mevent_id[0m[2m=[0m"bolt.log.query" [3mquery[0m[2m=[0mUNWIND $rows AS row
		 MATCH (o:Order {orderID: row.orderID})
		 MATCH (p:Product {productID: row.productID})
		 CREATE (o)-[:ORDERS {quantity: row.quantity, discount: row.discount}]->(p) [3mfields[0m[2m=[0m[]
[2m2026-09-04T07:52:01.161059Z[0m [32m INFO[0m bolt message received [3mevent_id[0m[2m=[0m"bolt.log.run" [3msignature[0m[2m=[0m"0x3F"
[2m2026-09-04T07:52:01.161067Z[0m [32m INFO[0m bolt sending responses [3mevent_id[0m[2m=[0m"bolt.log.run" [3mresponse_count[0m[2m=[0m2 [3mresponse_bytes[0m[2m=[0m163 [3mtransport[0m[2m=[0m"tcp"
[2m2026-09-04T07:52:01.161422Z[0m [32m INFO[0m bolt message received [3mevent_id[0m[2m=[0m"bolt.log.run" [3msignature[0m[2m=[0m"0x10"
[2m2026-09-04T07:52:01.183404Z[0m [32m INFO[0m [1mnornicdb.bolt.run[0m:[1mnornicdb.cypher.execute[0m: query phase breakdown [3mquery_hash[0m[2m=[0m1524916313068911758 [3mphase_parse_cache_us[0m[2m=[0m2 [3mphase_compliance_us[0m[2m=[0m1 [3mphase_pattern_us[0m[2m=[0m21 [3mphase_eval_us[0m[2m=[0m57788 [3mphase_audit_us[0m[2m=[0m175 [3mphase_total_us[0m[2m=[0m57987 [2m[3mdb.system[0m[2m=[0m"neo4j"[0m [2m[3mdb.operation.name[0m[2m=[0m"read"[0m
[2m2026-09-04T07:52:01.183593Z[0m [32m INFO[0m bolt RUN executed [3mevent_id[0m[2m=[0m"bolt.log.query" [3mquery[0m[2m=[0mUNWIND $rows AS row
		 MATCH (o:Order {orderID: row.orderID})
		 MATCH (p:Product {productID: row.productID})
		 CREATE (o)-[:ORDERS {quantity: row.quantity, discount: row.discount}]->(p) [3mfields[0m[2m=[0m[]
[2m2026-09-04T07:52:01.183693Z[0m [32m INFO[0m bolt message received [3mevent_id[0m[2m=[0m"bolt.log.run" [3msignature[0m[2m=[0m"0x3F"
[2m2026-09-04T07:52:01.183702Z[0m [32m INFO[0m bolt sending responses [3mevent_id[0m[2m=[0m"bolt.log.run" [3mresponse_count[0m[2m=[0m2 [3mresponse_bytes[0m[2m=[0m163 [3mtransport[0m[2m=[0m"tcp"
[2m2026-09-04T07:52:01.184078Z[0m [32m INFO[0m bolt message received [3mevent_id[0m[2m=[0m"bolt.log.run" [3msignature[0m[2m=[0m"0x10"
[2m2026-09-04T07:52:01.202347Z[0m [32m INFO[0m [1mnornicdb.bolt.run[0m:[1mnornicdb.cypher.execute[0m: query phase breakdown [3mquery_hash[0m[2m=[0m1524916313068911758 [3mphase_parse_cache_us[0m[2m=[0m3 [3mphase_compliance_us[0m[2m=[0m1 [3mphase_pattern_us[0m[2m=[0m23 [3mphase_eval_us[0m[2m=[0m59390 [3mphase_audit_us[0m[2m=[0m231 [3mphase_total_us[0m[2m=[0m59648 [2m[3mdb.system[0m[2m=[0m"neo4j"[0m [2m[3mdb.operation.name[0m[2m=[0m"read"[0m
[2m2026-09-04T07:52:01.202577Z[0m [32m INFO[0m bolt RUN executed [3mevent_id[0m[2m=[0m"bolt.log.query" [3mquery[0m[2m=[0mUNWIND $rows AS row
		 MATCH (o:Order {orderID: row.orderID})
		 MATCH (p:Product {productID: row.productID})
		 CREATE (o)-[:ORDERS {quantity: row.quantity, discount: row.discount}]->(p) [3mfields[0m[2m=[0m[]
[2m2026-09-04T07:52:01.202696Z[0m [32m INFO[0m bolt message received [3mevent_id[0m[2m=[0m"bolt.log.run" [3msignature[0m[2m=[0m"0x3F"
[2m2026-09-04T07:52:01.202707Z[0m [32m INFO[0m bolt sending responses [3mevent_id[0m[2m=[0m"bolt.log.run" [3mresponse_count[0m[2m=[0m2 [3mresponse_bytes[0m[2m=[0m163 [3mtransport[0m[2m=[0m"tcp"
[2m2026-09-04T07:52:01.203031Z[0m [32m INFO[0m bolt message received [3mevent_id[0m[2m=[0m"bolt.log.run" [3msignature[0m[2m=[0m"0x10"
[2m2026-09-04T07:52:01.211996Z[0m [32m INFO[0m [1mnornicdb.bolt.run[0m:[1mnornicdb.cypher.execute[0m: query phase breakdown [3mquery_hash[0m[2m=[0m1524916313068911758 [3mphase_parse_cache_us[0m[2m=[0m2 [3mphase_compliance_us[0m[2m=[0m1 [3mphase_pattern_us[0m[2m=[0m21 [3mphase_eval_us[0m[2m=[0m59245 [3mphase_audit_us[0m[2m=[0m173 [3mphase_total_us[0m[2m=[0m59442 [2m[3mdb.system[0m[2m=[0m"neo4j"[0m [2m[3mdb.operation.name[0m[2m=[0m"read"[0m
[2m2026-09-04T07:52:01.212194Z[0m [32m INFO[0m bolt RUN executed [3mevent_id[0m[2m=[0m"bolt.log.query" [3mquery[0m[2m=[0mUNWIND $rows AS row
		 MATCH (o:Order {orderID: row.orderID})
		 MATCH (p:Product {productID: row.productID})
		 CREATE (o)-[:ORDERS {quantity: row.quantity, discount: row.discount}]->(p) [3mfields[0m[2m=[0m[]
[2m2026-09-04T07:52:01.212295Z[0m [32m INFO[0m bolt message received [3mevent_id[0m[2m=[0m"bolt.log.run" [3msignature[0m[2m=[0m"0x3F"
[2m2026-09-04T07:52:01.212304Z[0m [32m INFO[0m bolt sending responses [3mevent_id[0m[2m=[0m"bolt.log.run" [3mresponse_count[0m[2m=[0m2 [3mresponse_bytes[0m[2m=[0m163 [3mtransport[0m[2m=[0m"tcp"
[2m2026-09-04T07:52:01.212632Z[0m [32m INFO[0m bolt message received [3mevent_id[0m[2m=[0m"bolt.log.run" [3msignature[0m[2m=[0m"0x10"
[2m2026-09-04T07:52:01.221086Z[0m [32m INFO[0m [1mnornicdb.bolt.run[0m:[1mnornicdb.cypher.execute[0m: query phase breakdown [3mquery_hash[0m[2m=[0m1524916313068911758 [3mphase_parse_cache_us[0m[2m=[0m2 [3mphase_compliance_us[0m[2m=[0m1 [3mphase_pattern_us[0m[2m=[0m21 [3mphase_eval_us[0m[2m=[0m59337 [3mphase_audit_us[0m[2m=[0m162 [3mphase_total_us[0m[2m=[0m59523 [2m[3mdb.system[0m[2m=[0m"neo4j"[0m [2m[3mdb.operation.name[0m[2m=[0m"read"[0m
[2m2026-09-04T07:52:01.221276Z[0m [32m INFO[0m bolt RUN executed [3mevent_id[0m[2m=[0m"bolt.log.query" [3mquery[0m[2m=[0mUNWIND $rows AS row
		 MATCH (o:Order {orderID: row.orderID})
		 MATCH (p:Product {productID: row.productID})
		 CREATE (o)-[:ORDERS {quantity: row.quantity, discount: row.discount}]->(p) [3mfields[0m[2m=[0m[]
[2m2026-09-04T07:52:01.221382Z[0m [32m INFO[0m bolt message received [3mevent_id[0m[2m=[0m"bolt.log.run" [3msignature[0m[2m=[0m"0x3F"
[2m2026-09-04T07:52:01.221391Z[0m [32m INFO[0m bolt sending responses [3mevent_id[0m[2m=[0m"bolt.log.run" [3mresponse_count[0m[2m=[0m2 [3mresponse_bytes[0m[2m=[0m163 [3mtransport[0m[2m=[0m"tcp"
[2m2026-09-04T07:52:01.221728Z[0m [32m INFO[0m bolt message received [3mevent_id[0m[2m=[0m"bolt.log.run" [3msignature[0m[2m=[0m"0x10"
[2m2026-09-04T07:52:01.243038Z[0m [32m INFO[0m [1mnornicdb.bolt.run[0m:[1mnornicdb.cypher.execute[0m: query phase breakdown [3mquery_hash[0m[2m=[0m1524916313068911758 [3mphase_parse_cache_us[0m[2m=[0m3 [3mphase_compliance_us[0m[2m=[0m1 [3mphase_pattern_us[0m[2m=[0m23 [3mphase_eval_us[0m[2m=[0m58566 [3mphase_audit_us[0m[2m=[0m195 [3mphase_total_us[0m[2m=[0m58788 [2m[3mdb.system[0m[2m=[0m"neo4j"[0m [2m[3mdb.operation.name[0m[2m=[0m"read"[0m
[2m2026-09-04T07:52:01.243223Z[0m [32m INFO[0m bolt RUN executed [3mevent_id[0m[2m=[0m"bolt.log.query" [3mquery[0m[2m=[0mUNWIND $rows AS row
		 MATCH (o:Order {orderID: row.orderID})
		 MATCH (p:Product {productID: row.productID})
		 CREATE (o)-[:ORDERS {quantity: row.quantity, discount: row.discount}]->(p) [3mfields[0m[2m=[0m[]
[2m2026-09-04T07:52:01.243321Z[0m [32m INFO[0m bolt message received [3mevent_id[0m[2m=[0m"bolt.log.run" [3msignature[0m[2m=[0m"0x3F"
[2m2026-09-04T07:52:01.243329Z[0m [32m INFO[0m bolt sending responses [3mevent_id[0m[2m=[0m"bolt.log.run" [3mresponse_count[0m[2m=[0m2 [3mresponse_bytes[0m[2m=[0m163 [3mtransport[0m[2m=[0m"tcp"
[2m2026-09-04T07:52:01.243685Z[0m [32m INFO[0m bolt message received [3mevent_id[0m[2m=[0m"bolt.log.run" [3msignature[0m[2m=[0m"0x10"
[2m2026-09-04T07:52:01.262741Z[0m [32m INFO[0m [1mnornicdb.bolt.run[0m:[1mnornicdb.cypher.execute[0m: query phase breakdown [3mquery_hash[0m[2m=[0m1524916313068911758 [3mphase_parse_cache_us[0m[2m=[0m4 [3mphase_compliance_us[0m[2m=[0m1 [3mphase_pattern_us[0m[2m=[0m23 [3mphase_eval_us[0m[2m=[0m59345 [3mphase_audit_us[0m[2m=[0m191 [3mphase_total_us[0m[2m=[0m59564 [2m[3mdb.system[0m[2m=[0m"neo4j"[0m [2m[3mdb.operation.name[0m[2m=[0m"read"[0m
[2m2026-09-04T07:52:01.262955Z[0m [32m INFO[0m bolt RUN executed [3mevent_id[0m[2m=[0m"bolt.log.query" [3mquery[0m[2m=[0mUNWIND $rows AS row
		 MATCH (o:Order {orderID: row.orderID})
		 MATCH (p:Product {productID: row.productID})
		 CREATE (o)-[:ORDERS {quantity: row.quantity, discount: row.discount}]->(p) [3mfields[0m[2m=[0m[]
[2m2026-09-04T07:52:01.263061Z[0m [32m INFO[0m bolt message received [3mevent_id[0m[2m=[0m"bolt.log.run" [3msignature[0m[2m=[0m"0x3F"
[2m2026-09-04T07:52:01.263072Z[0m [32m INFO[0m bolt sending responses [3mevent_id[0m[2m=[0m"bolt.log.run" [3mresponse_count[0m[2m=[0m2 [3mresponse_bytes[0m[2m=[0m163 [3mtransport[0m[2m=[0m"tcp"
[2m2026-09-04T07:52:01.263438Z[0m [32m INFO[0m bolt message received [3mevent_id[0m[2m=[0m"bolt.log.run" [3msignature[0m[2m=[0m"0x10"
[2m2026-09-04T07:52:01.272127Z[0m [32m INFO[0m [1mnornicdb.bolt.run[0m:[1mnornicdb.cypher.execute[0m: query phase breakdown [3mquery_hash[0m[2m=[0m1524916313068911758 [3mphase_parse_cache_us[0m[2m=[0m2 [3mphase_compliance_us[0m[2m=[0m1 [3mphase_pattern_us[0m[2m=[0m21 [3mphase_eval_us[0m[2m=[0m58696 [3mphase_audit_us[0m[2m=[0m624 [3mphase_total_us[0m[2m=[0m59344 [2m[3mdb.system[0m[2m=[0m"neo4j"[0m [2m[3mdb.operation.name[0m[2m=[0m"read"[0m
[2m2026-09-04T07:52:01.272335Z[0m [32m INFO[0m bolt RUN executed [3mevent_id[0m[2m=[0m"bolt.log.query" [3mquery[0m[2m=[0mUNWIND $rows AS row
		 MATCH (o:Order {orderID: row.orderID})
		 MATCH (p:Product {productID: row.productID})
		 CREATE (o)-[:ORDERS {quantity: row.quantity, discount: row.discount}]->(p) [3mfields[0m[2m=[0m[]
[2m2026-09-04T07:52:01.272437Z[0m [32m INFO[0m bolt message received [3mevent_id[0m[2m=[0m"bolt.log.run" [3msignature[0m[2m=[0m"0x3F"
[2m2026-09-04T07:52:01.272446Z[0m [32m INFO[0m bolt sending responses [3mevent_id[0m[2m=[0m"bolt.log.run" [3mresponse_count[0m[2m=[0m2 [3mresponse_bytes[0m[2m=[0m163 [3mtransport[0m[2m=[0m"tcp"
[2m2026-09-04T07:52:01.272821Z[0m [32m INFO[0m bolt message received [3mevent_id[0m[2m=[0m"bolt.log.run" [3msignature[0m[2m=[0m"0x10"
[2m2026-09-04T07:52:01.281003Z[0m [32m INFO[0m [1mnornicdb.bolt.run[0m:[1mnornicdb.cypher.execute[0m: query phase breakdown [3mquery_hash[0m[2m=[0m1524916313068911758 [3mphase_parse_cache_us[0m[2m=[0m2 [3mphase_compliance_us[0m[2m=[0m1 [3mphase_pattern_us[0m[2m=[0m21 [3mphase_eval_us[0m[2m=[0m58906 [3mphase_audit_us[0m[2m=[0m190 [3mphase_total_us[0m[2m=[0m59120 [2m[3mdb.system[0m[2m=[0m"neo4j"[0m [2m[3mdb.operation.name[0m[2m=[0m"read"[0m
[2m2026-09-04T07:52:01.281193Z[0m [32m INFO[0m bolt RUN executed [3mevent_id[0m[2m=[0m"bolt.log.query" [3mquery[0m[2m=[0mUNWIND $rows AS row
		 MATCH (o:Order {orderID: row.orderID})
		 MATCH (p:Product {productID: row.productID})
		 CREATE (o)-[:ORDERS {quantity: row.quantity, discount: row.discount}]->(p) [3mfields[0m[2m=[0m[]
[2m2026-09-04T07:52:01.281296Z[0m [32m INFO[0m bolt message received [3mevent_id[0m[2m=[0m"bolt.log.run" [3msignature[0m[2m=[0m"0x3F"
[2m2026-09-04T07:52:01.281304Z[0m [32m INFO[0m bolt sending responses [3mevent_id[0m[2m=[0m"bolt.log.run" [3mresponse_count[0m[2m=[0m2 [3mresponse_bytes[0m[2m=[0m163 [3mtransport[0m[2m=[0m"tcp"
[2m2026-09-04T07:52:01.281690Z[0m [32m INFO[0m bolt message received [3mevent_id[0m[2m=[0m"bolt.log.run" [3msignature[0m[2m=[0m"0x10"
[2m2026-09-04T07:52:01.300036Z[0m [32m INFO[0m [1mnornicdb.bolt.run[0m:[1mnornicdb.cypher.execute[0m: query phase breakdown [3mquery_hash[0m[2m=[0m1524916313068911758 [3mphase_parse_cache_us[0m[2m=[0m3 [3mphase_compliance_us[0m[2m=[0m1 [3mphase_pattern_us[0m[2m=[0m23 [3mphase_eval_us[0m[2m=[0m55951 [3mphase_audit_us[0m[2m=[0m195 [3mphase_total_us[0m[2m=[0m56173 [2m[3mdb.system[0m[2m=[0m"neo4j"[0m [2m[3mdb.operation.name[0m[2m=[0m"read"[0m
[2m2026-09-04T07:52:01.300236Z[0m [32m INFO[0m bolt RUN executed [3mevent_id[0m[2m=[0m"bolt.log.query" [3mquery[0m[2m=[0mUNWIND $rows AS row
		 MATCH (o:Order {orderID: row.orderID})
		 MATCH (p:Product {productID: row.productID})
		 CREATE (o)-[:ORDERS {quantity: row.quantity, discount: row.discount}]->(p) [3mfields[0m[2m=[0m[]
[2m2026-09-04T07:52:01.300346Z[0m [32m INFO[0m bolt message received [3mevent_id[0m[2m=[0m"bolt.log.run" [3msignature[0m[2m=[0m"0x3F"
[2m2026-09-04T07:52:01.300355Z[0m [32m INFO[0m bolt sending responses [3mevent_id[0m[2m=[0m"bolt.log.run" [3mresponse_count[0m[2m=[0m2 [3mresponse_bytes[0m[2m=[0m163 [3mtransport[0m[2m=[0m"tcp"
[2m2026-09-04T07:52:01.300706Z[0m [32m INFO[0m bolt message received [3mevent_id[0m[2m=[0m"bolt.log.run" [3msignature[0m[2m=[0m"0x10"
[2m2026-09-04T07:52:01.321502Z[0m [32m INFO[0m [1mnornicdb.bolt.run[0m:[1mnornicdb.cypher.execute[0m: query phase breakdown [3mquery_hash[0m[2m=[0m1524916313068911758 [3mphase_parse_cache_us[0m[2m=[0m3 [3mphase_compliance_us[0m[2m=[0m1 [3mphase_pattern_us[0m[2m=[0m22 [3mphase_eval_us[0m[2m=[0m57723 [3mphase_audit_us[0m[2m=[0m182 [3mphase_total_us[0m[2m=[0m57931 [2m[3mdb.system[0m[2m=[0m"neo4j"[0m [2m[3mdb.operation.name[0m[2m=[0m"read"[0m
[2m2026-09-04T07:52:01.321714Z[0m [32m INFO[0m bolt RUN executed [3mevent_id[0m[2m=[0m"bolt.log.query" [3mquery[0m[2m=[0mUNWIND $rows AS row
		 MATCH (o:Order {orderID: row.orderID})
		 MATCH (p:Product {productID: row.productID})
		 CREATE (o)-[:ORDERS {quantity: row.quantity, discount: row.discount}]->(p) [3mfields[0m[2m=[0m[]
[2m2026-09-04T07:52:01.321821Z[0m [32m INFO[0m bolt message received [3mevent_id[0m[2m=[0m"bolt.log.run" [3msignature[0m[2m=[0m"0x3F"
[2m2026-09-04T07:52:01.321829Z[0m [32m INFO[0m bolt sending responses [3mevent_id[0m[2m=[0m"bolt.log.run" [3mresponse_count[0m[2m=[0m2 [3mresponse_bytes[0m[2m=[0m163 [3mtransport[0m[2m=[0m"tcp"
[2m2026-09-04T07:52:01.322203Z[0m [32m INFO[0m bolt message received [3mevent_id[0m[2m=[0m"bolt.log.run" [3msignature[0m[2m=[0m"0x10"
[2m2026-09-04T07:52:01.331385Z[0m [32m INFO[0m [1mnornicdb.bolt.run[0m:[1mnornicdb.cypher.execute[0m: query phase breakdown [3mquery_hash[0m[2m=[0m1524916313068911758 [3mphase_parse_cache_us[0m[2m=[0m2 [3mphase_compliance_us[0m[2m=[0m1 [3mphase_pattern_us[0m[2m=[0m22 [3mphase_eval_us[0m[2m=[0m57866 [3mphase_audit_us[0m[2m=[0m535 [3mphase_total_us[0m[2m=[0m58426 [2m[3mdb.system[0m[2m=[0m"neo4j"[0m [2m[3mdb.operation.name[0m[2m=[0m"read"[0m
[2m2026-09-04T07:52:01.331583Z[0m [32m INFO[0m bolt RUN executed [3mevent_id[0m[2m=[0m"bolt.log.query" [3mquery[0m[2m=[0mUNWIND $rows AS row
		 MATCH (o:Order {orderID: row.orderID})
		 MATCH (p:Product {productID: row.productID})
		 CREATE (o)-[:ORDERS {quantity: row.quantity, discount: row.discount}]->(p) [3mfields[0m[2m=[0m[]
[2m2026-09-04T07:52:01.331688Z[0m [32m INFO[0m bolt message received [3mevent_id[0m[2m=[0m"bolt.log.run" [3msignature[0m[2m=[0m"0x3F"
[2m2026-09-04T07:52:01.331696Z[0m [32m INFO[0m bolt sending responses [3mevent_id[0m[2m=[0m"bolt.log.run" [3mresponse_count[0m[2m=[0m2 [3mresponse_bytes[0m[2m=[0m163 [3mtransport[0m[2m=[0m"tcp"
[2m2026-09-04T07:52:01.332061Z[0m [32m INFO[0m bolt message received [3mevent_id[0m[2m=[0m"bolt.log.run" [3msignature[0m[2m=[0m"0x10"
[2m2026-09-04T07:52:01.340889Z[0m [32m INFO[0m [1mnornicdb.bolt.run[0m:[1mnornicdb.cypher.execute[0m: query phase breakdown [3mquery_hash[0m[2m=[0m1524916313068911758 [3mphase_parse_cache_us[0m[2m=[0m3 [3mphase_compliance_us[0m[2m=[0m1 [3mphase_pattern_us[0m[2m=[0m21 [3mphase_eval_us[0m[2m=[0m58863 [3mphase_audit_us[0m[2m=[0m176 [3mphase_total_us[0m[2m=[0m59064 [2m[3mdb.system[0m[2m=[0m"neo4j"[0m [2m[3mdb.operation.name[0m[2m=[0m"read"[0m
[2m2026-09-04T07:52:01.341146Z[0m [32m INFO[0m bolt RUN executed [3mevent_id[0m[2m=[0m"bolt.log.query" [3mquery[0m[2m=[0mUNWIND $rows AS row
		 MATCH (o:Order {orderID: row.orderID})
		 MATCH (p:Product {productID: row.productID})
		 CREATE (o)-[:ORDERS {quantity: row.quantity, discount: row.discount}]->(p) [3mfields[0m[2m=[0m[]
[2m2026-09-04T07:52:01.341253Z[0m [32m INFO[0m bolt message received [3mevent_id[0m[2m=[0m"bolt.log.run" [3msignature[0m[2m=[0m"0x3F"
[2m2026-09-04T07:52:01.341263Z[0m [32m INFO[0m bolt sending responses [3mevent_id[0m[2m=[0m"bolt.log.run" [3mresponse_count[0m[2m=[0m2 [3mresponse_bytes[0m[2m=[0m163 [3mtransport[0m[2m=[0m"tcp"
[2m2026-09-04T07:52:01.341638Z[0m [32m INFO[0m bolt message received [3mevent_id[0m[2m=[0m"bolt.log.run" [3msignature[0m[2m=[0m"0x10"
[2m2026-09-04T07:52:01.357977Z[0m [32m INFO[0m [1mnornicdb.bolt.run[0m:[1mnornicdb.cypher.execute[0m: query phase breakdown [3mquery_hash[0m[2m=[0m1524916313068911758 [3mphase_parse_cache_us[0m[2m=[0m2 [3mphase_compliance_us[0m[2m=[0m1 [3mphase_pattern_us[0m[2m=[0m21 [3mphase_eval_us[0m[2m=[0m56903 [3mphase_audit_us[0m[2m=[0m208 [3mphase_total_us[0m[2m=[0m57135 [2m[3mdb.system[0m[2m=[0m"neo4j"[0m [2m[3mdb.operation.name[0m[2m=[0m"read"[0m
[2m2026-09-04T07:52:01.358180Z[0m [32m INFO[0m bolt RUN executed [3mevent_id[0m[2m=[0m"bolt.log.query" [3mquery[0m[2m=[0mUNWIND $rows AS row
		 MATCH (o:Order {orderID: row.orderID})
		 MATCH (p:Product {productID: row.productID})
		 CREATE (o)-[:ORDERS {quantity: row.quantity, discount: row.discount}]->(p) [3mfields[0m[2m=[0m[]
[2m2026-09-04T07:52:01.358283Z[0m [32m INFO[0m bolt message received [3mevent_id[0m[2m=[0m"bolt.log.run" [3msignature[0m[2m=[0m"0x3F"
[2m2026-09-04T07:52:01.358290Z[0m [32m INFO[0m bolt sending responses [3mevent_id[0m[2m=[0m"bolt.log.run" [3mresponse_count[0m[2m=[0m2 [3mresponse_bytes[0m[2m=[0m163 [3mtransport[0m[2m=[0m"tcp"
[2m2026-09-04T07:52:01.358654Z[0m [32m INFO[0m bolt message received [3mevent_id[0m[2m=[0m"bolt.log.run" [3msignature[0m[2m=[0m"0x10"
[2m2026-09-04T07:52:01.380460Z[0m [32m INFO[0m [1mnornicdb.bolt.run[0m:[1mnornicdb.cypher.execute[0m: query phase breakdown [3mquery_hash[0m[2m=[0m1524916313068911758 [3mphase_parse_cache_us[0m[2m=[0m2 [3mphase_compliance_us[0m[2m=[0m1 [3mphase_pattern_us[0m[2m=[0m22 [3mphase_eval_us[0m[2m=[0m57925 [3mphase_audit_us[0m[2m=[0m171 [3mphase_total_us[0m[2m=[0m58121 [2m[3mdb.system[0m[2m=[0m"neo4j"[0m [2m[3mdb.operation.name[0m[2m=[0m"read"[0m
[2m2026-09-04T07:52:01.380656Z[0m [32m INFO[0m bolt RUN executed [3mevent_id[0m[2m=[0m"bolt.log.query" [3mquery[0m[2m=[0mUNWIND $rows AS row
		 MATCH (o:Order {orderID: row.orderID})
		 MATCH (p:Product {productID: row.productID})
		 CREATE (o)-[:ORDERS {quantity: row.quantity, discount: row.discount}]->(p) [3mfields[0m[2m=[0m[]
[2m2026-09-04T07:52:01.380752Z[0m [32m INFO[0m bolt message received [3mevent_id[0m[2m=[0m"bolt.log.run" [3msignature[0m[2m=[0m"0x3F"
[2m2026-09-04T07:52:01.380760Z[0m [32m INFO[0m bolt sending responses [3mevent_id[0m[2m=[0m"bolt.log.run" [3mresponse_count[0m[2m=[0m2 [3mresponse_bytes[0m[2m=[0m163 [3mtransport[0m[2m=[0m"tcp"
[2m2026-09-04T07:52:01.381174Z[0m [32m INFO[0m bolt message received [3mevent_id[0m[2m=[0m"bolt.log.run" [3msignature[0m[2m=[0m"0x10"
[2m2026-09-04T07:52:01.397712Z[0m [32m INFO[0m [1mnornicdb.bolt.run[0m:[1mnornicdb.cypher.execute[0m: query phase breakdown [3mquery_hash[0m[2m=[0m1524916313068911758 [3mphase_parse_cache_us[0m[2m=[0m2 [3mphase_compliance_us[0m[2m=[0m1 [3mphase_pattern_us[0m[2m=[0m21 [3mphase_eval_us[0m[2m=[0m64911 [3mphase_audit_us[0m[2m=[0m598 [3mphase_total_us[0m[2m=[0m65533 [2m[3mdb.system[0m[2m=[0m"neo4j"[0m [2m[3mdb.operation.name[0m[2m=[0m"read"[0m
[2m2026-09-04T07:52:01.397971Z[0m [32m INFO[0m bolt RUN executed [3mevent_id[0m[2m=[0m"bolt.log.query" [3mquery[0m[2m=[0mUNWIND $rows AS row
		 MATCH (o:Order {orderID: row.orderID})
		 MATCH (p:Product {productID: row.productID})
		 CREATE (o)-[:ORDERS {quantity: row.quantity, discount: row.discount}]->(p) [3mfields[0m[2m=[0m[]
[2m2026-09-04T07:52:01.398109Z[0m [32m INFO[0m bolt message received [3mevent_id[0m[2m=[0m"bolt.log.run" [3msignature[0m[2m=[0m"0x3F"
[2m2026-09-04T07:52:01.398120Z[0m [32m INFO[0m bolt sending responses [3mevent_id[0m[2m=[0m"bolt.log.run" [3mresponse_count[0m[2m=[0m2 [3mresponse_bytes[0m[2m=[0m163 [3mtransport[0m[2m=[0m"tcp"
[2m2026-09-04T07:52:01.398491Z[0m [32m INFO[0m bolt message received [3mevent_id[0m[2m=[0m"bolt.log.run" [3msignature[0m[2m=[0m"0x10"
[2m2026-09-04T07:52:01.406432Z[0m [32m INFO[0m [1mnornicdb.bolt.run[0m:[1mnornicdb.cypher.execute[0m: query phase breakdown [3mquery_hash[0m[2m=[0m1524916313068911758 [3mphase_parse_cache_us[0m[2m=[0m2 [3mphase_compliance_us[0m[2m=[0m1 [3mphase_pattern_us[0m[2m=[0m20 [3mphase_eval_us[0m[2m=[0m64481 [3mphase_audit_us[0m[2m=[0m161 [3mphase_total_us[0m[2m=[0m64665 [2m[3mdb.system[0m[2m=[0m"neo4j"[0m [2m[3mdb.operation.name[0m[2m=[0m"read"[0m
[2m2026-09-04T07:52:01.406604Z[0m [32m INFO[0m bolt RUN executed [3mevent_id[0m[2m=[0m"bolt.log.query" [3mquery[0m[2m=[0mUNWIND $rows AS row
		 MATCH (o:Order {orderID: row.orderID})
		 MATCH (p:Product {productID: row.productID})
		 CREATE (o)-[:ORDERS {quantity: row.quantity, discount: row.discount}]->(p) [3mfields[0m[2m=[0m[]
[2m2026-09-04T07:52:01.406701Z[0m [32m INFO[0m bolt message received [3mevent_id[0m[2m=[0m"bolt.log.run" [3msignature[0m[2m=[0m"0x3F"
[2m2026-09-04T07:52:01.406709Z[0m [32m INFO[0m bolt sending responses [3mevent_id[0m[2m=[0m"bolt.log.run" [3mresponse_count[0m[2m=[0m2 [3mresponse_bytes[0m[2m=[0m163 [3mtransport[0m[2m=[0m"tcp"
[2m2026-09-04T07:52:01.407136Z[0m [32m INFO[0m bolt message received [3mevent_id[0m[2m=[0m"bolt.log.run" [3msignature[0m[2m=[0m"0x10"
[2m2026-09-04T07:52:01.415642Z[0m [32m INFO[0m [1mnornicdb.bolt.run[0m:[1mnornicdb.cypher.execute[0m: query phase breakdown [3mquery_hash[0m[2m=[0m1524916313068911758 [3mphase_parse_cache_us[0m[2m=[0m2 [3mphase_compliance_us[0m[2m=[0m1 [3mphase_pattern_us[0m[2m=[0m20 [3mphase_eval_us[0m[2m=[0m56649 [3mphase_audit_us[0m[2m=[0m176 [3mphase_total_us[0m[2m=[0m56848 [2m[3mdb.system[0m[2m=[0m"neo4j"[0m [2m[3mdb.operation.name[0m[2m=[0m"read"[0m
[2m2026-09-04T07:52:01.415834Z[0m [32m INFO[0m bolt RUN executed [3mevent_id[0m[2m=[0m"bolt.log.query" [3mquery[0m[2m=[0mUNWIND $rows AS row
		 MATCH (o:Order {orderID: row.orderID})
		 MATCH (p:Product {productID: row.productID})
		 CREATE (o)-[:ORDERS {quantity: row.quantity, discount: row.discount}]->(p) [3mfields[0m[2m=[0m[]
[2m2026-09-04T07:52:01.415948Z[0m [32m INFO[0m bolt message received [3mevent_id[0m[2m=[0m"bolt.log.run" [3msignature[0m[2m=[0m"0x3F"
[2m2026-09-04T07:52:01.415958Z[0m [32m INFO[0m bolt sending responses [3mevent_id[0m[2m=[0m"bolt.log.run" [3mresponse_count[0m[2m=[0m2 [3mresponse_bytes[0m[2m=[0m163 [3mtransport[0m[2m=[0m"tcp"
[2m2026-09-04T07:52:01.416313Z[0m [32m INFO[0m bolt message received [3mevent_id[0m[2m=[0m"bolt.log.run" [3msignature[0m[2m=[0m"0x10"
[2m2026-09-04T07:52:01.435970Z[0m [32m INFO[0m [1mnornicdb.bolt.run[0m:[1mnornicdb.cypher.execute[0m: query phase breakdown [3mquery_hash[0m[2m=[0m1524916313068911758 [3mphase_parse_cache_us[0m[2m=[0m3 [3mphase_compliance_us[0m[2m=[0m1 [3mphase_pattern_us[0m[2m=[0m22 [3mphase_eval_us[0m[2m=[0m54399 [3mphase_audit_us[0m[2m=[0m194 [3mphase_total_us[0m[2m=[0m54619 [2m[3mdb.system[0m[2m=[0m"neo4j"[0m [2m[3mdb.operation.name[0m[2m=[0m"read"[0m
[2m2026-09-04T07:52:01.436166Z[0m [32m INFO[0m bolt RUN executed [3mevent_id[0m[2m=[0m"bolt.log.query" [3mquery[0m[2m=[0mUNWIND $rows AS row
		 MATCH (o:Order {orderID: row.orderID})
		 MATCH (p:Product {productID: row.productID})
		 CREATE (o)-[:ORDERS {quantity: row.quantity, discount: row.discount}]->(p) [3mfields[0m[2m=[0m[]
[2m2026-09-04T07:52:01.436267Z[0m [32m INFO[0m bolt message received [3mevent_id[0m[2m=[0m"bolt.log.run" [3msignature[0m[2m=[0m"0x3F"
[2m2026-09-04T07:52:01.436276Z[0m [32m INFO[0m bolt sending responses [3mevent_id[0m[2m=[0m"bolt.log.run" [3mresponse_count[0m[2m=[0m2 [3mresponse_bytes[0m[2m=[0m163 [3mtransport[0m[2m=[0m"tcp"
[2m2026-09-04T07:52:01.436678Z[0m [32m INFO[0m bolt message received [3mevent_id[0m[2m=[0m"bolt.log.run" [3msignature[0m[2m=[0m"0x10"
[2m2026-09-04T07:52:01.456379Z[0m [32m INFO[0m [1mnornicdb.bolt.run[0m:[1mnornicdb.cypher.execute[0m: query phase breakdown [3mquery_hash[0m[2m=[0m1524916313068911758 [3mphase_parse_cache_us[0m[2m=[0m2 [3mphase_compliance_us[0m[2m=[0m1 [3mphase_pattern_us[0m[2m=[0m21 [3mphase_eval_us[0m[2m=[0m57228 [3mphase_audit_us[0m[2m=[0m501 [3mphase_total_us[0m[2m=[0m57753 [2m[3mdb.system[0m[2m=[0m"neo4j"[0m [2m[3mdb.operation.name[0m[2m=[0m"read"[0m
[2m2026-09-04T07:52:01.456576Z[0m [32m INFO[0m bolt RUN executed [3mevent_id[0m[2m=[0m"bolt.log.query" [3mquery[0m[2m=[0mUNWIND $rows AS row
		 MATCH (o:Order {orderID: row.orderID})
		 MATCH (p:Product {productID: row.productID})
		 CREATE (o)-[:ORDERS {quantity: row.quantity, discount: row.discount}]->(p) [3mfields[0m[2m=[0m[]
[2m2026-09-04T07:52:01.456680Z[0m [32m INFO[0m bolt message received [3mevent_id[0m[2m=[0m"bolt.log.run" [3msignature[0m[2m=[0m"0x3F"
[2m2026-09-04T07:52:01.456689Z[0m [32m INFO[0m bolt sending responses [3mevent_id[0m[2m=[0m"bolt.log.run" [3mresponse_count[0m[2m=[0m2 [3mresponse_bytes[0m[2m=[0m163 [3mtransport[0m[2m=[0m"tcp"
[2m2026-09-04T07:52:01.457059Z[0m [32m INFO[0m bolt message received [3mevent_id[0m[2m=[0m"bolt.log.run" [3msignature[0m[2m=[0m"0x10"
[2m2026-09-04T07:52:01.465490Z[0m [32m INFO[0m [1mnornicdb.bolt.run[0m:[1mnornicdb.cypher.execute[0m: query phase breakdown [3mquery_hash[0m[2m=[0m1524916313068911758 [3mphase_parse_cache_us[0m[2m=[0m3 [3mphase_compliance_us[0m[2m=[0m1 [3mphase_pattern_us[0m[2m=[0m21 [3mphase_eval_us[0m[2m=[0m57641 [3mphase_audit_us[0m[2m=[0m503 [3mphase_total_us[0m[2m=[0m58169 [2m[3mdb.system[0m[2m=[0m"neo4j"[0m [2m[3mdb.operation.name[0m[2m=[0m"read"[0m
[2m2026-09-04T07:52:01.465691Z[0m [32m INFO[0m bolt RUN executed [3mevent_id[0m[2m=[0m"bolt.log.query" [3mquery[0m[2m=[0mUNWIND $rows AS row
		 MATCH (o:Order {orderID: row.orderID})
		 MATCH (p:Product {productID: row.productID})
		 CREATE (o)-[:ORDERS {quantity: row.quantity, discount: row.discount}]->(p) [3mfields[0m[2m=[0m[]
[2m2026-09-04T07:52:01.465802Z[0m [32m INFO[0m bolt message received [3mevent_id[0m[2m=[0m"bolt.log.run" [3msignature[0m[2m=[0m"0x3F"
[2m2026-09-04T07:52:01.465811Z[0m [32m INFO[0m bolt sending responses [3mevent_id[0m[2m=[0m"bolt.log.run" [3mresponse_count[0m[2m=[0m2 [3mresponse_bytes[0m[2m=[0m163 [3mtransport[0m[2m=[0m"tcp"
[2m2026-09-04T07:52:01.466225Z[0m [32m INFO[0m bolt message received [3mevent_id[0m[2m=[0m"bolt.log.run" [3msignature[0m[2m=[0m"0x10"
[2m2026-09-04T07:52:01.474235Z[0m [32m INFO[0m [1mnornicdb.bolt.run[0m:[1mnornicdb.cypher.execute[0m: query phase breakdown [3mquery_hash[0m[2m=[0m1524916313068911758 [3mphase_parse_cache_us[0m[2m=[0m2 [3mphase_compliance_us[0m[2m=[0m1 [3mphase_pattern_us[0m[2m=[0m22 [3mphase_eval_us[0m[2m=[0m57603 [3mphase_audit_us[0m[2m=[0m156 [3mphase_total_us[0m[2m=[0m57784 [2m[3mdb.system[0m[2m=[0m"neo4j"[0m [2m[3mdb.operation.name[0m[2m=[0m"read"[0m
[2m2026-09-04T07:52:01.474419Z[0m [32m INFO[0m bolt RUN executed [3mevent_id[0m[2m=[0m"bolt.log.query" [3mquery[0m[2m=[0mUNWIND $rows AS row
		 MATCH (o:Order {orderID: row.orderID})
		 MATCH (p:Product {productID: row.productID})
		 CREATE (o)-[:ORDERS {quantity: row.quantity, discount: row.discount}]->(p) [3mfields[0m[2m=[0m[]
[2m2026-09-04T07:52:01.474517Z[0m [32m INFO[0m bolt message received [3mevent_id[0m[2m=[0m"bolt.log.run" [3msignature[0m[2m=[0m"0x3F"
[2m2026-09-04T07:52:01.474525Z[0m [32m INFO[0m bolt sending responses [3mevent_id[0m[2m=[0m"bolt.log.run" [3mresponse_count[0m[2m=[0m2 [3mresponse_bytes[0m[2m=[0m163 [3mtransport[0m[2m=[0m"tcp"
[2m2026-09-04T07:52:01.474936Z[0m [32m INFO[0m bolt message received [3mevent_id[0m[2m=[0m"bolt.log.run" [3msignature[0m[2m=[0m"0x10"
[2m2026-09-04T07:52:01.494947Z[0m [32m INFO[0m [1mnornicdb.bolt.run[0m:[1mnornicdb.cypher.execute[0m: query phase breakdown [3mquery_hash[0m[2m=[0m1524916313068911758 [3mphase_parse_cache_us[0m[2m=[0m3 [3mphase_compliance_us[0m[2m=[0m1 [3mphase_pattern_us[0m[2m=[0m26 [3mphase_eval_us[0m[2m=[0m57864 [3mphase_audit_us[0m[2m=[0m206 [3mphase_total_us[0m[2m=[0m58100 [2m[3mdb.system[0m[2m=[0m"neo4j"[0m [2m[3mdb.operation.name[0m[2m=[0m"read"[0m
[2m2026-09-04T07:52:01.495221Z[0m [32m INFO[0m bolt RUN executed [3mevent_id[0m[2m=[0m"bolt.log.query" [3mquery[0m[2m=[0mUNWIND $rows AS row
		 MATCH (o:Order {orderID: row.orderID})
		 MATCH (p:Product {productID: row.productID})
		 CREATE (o)-[:ORDERS {quantity: row.quantity, discount: row.discount}]->(p) [3mfields[0m[2m=[0m[]
[2m2026-09-04T07:52:01.495327Z[0m [32m INFO[0m bolt message received [3mevent_id[0m[2m=[0m"bolt.log.run" [3msignature[0m[2m=[0m"0x3F"
[2m2026-09-04T07:52:01.495337Z[0m [32m INFO[0m bolt sending responses [3mevent_id[0m[2m=[0m"bolt.log.run" [3mresponse_count[0m[2m=[0m2 [3mresponse_bytes[0m[2m=[0m163 [3mtransport[0m[2m=[0m"tcp"
[2m2026-09-04T07:52:01.495729Z[0m [32m INFO[0m bolt message received [3mevent_id[0m[2m=[0m"bolt.log.run" [3msignature[0m[2m=[0m"0x10"
[2m2026-09-04T07:52:01.518051Z[0m [32m INFO[0m [1mnornicdb.bolt.run[0m:[1mnornicdb.cypher.execute[0m: query phase breakdown [3mquery_hash[0m[2m=[0m1524916313068911758 [3mphase_parse_cache_us[0m[2m=[0m2 [3mphase_compliance_us[0m[2m=[0m1 [3mphase_pattern_us[0m[2m=[0m23 [3mphase_eval_us[0m[2m=[0m60310 [3mphase_audit_us[0m[2m=[0m530 [3mphase_total_us[0m[2m=[0m60866 [2m[3mdb.system[0m[2m=[0m"neo4j"[0m [2m[3mdb.operation.name[0m[2m=[0m"read"[0m
[2m2026-09-04T07:52:01.518241Z[0m [32m INFO[0m bolt RUN executed [3mevent_id[0m[2m=[0m"bolt.log.query" [3mquery[0m[2m=[0mUNWIND $rows AS row
		 MATCH (o:Order {orderID: row.orderID})
		 MATCH (p:Product {productID: row.productID})
		 CREATE (o)-[:ORDERS {quantity: row.quantity, discount: row.discount}]->(p) [3mfields[0m[2m=[0m[]
[2m2026-09-04T07:52:01.518339Z[0m [32m INFO[0m bolt message received [3mevent_id[0m[2m=[0m"bolt.log.run" [3msignature[0m[2m=[0m"0x3F"
[2m2026-09-04T07:52:01.518346Z[0m [32m INFO[0m bolt sending responses [3mevent_id[0m[2m=[0m"bolt.log.run" [3mresponse_count[0m[2m=[0m2 [3mresponse_bytes[0m[2m=[0m163 [3mtransport[0m[2m=[0m"tcp"
[2m2026-09-04T07:52:01.518731Z[0m [32m INFO[0m bolt message received [3mevent_id[0m[2m=[0m"bolt.log.run" [3msignature[0m[2m=[0m"0x10"
[2m2026-09-04T07:52:01.527219Z[0m [32m INFO[0m [1mnornicdb.bolt.run[0m:[1mnornicdb.cypher.execute[0m: query phase breakdown [3mquery_hash[0m[2m=[0m1524916313068911758 [3mphase_parse_cache_us[0m[2m=[0m2 [3mphase_compliance_us[0m[2m=[0m0 [3mphase_pattern_us[0m[2m=[0m21 [3mphase_eval_us[0m[2m=[0m60634 [3mphase_audit_us[0m[2m=[0m188 [3mphase_total_us[0m[2m=[0m60845 [2m[3mdb.system[0m[2m=[0m"neo4j"[0m [2m[3mdb.operation.name[0m[2m=[0m"read"[0m
[2m2026-09-04T07:52:01.527402Z[0m [32m INFO[0m bolt RUN executed [3mevent_id[0m[2m=[0m"bolt.log.query" [3mquery[0m[2m=[0mUNWIND $rows AS row
		 MATCH (o:Order {orderID: row.orderID})
		 MATCH (p:Product {productID: row.productID})
		 CREATE (o)-[:ORDERS {quantity: row.quantity, discount: row.discount}]->(p) [3mfields[0m[2m=[0m[]
[2m2026-09-04T07:52:01.527509Z[0m [32m INFO[0m bolt message received [3mevent_id[0m[2m=[0m"bolt.log.run" [3msignature[0m[2m=[0m"0x3F"
[2m2026-09-04T07:52:01.527518Z[0m [32m INFO[0m bolt sending responses [3mevent_id[0m[2m=[0m"bolt.log.run" [3mresponse_count[0m[2m=[0m2 [3mresponse_bytes[0m[2m=[0m163 [3mtransport[0m[2m=[0m"tcp"
[2m2026-09-04T07:52:01.527922Z[0m [32m INFO[0m bolt message received [3mevent_id[0m[2m=[0m"bolt.log.run" [3msignature[0m[2m=[0m"0x10"
[2m2026-09-04T07:52:01.536642Z[0m [32m INFO[0m [1mnornicdb.bolt.run[0m:[1mnornicdb.cypher.execute[0m: query phase breakdown [3mquery_hash[0m[2m=[0m1524916313068911758 [3mphase_parse_cache_us[0m[2m=[0m3 [3mphase_compliance_us[0m[2m=[0m1 [3mphase_pattern_us[0m[2m=[0m22 [3mphase_eval_us[0m[2m=[0m61324 [3mphase_audit_us[0m[2m=[0m192 [3mphase_total_us[0m[2m=[0m61542 [2m[3mdb.system[0m[2m=[0m"neo4j"[0m [2m[3mdb.operation.name[0m[2m=[0m"read"[0m
[2m2026-09-04T07:52:01.536832Z[0m [32m INFO[0m bolt RUN executed [3mevent_id[0m[2m=[0m"bolt.log.query" [3mquery[0m[2m=[0mUNWIND $rows AS row
		 MATCH (o:Order {orderID: row.orderID})
		 MATCH (p:Product {productID: row.productID})
		 CREATE (o)-[:ORDERS {quantity: row.quantity, discount: row.discount}]->(p) [3mfields[0m[2m=[0m[]
[2m2026-09-04T07:52:01.536931Z[0m [32m INFO[0m bolt message received [3mevent_id[0m[2m=[0m"bolt.log.run" [3msignature[0m[2m=[0m"0x3F"
[2m2026-09-04T07:52:01.536938Z[0m [32m INFO[0m bolt sending responses [3mevent_id[0m[2m=[0m"bolt.log.run" [3mresponse_count[0m[2m=[0m2 [3mresponse_bytes[0m[2m=[0m163 [3mtransport[0m[2m=[0m"tcp"
[2m2026-09-04T07:52:01.537345Z[0m [32m INFO[0m bolt message received [3mevent_id[0m[2m=[0m"bolt.log.run" [3msignature[0m[2m=[0m"0x10"
[2m2026-09-04T07:52:01.553266Z[0m [32m INFO[0m [1mnornicdb.bolt.run[0m:[1mnornicdb.cypher.execute[0m: query phase breakdown [3mquery_hash[0m[2m=[0m1524916313068911758 [3mphase_parse_cache_us[0m[2m=[0m3 [3mphase_compliance_us[0m[2m=[0m1 [3mphase_pattern_us[0m[2m=[0m22 [3mphase_eval_us[0m[2m=[0m57175 [3mphase_audit_us[0m[2m=[0m199 [3mphase_total_us[0m[2m=[0m57400 [2m[3mdb.system[0m[2m=[0m"neo4j"[0m [2m[3mdb.operation.name[0m[2m=[0m"read"[0m
[2m2026-09-04T07:52:01.553455Z[0m [32m INFO[0m bolt RUN executed [3mevent_id[0m[2m=[0m"bolt.log.query" [3mquery[0m[2m=[0mUNWIND $rows AS row
		 MATCH (o:Order {orderID: row.orderID})
		 MATCH (p:Product {productID: row.productID})
		 CREATE (o)-[:ORDERS {quantity: row.quantity, discount: row.discount}]->(p) [3mfields[0m[2m=[0m[]
[2m2026-09-04T07:52:01.553552Z[0m [32m INFO[0m bolt message received [3mevent_id[0m[2m=[0m"bolt.log.run" [3msignature[0m[2m=[0m"0x3F"
[2m2026-09-04T07:52:01.553560Z[0m [32m INFO[0m bolt sending responses [3mevent_id[0m[2m=[0m"bolt.log.run" [3mresponse_count[0m[2m=[0m2 [3mresponse_bytes[0m[2m=[0m163 [3mtransport[0m[2m=[0m"tcp"
[2m2026-09-04T07:52:01.553947Z[0m [32m INFO[0m bolt message received [3mevent_id[0m[2m=[0m"bolt.log.run" [3msignature[0m[2m=[0m"0x10"
[2m2026-09-04T07:52:01.578140Z[0m [32m INFO[0m [1mnornicdb.bolt.run[0m:[1mnornicdb.cypher.execute[0m: query phase breakdown [3mquery_hash[0m[2m=[0m1524916313068911758 [3mphase_parse_cache_us[0m[2m=[0m2 [3mphase_compliance_us[0m[2m=[0m1 [3mphase_pattern_us[0m[2m=[0m21 [3mphase_eval_us[0m[2m=[0m59074 [3mphase_audit_us[0m[2m=[0m183 [3mphase_total_us[0m[2m=[0m59281 [2m[3mdb.system[0m[2m=[0m"neo4j"[0m [2m[3mdb.operation.name[0m[2m=[0m"read"[0m
[2m2026-09-04T07:52:01.578322Z[0m [32m INFO[0m bolt RUN executed [3mevent_id[0m[2m=[0m"bolt.log.query" [3mquery[0m[2m=[0mUNWIND $rows AS row
		 MATCH (o:Order {orderID: row.orderID})
		 MATCH (p:Product {productID: row.productID})
		 CREATE (o)-[:ORDERS {quantity: row.quantity, discount: row.discount}]->(p) [3mfields[0m[2m=[0m[]
[2m2026-09-04T07:52:01.578420Z[0m [32m INFO[0m bolt message received [3mevent_id[0m[2m=[0m"bolt.log.run" [3msignature[0m[2m=[0m"0x3F"
[2m2026-09-04T07:52:01.578429Z[0m [32m INFO[0m bolt sending responses [3mevent_id[0m[2m=[0m"bolt.log.run" [3mresponse_count[0m[2m=[0m2 [3mresponse_bytes[0m[2m=[0m163 [3mtransport[0m[2m=[0m"tcp"
[2m2026-09-04T07:52:01.578799Z[0m [32m INFO[0m bolt message received [3mevent_id[0m[2m=[0m"bolt.log.run" [3msignature[0m[2m=[0m"0x10"
[2m2026-09-04T07:52:01.587777Z[0m [32m INFO[0m [1mnornicdb.bolt.run[0m:[1mnornicdb.cypher.execute[0m: query phase breakdown [3mquery_hash[0m[2m=[0m1524916313068911758 [3mphase_parse_cache_us[0m[2m=[0m3 [3mphase_compliance_us[0m[2m=[0m1 [3mphase_pattern_us[0m[2m=[0m22 [3mphase_eval_us[0m[2m=[0m59518 [3mphase_audit_us[0m[2m=[0m174 [3mphase_total_us[0m[2m=[0m59718 [2m[3mdb.system[0m[2m=[0m"neo4j"[0m [2m[3mdb.operation.name[0m[2m=[0m"read"[0m
[2m2026-09-04T07:52:01.587965Z[0m [32m INFO[0m bolt RUN executed [3mevent_id[0m[2m=[0m"bolt.log.query" [3mquery[0m[2m=[0mUNWIND $rows AS row
		 MATCH (o:Order {orderID: row.orderID})
		 MATCH (p:Product {productID: row.productID})
		 CREATE (o)-[:ORDERS {quantity: row.quantity, discount: row.discount}]->(p) [3mfields[0m[2m=[0m[]
[2m2026-09-04T07:52:01.588069Z[0m [32m INFO[0m bolt message received [3mevent_id[0m[2m=[0m"bolt.log.run" [3msignature[0m[2m=[0m"0x3F"
[2m2026-09-04T07:52:01.588079Z[0m [32m INFO[0m bolt sending responses [3mevent_id[0m[2m=[0m"bolt.log.run" [3mresponse_count[0m[2m=[0m2 [3mresponse_bytes[0m[2m=[0m163 [3mtransport[0m[2m=[0m"tcp"
[2m2026-09-04T07:52:01.588474Z[0m [32m INFO[0m bolt message received [3mevent_id[0m[2m=[0m"bolt.log.run" [3msignature[0m[2m=[0m"0x10"
[2m2026-09-04T07:52:01.597627Z[0m [32m INFO[0m [1mnornicdb.bolt.run[0m:[1mnornicdb.cypher.execute[0m: query phase breakdown [3mquery_hash[0m[2m=[0m1524916313068911758 [3mphase_parse_cache_us[0m[2m=[0m2 [3mphase_compliance_us[0m[2m=[0m1 [3mphase_pattern_us[0m[2m=[0m20 [3mphase_eval_us[0m[2m=[0m59951 [3mphase_audit_us[0m[2m=[0m174 [3mphase_total_us[0m[2m=[0m60148 [2m[3mdb.system[0m[2m=[0m"neo4j"[0m [2m[3mdb.operation.name[0m[2m=[0m"read"[0m
[2m2026-09-04T07:52:01.597808Z[0m [32m INFO[0m bolt RUN executed [3mevent_id[0m[2m=[0m"bolt.log.query" [3mquery[0m[2m=[0mUNWIND $rows AS row
		 MATCH (o:Order {orderID: row.orderID})
		 MATCH (p:Product {productID: row.productID})
		 CREATE (o)-[:ORDERS {quantity: row.quantity, discount: row.discount}]->(p) [3mfields[0m[2m=[0m[]
[2m2026-09-04T07:52:01.597896Z[0m [32m INFO[0m bolt message received [3mevent_id[0m[2m=[0m"bolt.log.run" [3msignature[0m[2m=[0m"0x3F"
[2m2026-09-04T07:52:01.597905Z[0m [32m INFO[0m bolt sending responses [3mevent_id[0m[2m=[0m"bolt.log.run" [3mresponse_count[0m[2m=[0m2 [3mresponse_bytes[0m[2m=[0m163 [3mtransport[0m[2m=[0m"tcp"
[2m2026-09-04T07:52:01.598286Z[0m [32m INFO[0m bolt message received [3mevent_id[0m[2m=[0m"bolt.log.run" [3msignature[0m[2m=[0m"0x10"
[2m2026-09-04T07:52:01.611813Z[0m [32m INFO[0m [1mnornicdb.bolt.run[0m:[1mnornicdb.cypher.execute[0m: query phase breakdown [3mquery_hash[0m[2m=[0m1524916313068911758 [3mphase_parse_cache_us[0m[2m=[0m2 [3mphase_compliance_us[0m[2m=[0m1 [3mphase_pattern_us[0m[2m=[0m21 [3mphase_eval_us[0m[2m=[0m57509 [3mphase_audit_us[0m[2m=[0m198 [3mphase_total_us[0m[2m=[0m57731 [2m[3mdb.system[0m[2m=[0m"neo4j"[0m [2m[3mdb.operation.name[0m[2m=[0m"read"[0m
[2m2026-09-04T07:52:01.612000Z[0m [32m INFO[0m bolt RUN executed [3mevent_id[0m[2m=[0m"bolt.log.query" [3mquery[0m[2m=[0mUNWIND $rows AS row
		 MATCH (o:Order {orderID: row.orderID})
		 MATCH (p:Product {productID: row.productID})
		 CREATE (o)-[:ORDERS {quantity: row.quantity, discount: row.discount}]->(p) [3mfields[0m[2m=[0m[]
[2m2026-09-04T07:52:01.612111Z[0m [32m INFO[0m bolt message received [3mevent_id[0m[2m=[0m"bolt.log.run" [3msignature[0m[2m=[0m"0x3F"
[2m2026-09-04T07:52:01.612119Z[0m [32m INFO[0m bolt sending responses [3mevent_id[0m[2m=[0m"bolt.log.run" [3mresponse_count[0m[2m=[0m2 [3mresponse_bytes[0m[2m=[0m163 [3mtransport[0m[2m=[0m"tcp"
[2m2026-09-04T07:52:01.612487Z[0m [32m INFO[0m bolt message received [3mevent_id[0m[2m=[0m"bolt.log.run" [3msignature[0m[2m=[0m"0x10"
[2m2026-09-04T07:52:01.638174Z[0m [32m INFO[0m [1mnornicdb.bolt.run[0m:[1mnornicdb.cypher.execute[0m: query phase breakdown [3mquery_hash[0m[2m=[0m1524916313068911758 [3mphase_parse_cache_us[0m[2m=[0m2 [3mphase_compliance_us[0m[2m=[0m1 [3mphase_pattern_us[0m[2m=[0m20 [3mphase_eval_us[0m[2m=[0m59038 [3mphase_audit_us[0m[2m=[0m180 [3mphase_total_us[0m[2m=[0m59241 [2m[3mdb.system[0m[2m=[0m"neo4j"[0m [2m[3mdb.operation.name[0m[2m=[0m"read"[0m
[2m2026-09-04T07:52:01.638362Z[0m [32m INFO[0m bolt RUN executed [3mevent_id[0m[2m=[0m"bolt.log.query" [3mquery[0m[2m=[0mUNWIND $rows AS row
		 MATCH (o:Order {orderID: row.orderID})
		 MATCH (p:Product {productID: row.productID})
		 CREATE (o)-[:ORDERS {quantity: row.quantity, discount: row.discount}]->(p) [3mfields[0m[2m=[0m[]
[2m2026-09-04T07:52:01.638462Z[0m [32m INFO[0m bolt message received [3mevent_id[0m[2m=[0m"bolt.log.run" [3msignature[0m[2m=[0m"0x3F"
[2m2026-09-04T07:52:01.638472Z[0m [32m INFO[0m bolt sending responses [3mevent_id[0m[2m=[0m"bolt.log.run" [3mresponse_count[0m[2m=[0m2 [3mresponse_bytes[0m[2m=[0m163 [3mtransport[0m[2m=[0m"tcp"
[2m2026-09-04T07:52:01.638890Z[0m [32m INFO[0m bolt message received [3mevent_id[0m[2m=[0m"bolt.log.run" [3msignature[0m[2m=[0m"0x10"
[2m2026-09-04T07:52:01.656391Z[0m [32m INFO[0m [1mnornicdb.bolt.run[0m:[1mnornicdb.cypher.execute[0m: query phase breakdown [3mquery_hash[0m[2m=[0m1524916313068911758 [3mphase_parse_cache_us[0m[2m=[0m2 [3mphase_compliance_us[0m[2m=[0m1 [3mphase_pattern_us[0m[2m=[0m26 [3mphase_eval_us[0m[2m=[0m67406 [3mphase_audit_us[0m[2m=[0m351 [3mphase_total_us[0m[2m=[0m67786 [2m[3mdb.system[0m[2m=[0m"neo4j"[0m [2m[3mdb.operation.name[0m[2m=[0m"read"[0m
[2m2026-09-04T07:52:01.656591Z[0m [32m INFO[0m bolt RUN executed [3mevent_id[0m[2m=[0m"bolt.log.query" [3mquery[0m[2m=[0mUNWIND $rows AS row
		 MATCH (o:Order {orderID: row.orderID})
		 MATCH (p:Product {productID: row.productID})
		 CREATE (o)-[:ORDERS {quantity: row.quantity, discount: row.discount}]->(p) [3mfields[0m[2m=[0m[]
[2m2026-09-04T07:52:01.656703Z[0m [32m INFO[0m bolt message received [3mevent_id[0m[2m=[0m"bolt.log.run" [3msignature[0m[2m=[0m"0x3F"
[2m2026-09-04T07:52:01.656713Z[0m [32m INFO[0m bolt sending responses [3mevent_id[0m[2m=[0m"bolt.log.run" [3mresponse_count[0m[2m=[0m2 [3mresponse_bytes[0m[2m=[0m163 [3mtransport[0m[2m=[0m"tcp"
[2m2026-09-04T07:52:01.657094Z[0m [32m INFO[0m bolt message received [3mevent_id[0m[2m=[0m"bolt.log.run" [3msignature[0m[2m=[0m"0x10"
[2m2026-09-04T07:52:01.665569Z[0m [32m INFO[0m [1mnornicdb.bolt.run[0m:[1mnornicdb.cypher.execute[0m: query phase breakdown [3mquery_hash[0m[2m=[0m1524916313068911758 [3mphase_parse_cache_us[0m[2m=[0m2 [3mphase_compliance_us[0m[2m=[0m1 [3mphase_pattern_us[0m[2m=[0m20 [3mphase_eval_us[0m[2m=[0m66551 [3mphase_audit_us[0m[2m=[0m541 [3mphase_total_us[0m[2m=[0m67115 [2m[3mdb.system[0m[2m=[0m"neo4j"[0m [2m[3mdb.operation.name[0m[2m=[0m"read"[0m
[2m2026-09-04T07:52:01.665773Z[0m [32m INFO[0m bolt RUN executed [3mevent_id[0m[2m=[0m"bolt.log.query" [3mquery[0m[2m=[0mUNWIND $rows AS row
		 MATCH (o:Order {orderID: row.orderID})
		 MATCH (p:Product {productID: row.productID})
		 CREATE (o)-[:ORDERS {quantity: row.quantity, discount: row.discount}]->(p) [3mfields[0m[2m=[0m[]
[2m2026-09-04T07:52:01.665866Z[0m [32m INFO[0m bolt message received [3mevent_id[0m[2m=[0m"bolt.log.run" [3msignature[0m[2m=[0m"0x3F"
[2m2026-09-04T07:52:01.665877Z[0m [32m INFO[0m bolt sending responses [3mevent_id[0m[2m=[0m"bolt.log.run" [3mresponse_count[0m[2m=[0m2 [3mresponse_bytes[0m[2m=[0m163 [3mtransport[0m[2m=[0m"tcp"
[2m2026-09-04T07:52:01.666238Z[0m [32m INFO[0m bolt message received [3mevent_id[0m[2m=[0m"bolt.log.run" [3msignature[0m[2m=[0m"0x10"
[2m2026-09-04T07:52:01.675460Z[0m [32m INFO[0m [1mnornicdb.bolt.run[0m:[1mnornicdb.cypher.execute[0m: query phase breakdown [3mquery_hash[0m[2m=[0m1524916313068911758 [3mphase_parse_cache_us[0m[2m=[0m2 [3mphase_compliance_us[0m[2m=[0m1 [3mphase_pattern_us[0m[2m=[0m20 [3mphase_eval_us[0m[2m=[0m62633 [3mphase_audit_us[0m[2m=[0m174 [3mphase_total_us[0m[2m=[0m62830 [2m[3mdb.system[0m[2m=[0m"neo4j"[0m [2m[3mdb.operation.name[0m[2m=[0m"read"[0m
[2m2026-09-04T07:52:01.675663Z[0m [32m INFO[0m bolt RUN executed [3mevent_id[0m[2m=[0m"bolt.log.query" [3mquery[0m[2m=[0mUNWIND $rows AS row
		 MATCH (o:Order {orderID: row.orderID})
		 MATCH (p:Product {productID: row.productID})
		 CREATE (o)-[:ORDERS {quantity: row.quantity, discount: row.discount}]->(p) [3mfields[0m[2m=[0m[]
[2m2026-09-04T07:52:01.675763Z[0m [32m INFO[0m bolt message received [3mevent_id[0m[2m=[0m"bolt.log.run" [3msignature[0m[2m=[0m"0x3F"
[2m2026-09-04T07:52:01.675772Z[0m [32m INFO[0m bolt sending responses [3mevent_id[0m[2m=[0m"bolt.log.run" [3mresponse_count[0m[2m=[0m2 [3mresponse_bytes[0m[2m=[0m163 [3mtransport[0m[2m=[0m"tcp"
[2m2026-09-04T07:52:01.676131Z[0m [32m INFO[0m bolt message received [3mevent_id[0m[2m=[0m"bolt.log.run" [3msignature[0m[2m=[0m"0x10"
[2m2026-09-04T07:52:01.695156Z[0m [32m INFO[0m [1mnornicdb.bolt.run[0m:[1mnornicdb.cypher.execute[0m: query phase breakdown [3mquery_hash[0m[2m=[0m1524916313068911758 [3mphase_parse_cache_us[0m[2m=[0m2 [3mphase_compliance_us[0m[2m=[0m1 [3mphase_pattern_us[0m[2m=[0m22 [3mphase_eval_us[0m[2m=[0m55955 [3mphase_audit_us[0m[2m=[0m162 [3mphase_total_us[0m[2m=[0m56142 [2m[3mdb.system[0m[2m=[0m"neo4j"[0m [2m[3mdb.operation.name[0m[2m=[0m"read"[0m
[2m2026-09-04T07:52:01.695335Z[0m [32m INFO[0m bolt RUN executed [3mevent_id[0m[2m=[0m"bolt.log.query" [3mquery[0m[2m=[0mUNWIND $rows AS row
		 MATCH (o:Order {orderID: row.orderID})
		 MATCH (p:Product {productID: row.productID})
		 CREATE (o)-[:ORDERS {quantity: row.quantity, discount: row.discount}]->(p) [3mfields[0m[2m=[0m[]
[2m2026-09-04T07:52:01.695428Z[0m [32m INFO[0m bolt message received [3mevent_id[0m[2m=[0m"bolt.log.run" [3msignature[0m[2m=[0m"0x3F"
[2m2026-09-04T07:52:01.695436Z[0m [32m INFO[0m bolt sending responses [3mevent_id[0m[2m=[0m"bolt.log.run" [3mresponse_count[0m[2m=[0m2 [3mresponse_bytes[0m[2m=[0m163 [3mtransport[0m[2m=[0m"tcp"
[2m2026-09-04T07:52:01.695863Z[0m [32m INFO[0m bolt message received [3mevent_id[0m[2m=[0m"bolt.log.run" [3msignature[0m[2m=[0m"0x10"
[2m2026-09-04T07:52:01.715291Z[0m [32m INFO[0m [1mnornicdb.bolt.run[0m:[1mnornicdb.cypher.execute[0m: query phase breakdown [3mquery_hash[0m[2m=[0m1524916313068911758 [3mphase_parse_cache_us[0m[2m=[0m3 [3mphase_compliance_us[0m[2m=[0m1 [3mphase_pattern_us[0m[2m=[0m22 [3mphase_eval_us[0m[2m=[0m57829 [3mphase_audit_us[0m[2m=[0m201 [3mphase_total_us[0m[2m=[0m58056 [2m[3mdb.system[0m[2m=[0m"neo4j"[0m [2m[3mdb.operation.name[0m[2m=[0m"read"[0m
[2m2026-09-04T07:52:01.715490Z[0m [32m INFO[0m bolt RUN executed [3mevent_id[0m[2m=[0m"bolt.log.query" [3mquery[0m[2m=[0mUNWIND $rows AS row
		 MATCH (o:Order {orderID: row.orderID})
		 MATCH (p:Product {productID: row.productID})
		 CREATE (o)-[:ORDERS {quantity: row.quantity, discount: row.discount}]->(p) [3mfields[0m[2m=[0m[]
[2m2026-09-04T07:52:01.715600Z[0m [32m INFO[0m bolt message received [3mevent_id[0m[2m=[0m"bolt.log.run" [3msignature[0m[2m=[0m"0x3F"
[2m2026-09-04T07:52:01.715610Z[0m [32m INFO[0m bolt sending responses [3mevent_id[0m[2m=[0m"bolt.log.run" [3mresponse_count[0m[2m=[0m2 [3mresponse_bytes[0m[2m=[0m163 [3mtransport[0m[2m=[0m"tcp"
[2m2026-09-04T07:52:01.715996Z[0m [32m INFO[0m bolt message received [3mevent_id[0m[2m=[0m"bolt.log.run" [3msignature[0m[2m=[0m"0x10"
[2m2026-09-04T07:52:01.725727Z[0m [32m INFO[0m [1mnornicdb.bolt.run[0m:[1mnornicdb.cypher.execute[0m: query phase breakdown [3mquery_hash[0m[2m=[0m1524916313068911758 [3mphase_parse_cache_us[0m[2m=[0m2 [3mphase_compliance_us[0m[2m=[0m1 [3mphase_pattern_us[0m[2m=[0m21 [3mphase_eval_us[0m[2m=[0m59142 [3mphase_audit_us[0m[2m=[0m185 [3mphase_total_us[0m[2m=[0m59351 [2m[3mdb.system[0m[2m=[0m"neo4j"[0m [2m[3mdb.operation.name[0m[2m=[0m"read"[0m
[2m2026-09-04T07:52:01.725933Z[0m [32m INFO[0m bolt RUN executed [3mevent_id[0m[2m=[0m"bolt.log.query" [3mquery[0m[2m=[0mUNWIND $rows AS row
		 MATCH (o:Order {orderID: row.orderID})
		 MATCH (p:Product {productID: row.productID})
		 CREATE (o)-[:ORDERS {quantity: row.quantity, discount: row.discount}]->(p) [3mfields[0m[2m=[0m[]
[2m2026-09-04T07:52:01.726022Z[0m [32m INFO[0m bolt message received [3mevent_id[0m[2m=[0m"bolt.log.run" [3msignature[0m[2m=[0m"0x3F"
[2m2026-09-04T07:52:01.726031Z[0m [32m INFO[0m bolt sending responses [3mevent_id[0m[2m=[0m"bolt.log.run" [3mresponse_count[0m[2m=[0m2 [3mresponse_bytes[0m[2m=[0m163 [3mtransport[0m[2m=[0m"tcp"
[2m2026-09-04T07:52:01.726422Z[0m [32m INFO[0m bolt message received [3mevent_id[0m[2m=[0m"bolt.log.run" [3msignature[0m[2m=[0m"0x10"
[2m2026-09-04T07:52:01.735237Z[0m [32m INFO[0m [1mnornicdb.bolt.run[0m:[1mnornicdb.cypher.execute[0m: query phase breakdown [3mquery_hash[0m[2m=[0m1524916313068911758 [3mphase_parse_cache_us[0m[2m=[0m3 [3mphase_compliance_us[0m[2m=[0m1 [3mphase_pattern_us[0m[2m=[0m21 [3mphase_eval_us[0m[2m=[0m58782 [3mphase_audit_us[0m[2m=[0m176 [3mphase_total_us[0m[2m=[0m58983 [2m[3mdb.system[0m[2m=[0m"neo4j"[0m [2m[3mdb.operation.name[0m[2m=[0m"read"[0m
[2m2026-09-04T07:52:01.735423Z[0m [32m INFO[0m bolt RUN executed [3mevent_id[0m[2m=[0m"bolt.log.query" [3mquery[0m[2m=[0mUNWIND $rows AS row
		 MATCH (o:Order {orderID: row.orderID})
		 MATCH (p:Product {productID: row.productID})
		 CREATE (o)-[:ORDERS {quantity: row.quantity, discount: row.discount}]->(p) [3mfields[0m[2m=[0m[]
[2m2026-09-04T07:52:01.735523Z[0m [32m INFO[0m bolt message received [3mevent_id[0m[2m=[0m"bolt.log.run" [3msignature[0m[2m=[0m"0x3F"
[2m2026-09-04T07:52:01.735531Z[0m [32m INFO[0m bolt sending responses [3mevent_id[0m[2m=[0m"bolt.log.run" [3mresponse_count[0m[2m=[0m2 [3mresponse_bytes[0m[2m=[0m163 [3mtransport[0m[2m=[0m"tcp"
[2m2026-09-04T07:52:01.735896Z[0m [32m INFO[0m bolt message received [3mevent_id[0m[2m=[0m"bolt.log.run" [3msignature[0m[2m=[0m"0x10"
[2m2026-09-04T07:52:01.754480Z[0m [32m INFO[0m [1mnornicdb.bolt.run[0m:[1mnornicdb.cypher.execute[0m: query phase breakdown [3mquery_hash[0m[2m=[0m1524916313068911758 [3mphase_parse_cache_us[0m[2m=[0m4 [3mphase_compliance_us[0m[2m=[0m2 [3mphase_pattern_us[0m[2m=[0m22 [3mphase_eval_us[0m[2m=[0m58192 [3mphase_audit_us[0m[2m=[0m202 [3mphase_total_us[0m[2m=[0m58422 [2m[3mdb.system[0m[2m=[0m"neo4j"[0m [2m[3mdb.operation.name[0m[2m=[0m"read"[0m
[2m2026-09-04T07:52:01.754677Z[0m [32m INFO[0m bolt RUN executed [3mevent_id[0m[2m=[0m"bolt.log.query" [3mquery[0m[2m=[0mUNWIND $rows AS row
		 MATCH (o:Order {orderID: row.orderID})
		 MATCH (p:Product {productID: row.productID})
		 CREATE (o)-[:ORDERS {quantity: row.quantity, discount: row.discount}]->(p) [3mfields[0m[2m=[0m[]
[2m2026-09-04T07:52:01.754772Z[0m [32m INFO[0m bolt message received [3mevent_id[0m[2m=[0m"bolt.log.run" [3msignature[0m[2m=[0m"0x3F"
[2m2026-09-04T07:52:01.754782Z[0m [32m INFO[0m bolt sending responses [3mevent_id[0m[2m=[0m"bolt.log.run" [3mresponse_count[0m[2m=[0m2 [3mresponse_bytes[0m[2m=[0m163 [3mtransport[0m[2m=[0m"tcp"
[2m2026-09-04T07:52:01.755137Z[0m [32m INFO[0m bolt message received [3mevent_id[0m[2m=[0m"bolt.log.run" [3msignature[0m[2m=[0m"0x10"
[2m2026-09-04T07:52:01.774486Z[0m [32m INFO[0m [1mnornicdb.bolt.run[0m:[1mnornicdb.cypher.execute[0m: query phase breakdown [3mquery_hash[0m[2m=[0m1524916313068911758 [3mphase_parse_cache_us[0m[2m=[0m3 [3mphase_compliance_us[0m[2m=[0m1 [3mphase_pattern_us[0m[2m=[0m24 [3mphase_eval_us[0m[2m=[0m58133 [3mphase_audit_us[0m[2m=[0m187 [3mphase_total_us[0m[2m=[0m58348 [2m[3mdb.system[0m[2m=[0m"neo4j"[0m [2m[3mdb.operation.name[0m[2m=[0m"read"[0m
[2m2026-09-04T07:52:01.774678Z[0m [32m INFO[0m bolt RUN executed [3mevent_id[0m[2m=[0m"bolt.log.query" [3mquery[0m[2m=[0mUNWIND $rows AS row
		 MATCH (o:Order {orderID: row.orderID})
		 MATCH (p:Product {productID: row.productID})
		 CREATE (o)-[:ORDERS {quantity: row.quantity, discount: row.discount}]->(p) [3mfields[0m[2m=[0m[]
[2m2026-09-04T07:52:01.774794Z[0m [32m INFO[0m bolt message received [3mevent_id[0m[2m=[0m"bolt.log.run" [3msignature[0m[2m=[0m"0x3F"
[2m2026-09-04T07:52:01.774804Z[0m [32m INFO[0m bolt sending responses [3mevent_id[0m[2m=[0m"bolt.log.run" [3mresponse_count[0m[2m=[0m2 [3mresponse_bytes[0m[2m=[0m163 [3mtransport[0m[2m=[0m"tcp"
[2m2026-09-04T07:52:01.775189Z[0m [32m INFO[0m bolt message received [3mevent_id[0m[2m=[0m"bolt.log.run" [3msignature[0m[2m=[0m"0x10"
[2m2026-09-04T07:52:01.785399Z[0m [32m INFO[0m [1mnornicdb.bolt.run[0m:[1mnornicdb.cypher.execute[0m: query phase breakdown [3mquery_hash[0m[2m=[0m1524916313068911758 [3mphase_parse_cache_us[0m[2m=[0m3 [3mphase_compliance_us[0m[2m=[0m1 [3mphase_pattern_us[0m[2m=[0m22 [3mphase_eval_us[0m[2m=[0m58638 [3mphase_audit_us[0m[2m=[0m176 [3mphase_total_us[0m[2m=[0m58840 [2m[3mdb.system[0m[2m=[0m"neo4j"[0m [2m[3mdb.operation.name[0m[2m=[0m"read"[0m
[2m2026-09-04T07:52:01.785596Z[0m [32m INFO[0m bolt RUN executed [3mevent_id[0m[2m=[0m"bolt.log.query" [3mquery[0m[2m=[0mUNWIND $rows AS row
		 MATCH (o:Order {orderID: row.orderID})
		 MATCH (p:Product {productID: row.productID})
		 CREATE (o)-[:ORDERS {quantity: row.quantity, discount: row.discount}]->(p) [3mfields[0m[2m=[0m[]
[2m2026-09-04T07:52:01.785693Z[0m [32m INFO[0m bolt message received [3mevent_id[0m[2m=[0m"bolt.log.run" [3msignature[0m[2m=[0m"0x3F"
[2m2026-09-04T07:52:01.785702Z[0m [32m INFO[0m bolt sending responses [3mevent_id[0m[2m=[0m"bolt.log.run" [3mresponse_count[0m[2m=[0m2 [3mresponse_bytes[0m[2m=[0m163 [3mtransport[0m[2m=[0m"tcp"
[2m2026-09-04T07:52:01.786174Z[0m [32m INFO[0m bolt message received [3mevent_id[0m[2m=[0m"bolt.log.run" [3msignature[0m[2m=[0m"0x10"
[2m2026-09-04T07:52:01.795291Z[0m [32m INFO[0m [1mnornicdb.bolt.run[0m:[1mnornicdb.cypher.execute[0m: query phase breakdown [3mquery_hash[0m[2m=[0m1524916313068911758 [3mphase_parse_cache_us[0m[2m=[0m3 [3mphase_compliance_us[0m[2m=[0m1 [3mphase_pattern_us[0m[2m=[0m23 [3mphase_eval_us[0m[2m=[0m59054 [3mphase_audit_us[0m[2m=[0m165 [3mphase_total_us[0m[2m=[0m59246 [2m[3mdb.system[0m[2m=[0m"neo4j"[0m [2m[3mdb.operation.name[0m[2m=[0m"read"[0m
[2m2026-09-04T07:52:01.795512Z[0m [32m INFO[0m bolt RUN executed [3mevent_id[0m[2m=[0m"bolt.log.query" [3mquery[0m[2m=[0mUNWIND $rows AS row
		 MATCH (o:Order {orderID: row.orderID})
		 MATCH (p:Product {productID: row.productID})
		 CREATE (o)-[:ORDERS {quantity: row.quantity, discount: row.discount}]->(p) [3mfields[0m[2m=[0m[]
[2m2026-09-04T07:52:01.795633Z[0m [32m INFO[0m bolt message received [3mevent_id[0m[2m=[0m"bolt.log.run" [3msignature[0m[2m=[0m"0x3F"
[2m2026-09-04T07:52:01.795646Z[0m [32m INFO[0m bolt sending responses [3mevent_id[0m[2m=[0m"bolt.log.run" [3mresponse_count[0m[2m=[0m2 [3mresponse_bytes[0m[2m=[0m163 [3mtransport[0m[2m=[0m"tcp"
[2m2026-09-04T07:52:01.796046Z[0m [32m INFO[0m bolt message received [3mevent_id[0m[2m=[0m"bolt.log.run" [3msignature[0m[2m=[0m"0x10"
[2m2026-09-04T07:52:01.813886Z[0m [32m INFO[0m [1mnornicdb.bolt.run[0m:[1mnornicdb.cypher.execute[0m: query phase breakdown [3mquery_hash[0m[2m=[0m1524916313068911758 [3mphase_parse_cache_us[0m[2m=[0m3 [3mphase_compliance_us[0m[2m=[0m1 [3mphase_pattern_us[0m[2m=[0m21 [3mphase_eval_us[0m[2m=[0m58345 [3mphase_audit_us[0m[2m=[0m217 [3mphase_total_us[0m[2m=[0m58587 [2m[3mdb.system[0m[2m=[0m"neo4j"[0m [2m[3mdb.operation.name[0m[2m=[0m"read"[0m
[2m2026-09-04T07:52:01.814081Z[0m [32m INFO[0m bolt RUN executed [3mevent_id[0m[2m=[0m"bolt.log.query" [3mquery[0m[2m=[0mUNWIND $rows AS row
		 MATCH (o:Order {orderID: row.orderID})
		 MATCH (p:Product {productID: row.productID})
		 CREATE (o)-[:ORDERS {quantity: row.quantity, discount: row.discount}]->(p) [3mfields[0m[2m=[0m[]
[2m2026-09-04T07:52:01.814184Z[0m [32m INFO[0m bolt message received [3mevent_id[0m[2m=[0m"bolt.log.run" [3msignature[0m[2m=[0m"0x3F"
[2m2026-09-04T07:52:01.814194Z[0m [32m INFO[0m bolt sending responses [3mevent_id[0m[2m=[0m"bolt.log.run" [3mresponse_count[0m[2m=[0m2 [3mresponse_bytes[0m[2m=[0m163 [3mtransport[0m[2m=[0m"tcp"
[2m2026-09-04T07:52:01.814578Z[0m [32m INFO[0m bolt message received [3mevent_id[0m[2m=[0m"bolt.log.run" [3msignature[0m[2m=[0m"0x10"
[2m2026-09-04T07:52:01.834480Z[0m [32m INFO[0m [1mnornicdb.bolt.run[0m:[1mnornicdb.cypher.execute[0m: query phase breakdown [3mquery_hash[0m[2m=[0m1524916313068911758 [3mphase_parse_cache_us[0m[2m=[0m2 [3mphase_compliance_us[0m[2m=[0m1 [3mphase_pattern_us[0m[2m=[0m20 [3mphase_eval_us[0m[2m=[0m58343 [3mphase_audit_us[0m[2m=[0m789 [3mphase_total_us[0m[2m=[0m59155 [2m[3mdb.system[0m[2m=[0m"neo4j"[0m [2m[3mdb.operation.name[0m[2m=[0m"read"[0m
[2m2026-09-04T07:52:01.834675Z[0m [32m INFO[0m bolt RUN executed [3mevent_id[0m[2m=[0m"bolt.log.query" [3mquery[0m[2m=[0mUNWIND $rows AS row
		 MATCH (o:Order {orderID: row.orderID})
		 MATCH (p:Product {productID: row.productID})
		 CREATE (o)-[:ORDERS {quantity: row.quantity, discount: row.discount}]->(p) [3mfields[0m[2m=[0m[]
[2m2026-09-04T07:52:01.834781Z[0m [32m INFO[0m bolt message received [3mevent_id[0m[2m=[0m"bolt.log.run" [3msignature[0m[2m=[0m"0x3F"
[2m2026-09-04T07:52:01.834791Z[0m [32m INFO[0m bolt sending responses [3mevent_id[0m[2m=[0m"bolt.log.run" [3mresponse_count[0m[2m=[0m2 [3mresponse_bytes[0m[2m=[0m163 [3mtransport[0m[2m=[0m"tcp"
[2m2026-09-04T07:52:01.835184Z[0m [32m INFO[0m bolt message received [3mevent_id[0m[2m=[0m"bolt.log.run" [3msignature[0m[2m=[0m"0x10"
[2m2026-09-04T07:52:01.844178Z[0m [32m INFO[0m [1mnornicdb.bolt.run[0m:[1mnornicdb.cypher.execute[0m: query phase breakdown [3mquery_hash[0m[2m=[0m1524916313068911758 [3mphase_parse_cache_us[0m[2m=[0m3 [3mphase_compliance_us[0m[2m=[0m1 [3mphase_pattern_us[0m[2m=[0m22 [3mphase_eval_us[0m[2m=[0m57384 [3mphase_audit_us[0m[2m=[0m409 [3mphase_total_us[0m[2m=[0m57819 [2m[3mdb.system[0m[2m=[0m"neo4j"[0m [2m[3mdb.operation.name[0m[2m=[0m"read"[0m
[2m2026-09-04T07:52:01.844386Z[0m [32m INFO[0m bolt RUN executed [3mevent_id[0m[2m=[0m"bolt.log.query" [3mquery[0m[2m=[0mUNWIND $rows AS row
		 MATCH (o:Order {orderID: row.orderID})
		 MATCH (p:Product {productID: row.productID})
		 CREATE (o)-[:ORDERS {quantity: row.quantity, discount: row.discount}]->(p) [3mfields[0m[2m=[0m[]
[2m2026-09-04T07:52:01.844488Z[0m [32m INFO[0m bolt message received [3mevent_id[0m[2m=[0m"bolt.log.run" [3msignature[0m[2m=[0m"0x3F"
[2m2026-09-04T07:52:01.844496Z[0m [32m INFO[0m bolt sending responses [3mevent_id[0m[2m=[0m"bolt.log.run" [3mresponse_count[0m[2m=[0m2 [3mresponse_bytes[0m[2m=[0m163 [3mtransport[0m[2m=[0m"tcp"
[2m2026-09-04T07:52:01.844868Z[0m [32m INFO[0m bolt message received [3mevent_id[0m[2m=[0m"bolt.log.run" [3msignature[0m[2m=[0m"0x10"
[2m2026-09-04T07:52:01.853481Z[0m [32m INFO[0m [1mnornicdb.bolt.run[0m:[1mnornicdb.cypher.execute[0m: query phase breakdown [3mquery_hash[0m[2m=[0m1524916313068911758 [3mphase_parse_cache_us[0m[2m=[0m3 [3mphase_compliance_us[0m[2m=[0m1 [3mphase_pattern_us[0m[2m=[0m22 [3mphase_eval_us[0m[2m=[0m57093 [3mphase_audit_us[0m[2m=[0m173 [3mphase_total_us[0m[2m=[0m57292 [2m[3mdb.system[0m[2m=[0m"neo4j"[0m [2m[3mdb.operation.name[0m[2m=[0m"read"[0m
[2m2026-09-04T07:52:01.853661Z[0m [32m INFO[0m bolt RUN executed [3mevent_id[0m[2m=[0m"bolt.log.query" [3mquery[0m[2m=[0mUNWIND $rows AS row
		 MATCH (o:Order {orderID: row.orderID})
		 MATCH (p:Product {productID: row.productID})
		 CREATE (o)-[:ORDERS {quantity: row.quantity, discount: row.discount}]->(p) [3mfields[0m[2m=[0m[]
[2m2026-09-04T07:52:01.853761Z[0m [32m INFO[0m bolt message received [3mevent_id[0m[2m=[0m"bolt.log.run" [3msignature[0m[2m=[0m"0x3F"
[2m2026-09-04T07:52:01.853770Z[0m [32m INFO[0m bolt sending responses [3mevent_id[0m[2m=[0m"bolt.log.run" [3mresponse_count[0m[2m=[0m2 [3mresponse_bytes[0m[2m=[0m163 [3mtransport[0m[2m=[0m"tcp"
[2m2026-09-04T07:52:01.854159Z[0m [32m INFO[0m bolt message received [3mevent_id[0m[2m=[0m"bolt.log.run" [3msignature[0m[2m=[0m"0x10"
[2m2026-09-04T07:52:01.870945Z[0m [32m INFO[0m [1mnornicdb.bolt.run[0m:[1mnornicdb.cypher.execute[0m: query phase breakdown [3mquery_hash[0m[2m=[0m1524916313068911758 [3mphase_parse_cache_us[0m[2m=[0m3 [3mphase_compliance_us[0m[2m=[0m1 [3mphase_pattern_us[0m[2m=[0m21 [3mphase_eval_us[0m[2m=[0m56022 [3mphase_audit_us[0m[2m=[0m185 [3mphase_total_us[0m[2m=[0m56232 [2m[3mdb.system[0m[2m=[0m"neo4j"[0m [2m[3mdb.operation.name[0m[2m=[0m"read"[0m
[2m2026-09-04T07:52:01.871146Z[0m [32m INFO[0m bolt RUN executed [3mevent_id[0m[2m=[0m"bolt.log.query" [3mquery[0m[2m=[0mUNWIND $rows AS row
		 MATCH (o:Order {orderID: row.orderID})
		 MATCH (p:Product {productID: row.productID})
		 CREATE (o)-[:ORDERS {quantity: row.quantity, discount: row.discount}]->(p) [3mfields[0m[2m=[0m[]
[2m2026-09-04T07:52:01.871243Z[0m [32m INFO[0m bolt message received [3mevent_id[0m[2m=[0m"bolt.log.run" [3msignature[0m[2m=[0m"0x3F"
[2m2026-09-04T07:52:01.871252Z[0m [32m INFO[0m bolt sending responses [3mevent_id[0m[2m=[0m"bolt.log.run" [3mresponse_count[0m[2m=[0m2 [3mresponse_bytes[0m[2m=[0m163 [3mtransport[0m[2m=[0m"tcp"
[2m2026-09-04T07:52:01.871609Z[0m [32m INFO[0m bolt message received [3mevent_id[0m[2m=[0m"bolt.log.run" [3msignature[0m[2m=[0m"0x10"
[2m2026-09-04T07:52:01.895359Z[0m [32m INFO[0m [1mnornicdb.bolt.run[0m:[1mnornicdb.cypher.execute[0m: query phase breakdown [3mquery_hash[0m[2m=[0m1524916313068911758 [3mphase_parse_cache_us[0m[2m=[0m2 [3mphase_compliance_us[0m[2m=[0m1 [3mphase_pattern_us[0m[2m=[0m22 [3mphase_eval_us[0m[2m=[0m59791 [3mphase_audit_us[0m[2m=[0m215 [3mphase_total_us[0m[2m=[0m60031 [2m[3mdb.system[0m[2m=[0m"neo4j"[0m [2m[3mdb.operation.name[0m[2m=[0m"read"[0m
[2m2026-09-04T07:52:01.895541Z[0m [32m INFO[0m bolt RUN executed [3mevent_id[0m[2m=[0m"bolt.log.query" [3mquery[0m[2m=[0mUNWIND $rows AS row
		 MATCH (o:Order {orderID: row.orderID})
		 MATCH (p:Product {productID: row.productID})
		 CREATE (o)-[:ORDERS {quantity: row.quantity, discount: row.discount}]->(p) [3mfields[0m[2m=[0m[]
[2m2026-09-04T07:52:01.895638Z[0m [32m INFO[0m bolt message received [3mevent_id[0m[2m=[0m"bolt.log.run" [3msignature[0m[2m=[0m"0x3F"
[2m2026-09-04T07:52:01.895646Z[0m [32m INFO[0m bolt sending responses [3mevent_id[0m[2m=[0m"bolt.log.run" [3mresponse_count[0m[2m=[0m2 [3mresponse_bytes[0m[2m=[0m163 [3mtransport[0m[2m=[0m"tcp"
[2m2026-09-04T07:52:01.896107Z[0m [32m INFO[0m bolt message received [3mevent_id[0m[2m=[0m"bolt.log.run" [3msignature[0m[2m=[0m"0x10"
[2m2026-09-04T07:52:01.915274Z[0m [32m INFO[0m [1mnornicdb.bolt.run[0m:[1mnornicdb.cypher.execute[0m: query phase breakdown [3mquery_hash[0m[2m=[0m1524916313068911758 [3mphase_parse_cache_us[0m[2m=[0m2 [3mphase_compliance_us[0m[2m=[0m1 [3mphase_pattern_us[0m[2m=[0m21 [3mphase_eval_us[0m[2m=[0m69747 [3mphase_audit_us[0m[2m=[0m502 [3mphase_total_us[0m[2m=[0m70273 [2m[3mdb.system[0m[2m=[0m"neo4j"[0m [2m[3mdb.operation.name[0m[2m=[0m"read"[0m
[2m2026-09-04T07:52:01.915492Z[0m [32m INFO[0m bolt RUN executed [3mevent_id[0m[2m=[0m"bolt.log.query" [3mquery[0m[2m=[0mUNWIND $rows AS row
		 MATCH (o:Order {orderID: row.orderID})
		 MATCH (p:Product {productID: row.productID})
		 CREATE (o)-[:ORDERS {quantity: row.quantity, discount: row.discount}]->(p) [3mfields[0m[2m=[0m[]
[2m2026-09-04T07:52:01.915589Z[0m [32m INFO[0m bolt message received [3mevent_id[0m[2m=[0m"bolt.log.run" [3msignature[0m[2m=[0m"0x3F"
[2m2026-09-04T07:52:01.915598Z[0m [32m INFO[0m bolt sending responses [3mevent_id[0m[2m=[0m"bolt.log.run" [3mresponse_count[0m[2m=[0m2 [3mresponse_bytes[0m[2m=[0m163 [3mtransport[0m[2m=[0m"tcp"
[2m2026-09-04T07:52:01.915964Z[0m [32m INFO[0m bolt message received [3mevent_id[0m[2m=[0m"bolt.log.run" [3msignature[0m[2m=[0m"0x10"
[2m2026-09-04T07:52:01.924794Z[0m [32m INFO[0m [1mnornicdb.bolt.run[0m:[1mnornicdb.cypher.execute[0m: query phase breakdown [3mquery_hash[0m[2m=[0m1524916313068911758 [3mphase_parse_cache_us[0m[2m=[0m3 [3mphase_compliance_us[0m[2m=[0m1 [3mphase_pattern_us[0m[2m=[0m21 [3mphase_eval_us[0m[2m=[0m69696 [3mphase_audit_us[0m[2m=[0m750 [3mphase_total_us[0m[2m=[0m70471 [2m[3mdb.system[0m[2m=[0m"neo4j"[0m [2m[3mdb.operation.name[0m[2m=[0m"read"[0m
[2m2026-09-04T07:52:01.924984Z[0m [32m INFO[0m bolt RUN executed [3mevent_id[0m[2m=[0m"bolt.log.query" [3mquery[0m[2m=[0mUNWIND $rows AS row
		 MATCH (o:Order {orderID: row.orderID})
		 MATCH (p:Product {productID: row.productID})
		 CREATE (o)-[:ORDERS {quantity: row.quantity, discount: row.discount}]->(p) [3mfields[0m[2m=[0m[]
[2m2026-09-04T07:52:01.925089Z[0m [32m INFO[0m bolt message received [3mevent_id[0m[2m=[0m"bolt.log.run" [3msignature[0m[2m=[0m"0x3F"
[2m2026-09-04T07:52:01.925107Z[0m [32m INFO[0m bolt sending responses [3mevent_id[0m[2m=[0m"bolt.log.run" [3mresponse_count[0m[2m=[0m2 [3mresponse_bytes[0m[2m=[0m163 [3mtransport[0m[2m=[0m"tcp"
[2m2026-09-04T07:52:01.925504Z[0m [32m INFO[0m bolt message received [3mevent_id[0m[2m=[0m"bolt.log.run" [3msignature[0m[2m=[0m"0x10"
[2m2026-09-04T07:52:01.933681Z[0m [32m INFO[0m [1mnornicdb.bolt.run[0m:[1mnornicdb.cypher.execute[0m: query phase breakdown [3mquery_hash[0m[2m=[0m1524916313068911758 [3mphase_parse_cache_us[0m[2m=[0m2 [3mphase_compliance_us[0m[2m=[0m1 [3mphase_pattern_us[0m[2m=[0m21 [3mphase_eval_us[0m[2m=[0m61729 [3mphase_audit_us[0m[2m=[0m179 [3mphase_total_us[0m[2m=[0m61932 [2m[3mdb.system[0m[2m=[0m"neo4j"[0m [2m[3mdb.operation.name[0m[2m=[0m"read"[0m
[2m2026-09-04T07:52:01.933910Z[0m [32m INFO[0m bolt RUN executed [3mevent_id[0m[2m=[0m"bolt.log.query" [3mquery[0m[2m=[0mUNWIND $rows AS row
		 MATCH (o:Order {orderID: row.orderID})
		 MATCH (p:Product {productID: row.productID})
		 CREATE (o)-[:ORDERS {quantity: row.quantity, discount: row.discount}]->(p) [3mfields[0m[2m=[0m[]
[2m2026-09-04T07:52:01.934031Z[0m [32m INFO[0m bolt message received [3mevent_id[0m[2m=[0m"bolt.log.run" [3msignature[0m[2m=[0m"0x3F"
[2m2026-09-04T07:52:01.934045Z[0m [32m INFO[0m bolt sending responses [3mevent_id[0m[2m=[0m"bolt.log.run" [3mresponse_count[0m[2m=[0m2 [3mresponse_bytes[0m[2m=[0m163 [3mtransport[0m[2m=[0m"tcp"
[2m2026-09-04T07:52:01.934427Z[0m [32m INFO[0m bolt message received [3mevent_id[0m[2m=[0m"bolt.log.run" [3msignature[0m[2m=[0m"0x10"
[2m2026-09-04T07:52:01.950247Z[0m [32m INFO[0m [1mnornicdb.bolt.run[0m:[1mnornicdb.cypher.execute[0m: query phase breakdown [3mquery_hash[0m[2m=[0m1524916313068911758 [3mphase_parse_cache_us[0m[2m=[0m2 [3mphase_compliance_us[0m[2m=[0m1 [3mphase_pattern_us[0m[2m=[0m22 [3mphase_eval_us[0m[2m=[0m53763 [3mphase_audit_us[0m[2m=[0m171 [3mphase_total_us[0m[2m=[0m53959 [2m[3mdb.system[0m[2m=[0m"neo4j"[0m [2m[3mdb.operation.name[0m[2m=[0m"read"[0m
[2m2026-09-04T07:52:01.950435Z[0m [32m INFO[0m bolt RUN executed [3mevent_id[0m[2m=[0m"bolt.log.query" [3mquery[0m[2m=[0mUNWIND $rows AS row
		 MATCH (o:Order {orderID: row.orderID})
		 MATCH (p:Product {productID: row.productID})
		 CREATE (o)-[:ORDERS {quantity: row.quantity, discount: row.discount}]->(p) [3mfields[0m[2m=[0m[]
[2m2026-09-04T07:52:01.950532Z[0m [32m INFO[0m bolt message received [3mevent_id[0m[2m=[0m"bolt.log.run" [3msignature[0m[2m=[0m"0x3F"
[2m2026-09-04T07:52:01.950542Z[0m [32m INFO[0m bolt sending responses [3mevent_id[0m[2m=[0m"bolt.log.run" [3mresponse_count[0m[2m=[0m2 [3mresponse_bytes[0m[2m=[0m163 [3mtransport[0m[2m=[0m"tcp"
[2m2026-09-04T07:52:01.950975Z[0m [32m INFO[0m bolt message received [3mevent_id[0m[2m=[0m"bolt.log.run" [3msignature[0m[2m=[0m"0x10"
[2m2026-09-04T07:52:01.974819Z[0m [32m INFO[0m [1mnornicdb.bolt.run[0m:[1mnornicdb.cypher.execute[0m: query phase breakdown [3mquery_hash[0m[2m=[0m1524916313068911758 [3mphase_parse_cache_us[0m[2m=[0m2 [3mphase_compliance_us[0m[2m=[0m1 [3mphase_pattern_us[0m[2m=[0m26 [3mphase_eval_us[0m[2m=[0m58500 [3mphase_audit_us[0m[2m=[0m182 [3mphase_total_us[0m[2m=[0m58711 [2m[3mdb.system[0m[2m=[0m"neo4j"[0m [2m[3mdb.operation.name[0m[2m=[0m"read"[0m
[2m2026-09-04T07:52:01.975015Z[0m [32m INFO[0m bolt RUN executed [3mevent_id[0m[2m=[0m"bolt.log.query" [3mquery[0m[2m=[0mUNWIND $rows AS row
		 MATCH (o:Order {orderID: row.orderID})
		 MATCH (p:Product {productID: row.productID})
		 CREATE (o)-[:ORDERS {quantity: row.quantity, discount: row.discount}]->(p) [3mfields[0m[2m=[0m[]
[2m2026-09-04T07:52:01.975114Z[0m [32m INFO[0m bolt message received [3mevent_id[0m[2m=[0m"bolt.log.run" [3msignature[0m[2m=[0m"0x3F"
[2m2026-09-04T07:52:01.975125Z[0m [32m INFO[0m bolt sending responses [3mevent_id[0m[2m=[0m"bolt.log.run" [3mresponse_count[0m[2m=[0m2 [3mresponse_bytes[0m[2m=[0m163 [3mtransport[0m[2m=[0m"tcp"
[2m2026-09-04T07:52:01.975527Z[0m [32m INFO[0m bolt message received [3mevent_id[0m[2m=[0m"bolt.log.run" [3msignature[0m[2m=[0m"0x10"
[2m2026-09-04T07:52:01.985418Z[0m [32m INFO[0m [1mnornicdb.bolt.run[0m:[1mnornicdb.cypher.execute[0m: query phase breakdown [3mquery_hash[0m[2m=[0m1524916313068911758 [3mphase_parse_cache_us[0m[2m=[0m2 [3mphase_compliance_us[0m[2m=[0m1 [3mphase_pattern_us[0m[2m=[0m22 [3mphase_eval_us[0m[2m=[0m59156 [3mphase_audit_us[0m[2m=[0m593 [3mphase_total_us[0m[2m=[0m59774 [2m[3mdb.system[0m[2m=[0m"neo4j"[0m [2m[3mdb.operation.name[0m[2m=[0m"read"[0m
[2m2026-09-04T07:52:01.985635Z[0m [32m INFO[0m bolt RUN executed [3mevent_id[0m[2m=[0m"bolt.log.query" [3mquery[0m[2m=[0mUNWIND $rows AS row
		 MATCH (o:Order {orderID: row.orderID})
		 MATCH (p:Product {productID: row.productID})
		 CREATE (o)-[:ORDERS {quantity: row.quantity, discount: row.discount}]->(p) [3mfields[0m[2m=[0m[]
[2m2026-09-04T07:52:01.985743Z[0m [32m INFO[0m bolt message received [3mevent_id[0m[2m=[0m"bolt.log.run" [3msignature[0m[2m=[0m"0x3F"
[2m2026-09-04T07:52:01.985754Z[0m [32m INFO[0m bolt sending responses [3mevent_id[0m[2m=[0m"bolt.log.run" [3mresponse_count[0m[2m=[0m2 [3mresponse_bytes[0m[2m=[0m163 [3mtransport[0m[2m=[0m"tcp"
[2m2026-09-04T07:52:01.986147Z[0m [32m INFO[0m bolt message received [3mevent_id[0m[2m=[0m"bolt.log.run" [3msignature[0m[2m=[0m"0x10"
[2m2026-09-04T07:52:01.994639Z[0m [32m INFO[0m [1mnornicdb.bolt.run[0m:[1mnornicdb.cypher.execute[0m: query phase breakdown [3mquery_hash[0m[2m=[0m1524916313068911758 [3mphase_parse_cache_us[0m[2m=[0m2 [3mphase_compliance_us[0m[2m=[0m1 [3mphase_pattern_us[0m[2m=[0m26 [3mphase_eval_us[0m[2m=[0m59832 [3mphase_audit_us[0m[2m=[0m193 [3mphase_total_us[0m[2m=[0m60054 [2m[3mdb.system[0m[2m=[0m"neo4j"[0m [2m[3mdb.operation.name[0m[2m=[0m"read"[0m
[2m2026-09-04T07:52:01.994847Z[0m [32m INFO[0m bolt RUN executed [3mevent_id[0m[2m=[0m"bolt.log.query" [3mquery[0m[2m=[0mUNWIND $rows AS row
		 MATCH (o:Order {orderID: row.orderID})
		 MATCH (p:Product {productID: row.productID})
		 CREATE (o)-[:ORDERS {quantity: row.quantity, discount: row.discount}]->(p) [3mfields[0m[2m=[0m[]
[2m2026-09-04T07:52:01.994955Z[0m [32m INFO[0m bolt message received [3mevent_id[0m[2m=[0m"bolt.log.run" [3msignature[0m[2m=[0m"0x3F"
[2m2026-09-04T07:52:01.994967Z[0m [32m INFO[0m bolt sending responses [3mevent_id[0m[2m=[0m"bolt.log.run" [3mresponse_count[0m[2m=[0m2 [3mresponse_bytes[0m[2m=[0m163 [3mtransport[0m[2m=[0m"tcp"
[2m2026-09-04T07:52:01.995336Z[0m [32m INFO[0m bolt message received [3mevent_id[0m[2m=[0m"bolt.log.run" [3msignature[0m[2m=[0m"0x10"
[2m2026-09-04T07:52:02.008730Z[0m [32m INFO[0m [1mnornicdb.bolt.run[0m:[1mnornicdb.cypher.execute[0m: query phase breakdown [3mquery_hash[0m[2m=[0m1524916313068911758 [3mphase_parse_cache_us[0m[2m=[0m3 [3mphase_compliance_us[0m[2m=[0m1 [3mphase_pattern_us[0m[2m=[0m22 [3mphase_eval_us[0m[2m=[0m57336 [3mphase_audit_us[0m[2m=[0m204 [3mphase_total_us[0m[2m=[0m57566 [2m[3mdb.system[0m[2m=[0m"neo4j"[0m [2m[3mdb.operation.name[0m[2m=[0m"read"[0m
[2m2026-09-04T07:52:02.008927Z[0m [32m INFO[0m bolt RUN executed [3mevent_id[0m[2m=[0m"bolt.log.query" [3mquery[0m[2m=[0mUNWIND $rows AS row
		 MATCH (o:Order {orderID: row.orderID})
		 MATCH (p:Product {productID: row.productID})
		 CREATE (o)-[:ORDERS {quantity: row.quantity, discount: row.discount}]->(p) [3mfields[0m[2m=[0m[]
[2m2026-09-04T07:52:02.009035Z[0m [32m INFO[0m bolt message received [3mevent_id[0m[2m=[0m"bolt.log.run" [3msignature[0m[2m=[0m"0x3F"
[2m2026-09-04T07:52:02.009046Z[0m [32m INFO[0m bolt sending responses [3mevent_id[0m[2m=[0m"bolt.log.run" [3mresponse_count[0m[2m=[0m2 [3mresponse_bytes[0m[2m=[0m163 [3mtransport[0m[2m=[0m"tcp"
[2m2026-09-04T07:52:02.009442Z[0m [32m INFO[0m bolt message received [3mevent_id[0m[2m=[0m"bolt.log.run" [3msignature[0m[2m=[0m"0x10"
[2m2026-09-04T07:52:02.034807Z[0m [32m INFO[0m [1mnornicdb.bolt.run[0m:[1mnornicdb.cypher.execute[0m: query phase breakdown [3mquery_hash[0m[2m=[0m1524916313068911758 [3mphase_parse_cache_us[0m[2m=[0m3 [3mphase_compliance_us[0m[2m=[0m1 [3mphase_pattern_us[0m[2m=[0m21 [3mphase_eval_us[0m[2m=[0m58579 [3mphase_audit_us[0m[2m=[0m548 [3mphase_total_us[0m[2m=[0m59152 [2m[3mdb.system[0m[2m=[0m"neo4j"[0m [2m[3mdb.operation.name[0m[2m=[0m"read"[0m
[2m2026-09-04T07:52:02.035015Z[0m [32m INFO[0m bolt RUN executed [3mevent_id[0m[2m=[0m"bolt.log.query" [3mquery[0m[2m=[0mUNWIND $rows AS row
		 MATCH (o:Order {orderID: row.orderID})
		 MATCH (p:Product {productID: row.productID})
		 CREATE (o)-[:ORDERS {quantity: row.quantity, discount: row.discount}]->(p) [3mfields[0m[2m=[0m[]
[2m2026-09-04T07:52:02.035114Z[0m [32m INFO[0m bolt message received [3mevent_id[0m[2m=[0m"bolt.log.run" [3msignature[0m[2m=[0m"0x3F"
[2m2026-09-04T07:52:02.035124Z[0m [32m INFO[0m bolt sending responses [3mevent_id[0m[2m=[0m"bolt.log.run" [3mresponse_count[0m[2m=[0m2 [3mresponse_bytes[0m[2m=[0m163 [3mtransport[0m[2m=[0m"tcp"
[2m2026-09-04T07:52:02.035494Z[0m [32m INFO[0m bolt message received [3mevent_id[0m[2m=[0m"bolt.log.run" [3msignature[0m[2m=[0m"0x10"
[2m2026-09-04T07:52:02.044727Z[0m [32m INFO[0m [1mnornicdb.bolt.run[0m:[1mnornicdb.cypher.execute[0m: query phase breakdown [3mquery_hash[0m[2m=[0m1524916313068911758 [3mphase_parse_cache_us[0m[2m=[0m3 [3mphase_compliance_us[0m[2m=[0m1 [3mphase_pattern_us[0m[2m=[0m23 [3mphase_eval_us[0m[2m=[0m57905 [3mphase_audit_us[0m[2m=[0m514 [3mphase_total_us[0m[2m=[0m58446 [2m[3mdb.system[0m[2m=[0m"neo4j"[0m [2m[3mdb.operation.name[0m[2m=[0m"read"[0m
[2m2026-09-04T07:52:02.044954Z[0m [32m INFO[0m bolt RUN executed [3mevent_id[0m[2m=[0m"bolt.log.query" [3mquery[0m[2m=[0mUNWIND $rows AS row
		 MATCH (o:Order {orderID: row.orderID})
		 MATCH (p:Product {productID: row.productID})
		 CREATE (o)-[:ORDERS {quantity: row.quantity, discount: row.discount}]->(p) [3mfields[0m[2m=[0m[]
[2m2026-09-04T07:52:02.045064Z[0m [32m INFO[0m bolt message received [3mevent_id[0m[2m=[0m"bolt.log.run" [3msignature[0m[2m=[0m"0x3F"
[2m2026-09-04T07:52:02.045074Z[0m [32m INFO[0m bolt sending responses [3mevent_id[0m[2m=[0m"bolt.log.run" [3mresponse_count[0m[2m=[0m2 [3mresponse_bytes[0m[2m=[0m163 [3mtransport[0m[2m=[0m"tcp"
[2m2026-09-04T07:52:02.045440Z[0m [32m INFO[0m bolt message received [3mevent_id[0m[2m=[0m"bolt.log.run" [3msignature[0m[2m=[0m"0x10"
[2m2026-09-04T07:52:02.053841Z[0m [32m INFO[0m [1mnornicdb.bolt.run[0m:[1mnornicdb.cypher.execute[0m: query phase breakdown [3mquery_hash[0m[2m=[0m1524916313068911758 [3mphase_parse_cache_us[0m[2m=[0m2 [3mphase_compliance_us[0m[2m=[0m1 [3mphase_pattern_us[0m[2m=[0m20 [3mphase_eval_us[0m[2m=[0m58131 [3mphase_audit_us[0m[2m=[0m210 [3mphase_total_us[0m[2m=[0m58364 [2m[3mdb.system[0m[2m=[0m"neo4j"[0m [2m[3mdb.operation.name[0m[2m=[0m"read"[0m
[2m2026-09-04T07:52:02.054029Z[0m [32m INFO[0m bolt RUN executed [3mevent_id[0m[2m=[0m"bolt.log.query" [3mquery[0m[2m=[0mUNWIND $rows AS row
		 MATCH (o:Order {orderID: row.orderID})
		 MATCH (p:Product {productID: row.productID})
		 CREATE (o)-[:ORDERS {quantity: row.quantity, discount: row.discount}]->(p) [3mfields[0m[2m=[0m[]
[2m2026-09-04T07:52:02.054128Z[0m [32m INFO[0m bolt message received [3mevent_id[0m[2m=[0m"bolt.log.run" [3msignature[0m[2m=[0m"0x3F"
[2m2026-09-04T07:52:02.054137Z[0m [32m INFO[0m bolt sending responses [3mevent_id[0m[2m=[0m"bolt.log.run" [3mresponse_count[0m[2m=[0m2 [3mresponse_bytes[0m[2m=[0m163 [3mtransport[0m[2m=[0m"tcp"
[2m2026-09-04T07:52:02.054490Z[0m [32m INFO[0m bolt message received [3mevent_id[0m[2m=[0m"bolt.log.run" [3msignature[0m[2m=[0m"0x10"
[2m2026-09-04T07:52:02.066729Z[0m [32m INFO[0m [1mnornicdb.bolt.run[0m:[1mnornicdb.cypher.execute[0m: query phase breakdown [3mquery_hash[0m[2m=[0m1524916313068911758 [3mphase_parse_cache_us[0m[2m=[0m3 [3mphase_compliance_us[0m[2m=[0m1 [3mphase_pattern_us[0m[2m=[0m23 [3mphase_eval_us[0m[2m=[0m56934 [3mphase_audit_us[0m[2m=[0m187 [3mphase_total_us[0m[2m=[0m57148 [2m[3mdb.system[0m[2m=[0m"neo4j"[0m [2m[3mdb.operation.name[0m[2m=[0m"read"[0m
[2m2026-09-04T07:52:02.066922Z[0m [32m INFO[0m bolt RUN executed [3mevent_id[0m[2m=[0m"bolt.log.query" [3mquery[0m[2m=[0mUNWIND $rows AS row
		 MATCH (o:Order {orderID: row.orderID})
		 MATCH (p:Product {productID: row.productID})
		 CREATE (o)-[:ORDERS {quantity: row.quantity, discount: row.discount}]->(p) [3mfields[0m[2m=[0m[]
[2m2026-09-04T07:52:02.067043Z[0m [32m INFO[0m bolt message received [3mevent_id[0m[2m=[0m"bolt.log.run" [3msignature[0m[2m=[0m"0x3F"
[2m2026-09-04T07:52:02.067053Z[0m [32m INFO[0m bolt sending responses [3mevent_id[0m[2m=[0m"bolt.log.run" [3mresponse_count[0m[2m=[0m2 [3mresponse_bytes[0m[2m=[0m163 [3mtransport[0m[2m=[0m"tcp"
[2m2026-09-04T07:52:02.067451Z[0m [32m INFO[0m bolt message received [3mevent_id[0m[2m=[0m"bolt.log.run" [3msignature[0m[2m=[0m"0x10"
[2m2026-09-04T07:52:02.096653Z[0m [32m INFO[0m [1mnornicdb.bolt.run[0m:[1mnornicdb.cypher.execute[0m: query phase breakdown [3mquery_hash[0m[2m=[0m1524916313068911758 [3mphase_parse_cache_us[0m[2m=[0m3 [3mphase_compliance_us[0m[2m=[0m1 [3mphase_pattern_us[0m[2m=[0m22 [3mphase_eval_us[0m[2m=[0m60439 [3mphase_audit_us[0m[2m=[0m556 [3mphase_total_us[0m[2m=[0m61021 [2m[3mdb.system[0m[2m=[0m"neo4j"[0m [2m[3mdb.operation.name[0m[2m=[0m"read"[0m
[2m2026-09-04T07:52:02.096845Z[0m [32m INFO[0m bolt RUN executed [3mevent_id[0m[2m=[0m"bolt.log.query" [3mquery[0m[2m=[0mUNWIND $rows AS row
		 MATCH (o:Order {orderID: row.orderID})
		 MATCH (p:Product {productID: row.productID})
		 CREATE (o)-[:ORDERS {quantity: row.quantity, discount: row.discount}]->(p) [3mfields[0m[2m=[0m[]
[2m2026-09-04T07:52:02.096930Z[0m [32m INFO[0m bolt message received [3mevent_id[0m[2m=[0m"bolt.log.run" [3msignature[0m[2m=[0m"0x3F"
[2m2026-09-04T07:52:02.096939Z[0m [32m INFO[0m bolt sending responses [3mevent_id[0m[2m=[0m"bolt.log.run" [3mresponse_count[0m[2m=[0m2 [3mresponse_bytes[0m[2m=[0m163 [3mtransport[0m[2m=[0m"tcp"
[2m2026-09-04T07:52:02.097366Z[0m [32m INFO[0m bolt message received [3mevent_id[0m[2m=[0m"bolt.log.run" [3msignature[0m[2m=[0m"0x10"
[2m2026-09-04T07:52:02.106698Z[0m [32m INFO[0m [1mnornicdb.bolt.run[0m:[1mnornicdb.cypher.execute[0m: query phase breakdown [3mquery_hash[0m[2m=[0m1524916313068911758 [3mphase_parse_cache_us[0m[2m=[0m2 [3mphase_compliance_us[0m[2m=[0m1 [3mphase_pattern_us[0m[2m=[0m22 [3mphase_eval_us[0m[2m=[0m60481 [3mphase_audit_us[0m[2m=[0m621 [3mphase_total_us[0m[2m=[0m61127 [2m[3mdb.system[0m[2m=[0m"neo4j"[0m [2m[3mdb.operation.name[0m[2m=[0m"read"[0m
[2m2026-09-04T07:52:02.106897Z[0m [32m INFO[0m bolt RUN executed [3mevent_id[0m[2m=[0m"bolt.log.query" [3mquery[0m[2m=[0mUNWIND $rows AS row
		 MATCH (o:Order {orderID: row.orderID})
		 MATCH (p:Product {productID: row.productID})
		 CREATE (o)-[:ORDERS {quantity: row.quantity, discount: row.discount}]->(p) [3mfields[0m[2m=[0m[]
[2m2026-09-04T07:52:02.107000Z[0m [32m INFO[0m bolt message received [3mevent_id[0m[2m=[0m"bolt.log.run" [3msignature[0m[2m=[0m"0x3F"
[2m2026-09-04T07:52:02.107010Z[0m [32m INFO[0m bolt sending responses [3mevent_id[0m[2m=[0m"bolt.log.run" [3mresponse_count[0m[2m=[0m2 [3mresponse_bytes[0m[2m=[0m163 [3mtransport[0m[2m=[0m"tcp"
[2m2026-09-04T07:52:02.107373Z[0m [32m INFO[0m bolt message received [3mevent_id[0m[2m=[0m"bolt.log.run" [3msignature[0m[2m=[0m"0x10"
[2m2026-09-04T07:52:02.116232Z[0m [32m INFO[0m [1mnornicdb.bolt.run[0m:[1mnornicdb.cypher.execute[0m: query phase breakdown [3mquery_hash[0m[2m=[0m1524916313068911758 [3mphase_parse_cache_us[0m[2m=[0m2 [3mphase_compliance_us[0m[2m=[0m1 [3mphase_pattern_us[0m[2m=[0m22 [3mphase_eval_us[0m[2m=[0m61410 [3mphase_audit_us[0m[2m=[0m177 [3mphase_total_us[0m[2m=[0m61612 [2m[3mdb.system[0m[2m=[0m"neo4j"[0m [2m[3mdb.operation.name[0m[2m=[0m"read"[0m
[2m2026-09-04T07:52:02.116433Z[0m [32m INFO[0m bolt RUN executed [3mevent_id[0m[2m=[0m"bolt.log.query" [3mquery[0m[2m=[0mUNWIND $rows AS row
		 MATCH (o:Order {orderID: row.orderID})
		 MATCH (p:Product {productID: row.productID})
		 CREATE (o)-[:ORDERS {quantity: row.quantity, discount: row.discount}]->(p) [3mfields[0m[2m=[0m[]
[2m2026-09-04T07:52:02.116534Z[0m [32m INFO[0m bolt message received [3mevent_id[0m[2m=[0m"bolt.log.run" [3msignature[0m[2m=[0m"0x3F"
[2m2026-09-04T07:52:02.116543Z[0m [32m INFO[0m bolt sending responses [3mevent_id[0m[2m=[0m"bolt.log.run" [3mresponse_count[0m[2m=[0m2 [3mresponse_bytes[0m[2m=[0m163 [3mtransport[0m[2m=[0m"tcp"
[2m2026-09-04T07:52:02.116902Z[0m [32m INFO[0m bolt message received [3mevent_id[0m[2m=[0m"bolt.log.run" [3msignature[0m[2m=[0m"0x10"
[2m2026-09-04T07:52:02.126529Z[0m [32m INFO[0m [1mnornicdb.bolt.run[0m:[1mnornicdb.cypher.execute[0m: query phase breakdown [3mquery_hash[0m[2m=[0m1524916313068911758 [3mphase_parse_cache_us[0m[2m=[0m3 [3mphase_compliance_us[0m[2m=[0m1 [3mphase_pattern_us[0m[2m=[0m21 [3mphase_eval_us[0m[2m=[0m58664 [3mphase_audit_us[0m[2m=[0m210 [3mphase_total_us[0m[2m=[0m58899 [2m[3mdb.system[0m[2m=[0m"neo4j"[0m [2m[3mdb.operation.name[0m[2m=[0m"read"[0m
[2m2026-09-04T07:52:02.126730Z[0m [32m INFO[0m bolt RUN executed [3mevent_id[0m[2m=[0m"bolt.log.query" [3mquery[0m[2m=[0mUNWIND $rows AS row
		 MATCH (o:Order {orderID: row.orderID})
		 MATCH (p:Product {productID: row.productID})
		 CREATE (o)-[:ORDERS {quantity: row.quantity, discount: row.discount}]->(p) [3mfields[0m[2m=[0m[]
[2m2026-09-04T07:52:02.126832Z[0m [32m INFO[0m bolt message received [3mevent_id[0m[2m=[0m"bolt.log.run" [3msignature[0m[2m=[0m"0x3F"
[2m2026-09-04T07:52:02.126842Z[0m [32m INFO[0m bolt sending responses [3mevent_id[0m[2m=[0m"bolt.log.run" [3mresponse_count[0m[2m=[0m2 [3mresponse_bytes[0m[2m=[0m163 [3mtransport[0m[2m=[0m"tcp"
[2m2026-09-04T07:52:02.127259Z[0m [32m INFO[0m bolt message received [3mevent_id[0m[2m=[0m"bolt.log.run" [3msignature[0m[2m=[0m"0x10"
[2m2026-09-04T07:52:02.175229Z[0m [32m INFO[0m [1mnornicdb.bolt.run[0m:[1mnornicdb.cypher.execute[0m: query phase breakdown [3mquery_hash[0m[2m=[0m1524916313068911758 [3mphase_parse_cache_us[0m[2m=[0m3 [3mphase_compliance_us[0m[2m=[0m1 [3mphase_pattern_us[0m[2m=[0m22 [3mphase_eval_us[0m[2m=[0m77059 [3mphase_audit_us[0m[2m=[0m602 [3mphase_total_us[0m[2m=[0m77687 [2m[3mdb.system[0m[2m=[0m"neo4j"[0m [2m[3mdb.operation.name[0m[2m=[0m"read"[0m
[2m2026-09-04T07:52:02.175449Z[0m [32m INFO[0m bolt RUN executed [3mevent_id[0m[2m=[0m"bolt.log.query" [3mquery[0m[2m=[0mUNWIND $rows AS row
		 MATCH (o:Order {orderID: row.orderID})
		 MATCH (p:Product {productID: row.productID})
		 CREATE (o)-[:ORDERS {quantity: row.quantity, discount: row.discount}]->(p) [3mfields[0m[2m=[0m[]
[2m2026-09-04T07:52:02.175551Z[0m [32m INFO[0m bolt message received [3mevent_id[0m[2m=[0m"bolt.log.run" [3msignature[0m[2m=[0m"0x3F"
[2m2026-09-04T07:52:02.175562Z[0m [32m INFO[0m bolt sending responses [3mevent_id[0m[2m=[0m"bolt.log.run" [3mresponse_count[0m[2m=[0m2 [3mresponse_bytes[0m[2m=[0m163 [3mtransport[0m[2m=[0m"tcp"
[2m2026-09-04T07:52:02.175953Z[0m [32m INFO[0m bolt message received [3mevent_id[0m[2m=[0m"bolt.log.run" [3msignature[0m[2m=[0m"0x10"
[2m2026-09-04T07:52:02.200189Z[0m [32m INFO[0m [1mnornicdb.bolt.run[0m:[1mnornicdb.cypher.execute[0m: query phase breakdown [3mquery_hash[0m[2m=[0m1524916313068911758 [3mphase_parse_cache_us[0m[2m=[0m2 [3mphase_compliance_us[0m[2m=[0m1 [3mphase_pattern_us[0m[2m=[0m22 [3mphase_eval_us[0m[2m=[0m92160 [3mphase_audit_us[0m[2m=[0m503 [3mphase_total_us[0m[2m=[0m92688 [2m[3mdb.system[0m[2m=[0m"neo4j"[0m [2m[3mdb.operation.name[0m[2m=[0m"read"[0m
[2m2026-09-04T07:52:02.200394Z[0m [32m INFO[0m bolt RUN executed [3mevent_id[0m[2m=[0m"bolt.log.query" [3mquery[0m[2m=[0mUNWIND $rows AS row
		 MATCH (o:Order {orderID: row.orderID})
		 MATCH (p:Product {productID: row.productID})
		 CREATE (o)-[:ORDERS {quantity: row.quantity, discount: row.discount}]->(p) [3mfields[0m[2m=[0m[]
[2m2026-09-04T07:52:02.200506Z[0m [32m INFO[0m bolt message received [3mevent_id[0m[2m=[0m"bolt.log.run" [3msignature[0m[2m=[0m"0x3F"
[2m2026-09-04T07:52:02.200515Z[0m [32m INFO[0m bolt sending responses [3mevent_id[0m[2m=[0m"bolt.log.run" [3mresponse_count[0m[2m=[0m2 [3mresponse_bytes[0m[2m=[0m163 [3mtransport[0m[2m=[0m"tcp"
[2m2026-09-04T07:52:02.200928Z[0m [32m INFO[0m bolt message received [3mevent_id[0m[2m=[0m"bolt.log.run" [3msignature[0m[2m=[0m"0x10"
[2m2026-09-04T07:52:02.208264Z[0m [32m INFO[0m [1mnornicdb.bolt.run[0m:[1mnornicdb.cypher.execute[0m: query phase breakdown [3mquery_hash[0m[2m=[0m1524916313068911758 [3mphase_parse_cache_us[0m[2m=[0m3 [3mphase_compliance_us[0m[2m=[0m1 [3mphase_pattern_us[0m[2m=[0m26 [3mphase_eval_us[0m[2m=[0m90711 [3mphase_audit_us[0m[2m=[0m492 [3mphase_total_us[0m[2m=[0m91233 [2m[3mdb.system[0m[2m=[0m"neo4j"[0m [2m[3mdb.operation.name[0m[2m=[0m"read"[0m
[2m2026-09-04T07:52:02.208479Z[0m [32m INFO[0m bolt RUN executed [3mevent_id[0m[2m=[0m"bolt.log.query" [3mquery[0m[2m=[0mUNWIND $rows AS row
		 MATCH (o:Order {orderID: row.orderID})
		 MATCH (p:Product {productID: row.productID})
		 CREATE (o)-[:ORDERS {quantity: row.quantity, discount: row.discount}]->(p) [3mfields[0m[2m=[0m[]
[2m2026-09-04T07:52:02.208586Z[0m [32m INFO[0m bolt message received [3mevent_id[0m[2m=[0m"bolt.log.run" [3msignature[0m[2m=[0m"0x3F"
[2m2026-09-04T07:52:02.208599Z[0m [32m INFO[0m bolt sending responses [3mevent_id[0m[2m=[0m"bolt.log.run" [3mresponse_count[0m[2m=[0m2 [3mresponse_bytes[0m[2m=[0m163 [3mtransport[0m[2m=[0m"tcp"
[2m2026-09-04T07:52:02.208971Z[0m [32m INFO[0m bolt message received [3mevent_id[0m[2m=[0m"bolt.log.run" [3msignature[0m[2m=[0m"0x10"
[2m2026-09-04T07:52:02.215639Z[0m [32m INFO[0m [1mnornicdb.bolt.run[0m:[1mnornicdb.cypher.execute[0m: query phase breakdown [3mquery_hash[0m[2m=[0m1524916313068911758 [3mphase_parse_cache_us[0m[2m=[0m4 [3mphase_compliance_us[0m[2m=[0m1 [3mphase_pattern_us[0m[2m=[0m23 [3mphase_eval_us[0m[2m=[0m87963 [3mphase_audit_us[0m[2m=[0m196 [3mphase_total_us[0m[2m=[0m88187 [2m[3mdb.system[0m[2m=[0m"neo4j"[0m [2m[3mdb.operation.name[0m[2m=[0m"read"[0m
[2m2026-09-04T07:52:02.215841Z[0m [32m INFO[0m bolt RUN executed [3mevent_id[0m[2m=[0m"bolt.log.query" [3mquery[0m[2m=[0mUNWIND $rows AS row
		 MATCH (o:Order {orderID: row.orderID})
		 MATCH (p:Product {productID: row.productID})
		 CREATE (o)-[:ORDERS {quantity: row.quantity, discount: row.discount}]->(p) [3mfields[0m[2m=[0m[]
[2m2026-09-04T07:52:02.215950Z[0m [32m INFO[0m bolt message received [3mevent_id[0m[2m=[0m"bolt.log.run" [3msignature[0m[2m=[0m"0x3F"
[2m2026-09-04T07:52:02.215961Z[0m [32m INFO[0m bolt sending responses [3mevent_id[0m[2m=[0m"bolt.log.run" [3mresponse_count[0m[2m=[0m2 [3mresponse_bytes[0m[2m=[0m163 [3mtransport[0m[2m=[0m"tcp"
[2m2026-09-04T07:52:02.216365Z[0m [32m INFO[0m bolt message received [3mevent_id[0m[2m=[0m"bolt.log.run" [3msignature[0m[2m=[0m"0x10"
[2m2026-09-04T07:52:02.224295Z[0m [32m INFO[0m [1mnornicdb.bolt.run[0m:[1mnornicdb.cypher.execute[0m: query phase breakdown [3mquery_hash[0m[2m=[0m1524916313068911758 [3mphase_parse_cache_us[0m[2m=[0m4 [3mphase_compliance_us[0m[2m=[0m1 [3mphase_pattern_us[0m[2m=[0m23 [3mphase_eval_us[0m[2m=[0m47986 [3mphase_audit_us[0m[2m=[0m186 [3mphase_total_us[0m[2m=[0m48200 [2m[3mdb.system[0m[2m=[0m"neo4j"[0m [2m[3mdb.operation.name[0m[2m=[0m"read"[0m
[2m2026-09-04T07:52:02.224506Z[0m [32m INFO[0m bolt RUN executed [3mevent_id[0m[2m=[0m"bolt.log.query" [3mquery[0m[2m=[0mUNWIND $rows AS row
		 MATCH (o:Order {orderID: row.orderID})
		 MATCH (p:Product {productID: row.productID})
		 CREATE (o)-[:ORDERS {quantity: row.quantity, discount: row.discount}]->(p) [3mfields[0m[2m=[0m[]
[2m2026-09-04T07:52:02.224605Z[0m [32m INFO[0m bolt message received [3mevent_id[0m[2m=[0m"bolt.log.run" [3msignature[0m[2m=[0m"0x3F"
[2m2026-09-04T07:52:02.224619Z[0m [32m INFO[0m bolt sending responses [3mevent_id[0m[2m=[0m"bolt.log.run" [3mresponse_count[0m[2m=[0m2 [3mresponse_bytes[0m[2m=[0m163 [3mtransport[0m[2m=[0m"tcp"
[2m2026-09-04T07:52:02.224970Z[0m [32m INFO[0m bolt message received [3mevent_id[0m[2m=[0m"bolt.log.run" [3msignature[0m[2m=[0m"0x10"
[2m2026-09-04T07:52:02.258918Z[0m [32m INFO[0m [1mnornicdb.bolt.run[0m:[1mnornicdb.cypher.execute[0m: query phase breakdown [3mquery_hash[0m[2m=[0m1524916313068911758 [3mphase_parse_cache_us[0m[2m=[0m4 [3mphase_compliance_us[0m[2m=[0m1 [3mphase_pattern_us[0m[2m=[0m24 [3mphase_eval_us[0m[2m=[0m57190 [3mphase_audit_us[0m[2m=[0m630 [3mphase_total_us[0m[2m=[0m57849 [2m[3mdb.system[0m[2m=[0m"neo4j"[0m [2m[3mdb.operation.name[0m[2m=[0m"read"[0m
[2m2026-09-04T07:52:02.259133Z[0m [32m INFO[0m bolt RUN executed [3mevent_id[0m[2m=[0m"bolt.log.query" [3mquery[0m[2m=[0mUNWIND $rows AS row
		 MATCH (o:Order {orderID: row.orderID})
		 MATCH (p:Product {productID: row.productID})
		 CREATE (o)-[:ORDERS {quantity: row.quantity, discount: row.discount}]->(p) [3mfields[0m[2m=[0m[]
[2m2026-09-04T07:52:02.259264Z[0m [32m INFO[0m bolt message received [3mevent_id[0m[2m=[0m"bolt.log.run" [3msignature[0m[2m=[0m"0x3F"
[2m2026-09-04T07:52:02.259285Z[0m [32m INFO[0m bolt sending responses [3mevent_id[0m[2m=[0m"bolt.log.run" [3mresponse_count[0m[2m=[0m2 [3mresponse_bytes[0m[2m=[0m163 [3mtransport[0m[2m=[0m"tcp"
[2m2026-09-04T07:52:02.259637Z[0m [32m INFO[0m bolt message received [3mevent_id[0m[2m=[0m"bolt.log.run" [3msignature[0m[2m=[0m"0x10"
[2m2026-09-04T07:52:02.267391Z[0m [32m INFO[0m [1mnornicdb.bolt.run[0m:[1mnornicdb.cypher.execute[0m: query phase breakdown [3mquery_hash[0m[2m=[0m1524916313068911758 [3mphase_parse_cache_us[0m[2m=[0m2 [3mphase_compliance_us[0m[2m=[0m1 [3mphase_pattern_us[0m[2m=[0m23 [3mphase_eval_us[0m[2m=[0m57717 [3mphase_audit_us[0m[2m=[0m532 [3mphase_total_us[0m[2m=[0m58275 [2m[3mdb.system[0m[2m=[0m"neo4j"[0m [2m[3mdb.operation.name[0m[2m=[0m"read"[0m
[2m2026-09-04T07:52:02.267599Z[0m [32m INFO[0m bolt RUN executed [3mevent_id[0m[2m=[0m"bolt.log.query" [3mquery[0m[2m=[0mUNWIND $rows AS row
		 MATCH (o:Order {orderID: row.orderID})
		 MATCH (p:Product {productID: row.productID})
		 CREATE (o)-[:ORDERS {quantity: row.quantity, discount: row.discount}]->(p) [3mfields[0m[2m=[0m[]
[2m2026-09-04T07:52:02.267707Z[0m [32m INFO[0m bolt message received [3mevent_id[0m[2m=[0m"bolt.log.run" [3msignature[0m[2m=[0m"0x3F"
[2m2026-09-04T07:52:02.267716Z[0m [32m INFO[0m bolt sending responses [3mevent_id[0m[2m=[0m"bolt.log.run" [3mresponse_count[0m[2m=[0m2 [3mresponse_bytes[0m[2m=[0m163 [3mtransport[0m[2m=[0m"tcp"
[2m2026-09-04T07:52:02.268091Z[0m [32m INFO[0m bolt message received [3mevent_id[0m[2m=[0m"bolt.log.run" [3msignature[0m[2m=[0m"0x10"
[2m2026-09-04T07:52:02.276226Z[0m [32m INFO[0m [1mnornicdb.bolt.run[0m:[1mnornicdb.cypher.execute[0m: query phase breakdown [3mquery_hash[0m[2m=[0m1524916313068911758 [3mphase_parse_cache_us[0m[2m=[0m3 [3mphase_compliance_us[0m[2m=[0m1 [3mphase_pattern_us[0m[2m=[0m23 [3mphase_eval_us[0m[2m=[0m58941 [3mphase_audit_us[0m[2m=[0m712 [3mphase_total_us[0m[2m=[0m59680 [2m[3mdb.system[0m[2m=[0m"neo4j"[0m [2m[3mdb.operation.name[0m[2m=[0m"read"[0m
[2m2026-09-04T07:52:02.276441Z[0m [32m INFO[0m bolt RUN executed [3mevent_id[0m[2m=[0m"bolt.log.query" [3mquery[0m[2m=[0mUNWIND $rows AS row
		 MATCH (o:Order {orderID: row.orderID})
		 MATCH (p:Product {productID: row.productID})
		 CREATE (o)-[:ORDERS {quantity: row.quantity, discount: row.discount}]->(p) [3mfields[0m[2m=[0m[]
[2m2026-09-04T07:52:02.276556Z[0m [32m INFO[0m bolt message received [3mevent_id[0m[2m=[0m"bolt.log.run" [3msignature[0m[2m=[0m"0x3F"
[2m2026-09-04T07:52:02.276566Z[0m [32m INFO[0m bolt sending responses [3mevent_id[0m[2m=[0m"bolt.log.run" [3mresponse_count[0m[2m=[0m2 [3mresponse_bytes[0m[2m=[0m163 [3mtransport[0m[2m=[0m"tcp"
[2m2026-09-04T07:52:02.276884Z[0m [32m INFO[0m bolt message received [3mevent_id[0m[2m=[0m"bolt.log.run" [3msignature[0m[2m=[0m"0x10"
[2m2026-09-04T07:52:02.312111Z[0m [32m INFO[0m [1mnornicdb.bolt.run[0m:[1mnornicdb.cypher.execute[0m: query phase breakdown [3mquery_hash[0m[2m=[0m1524916313068911758 [3mphase_parse_cache_us[0m[2m=[0m3 [3mphase_compliance_us[0m[2m=[0m1 [3mphase_pattern_us[0m[2m=[0m22 [3mphase_eval_us[0m[2m=[0m66254 [3mphase_audit_us[0m[2m=[0m20724 [3mphase_total_us[0m[2m=[0m87004 [2m[3mdb.system[0m[2m=[0m"neo4j"[0m [2m[3mdb.operation.name[0m[2m=[0m"read"[0m
[2m2026-09-04T07:52:02.312362Z[0m [32m INFO[0m bolt RUN executed [3mevent_id[0m[2m=[0m"bolt.log.query" [3mquery[0m[2m=[0mUNWIND $rows AS row
		 MATCH (o:Order {orderID: row.orderID})
		 MATCH (p:Product {productID: row.productID})
		 CREATE (o)-[:ORDERS {quantity: row.quantity, discount: row.discount}]->(p) [3mfields[0m[2m=[0m[]
[2m2026-09-04T07:52:02.312465Z[0m [32m INFO[0m bolt message received [3mevent_id[0m[2m=[0m"bolt.log.run" [3msignature[0m[2m=[0m"0x3F"
[2m2026-09-04T07:52:02.312476Z[0m [32m INFO[0m bolt sending responses [3mevent_id[0m[2m=[0m"bolt.log.run" [3mresponse_count[0m[2m=[0m2 [3mresponse_bytes[0m[2m=[0m163 [3mtransport[0m[2m=[0m"tcp"
[2m2026-09-04T07:52:02.312812Z[0m [32m INFO[0m bolt message received [3mevent_id[0m[2m=[0m"bolt.log.run" [3msignature[0m[2m=[0m"0x10"
[2m2026-09-04T07:52:02.339421Z[0m [32m INFO[0m [1mnornicdb.bolt.run[0m:[1mnornicdb.cypher.execute[0m: query phase breakdown [3mquery_hash[0m[2m=[0m1524916313068911758 [3mphase_parse_cache_us[0m[2m=[0m4 [3mphase_compliance_us[0m[2m=[0m2 [3mphase_pattern_us[0m[2m=[0m23 [3mphase_eval_us[0m[2m=[0m78676 [3mphase_audit_us[0m[2m=[0m908 [3mphase_total_us[0m[2m=[0m79613 [2m[3mdb.system[0m[2m=[0m"neo4j"[0m [2m[3mdb.operation.name[0m[2m=[0m"read"[0m
[2m2026-09-04T07:52:02.339636Z[0m [32m INFO[0m bolt RUN executed [3mevent_id[0m[2m=[0m"bolt.log.query" [3mquery[0m[2m=[0mUNWIND $rows AS row
		 MATCH (o:Order {orderID: row.orderID})
		 MATCH (p:Product {productID: row.productID})
		 CREATE (o)-[:ORDERS {quantity: row.quantity, discount: row.discount}]->(p) [3mfields[0m[2m=[0m[]
[2m2026-09-04T07:52:02.339751Z[0m [32m INFO[0m bolt message received [3mevent_id[0m[2m=[0m"bolt.log.run" [3msignature[0m[2m=[0m"0x3F"
[2m2026-09-04T07:52:02.339762Z[0m [32m INFO[0m bolt sending responses [3mevent_id[0m[2m=[0m"bolt.log.run" [3mresponse_count[0m[2m=[0m2 [3mresponse_bytes[0m[2m=[0m163 [3mtransport[0m[2m=[0m"tcp"
[2m2026-09-04T07:52:02.340117Z[0m [32m INFO[0m bolt message received [3mevent_id[0m[2m=[0m"bolt.log.run" [3msignature[0m[2m=[0m"0x10"
[2m2026-09-04T07:52:02.348060Z[0m [32m INFO[0m [1mnornicdb.bolt.run[0m:[1mnornicdb.cypher.execute[0m: query phase breakdown [3mquery_hash[0m[2m=[0m1524916313068911758 [3mphase_parse_cache_us[0m[2m=[0m3 [3mphase_compliance_us[0m[2m=[0m1 [3mphase_pattern_us[0m[2m=[0m23 [3mphase_eval_us[0m[2m=[0m79293 [3mphase_audit_us[0m[2m=[0m481 [3mphase_total_us[0m[2m=[0m79801 [2m[3mdb.system[0m[2m=[0m"neo4j"[0m [2m[3mdb.operation.name[0m[2m=[0m"read"[0m
[2m2026-09-04T07:52:02.348255Z[0m [32m INFO[0m bolt RUN executed [3mevent_id[0m[2m=[0m"bolt.log.query" [3mquery[0m[2m=[0mUNWIND $rows AS row
		 MATCH (o:Order {orderID: row.orderID})
		 MATCH (p:Product {productID: row.productID})
		 CREATE (o)-[:ORDERS {quantity: row.quantity, discount: row.discount}]->(p) [3mfields[0m[2m=[0m[]
[2m2026-09-04T07:52:02.348354Z[0m [32m INFO[0m bolt message received [3mevent_id[0m[2m=[0m"bolt.log.run" [3msignature[0m[2m=[0m"0x3F"
[2m2026-09-04T07:52:02.348364Z[0m [32m INFO[0m bolt sending responses [3mevent_id[0m[2m=[0m"bolt.log.run" [3mresponse_count[0m[2m=[0m2 [3mresponse_bytes[0m[2m=[0m163 [3mtransport[0m[2m=[0m"tcp"
[2m2026-09-04T07:52:02.348679Z[0m [32m INFO[0m bolt message received [3mevent_id[0m[2m=[0m"bolt.log.run" [3msignature[0m[2m=[0m"0x10"
[2m2026-09-04T07:52:02.355816Z[0m [32m INFO[0m [1mnornicdb.bolt.run[0m:[1mnornicdb.cypher.execute[0m: query phase breakdown [3mquery_hash[0m[2m=[0m1524916313068911758 [3mphase_parse_cache_us[0m[2m=[0m3 [3mphase_compliance_us[0m[2m=[0m1 [3mphase_pattern_us[0m[2m=[0m23 [3mphase_eval_us[0m[2m=[0m78513 [3mphase_audit_us[0m[2m=[0m171 [3mphase_total_us[0m[2m=[0m78711 [2m[3mdb.system[0m[2m=[0m"neo4j"[0m [2m[3mdb.operation.name[0m[2m=[0m"read"[0m
[2m2026-09-04T07:52:02.356031Z[0m [32m INFO[0m bolt RUN executed [3mevent_id[0m[2m=[0m"bolt.log.query" [3mquery[0m[2m=[0mUNWIND $rows AS row
		 MATCH (o:Order {orderID: row.orderID})
		 MATCH (p:Product {productID: row.productID})
		 CREATE (o)-[:ORDERS {quantity: row.quantity, discount: row.discount}]->(p) [3mfields[0m[2m=[0m[]
[2m2026-09-04T07:52:02.356151Z[0m [32m INFO[0m bolt message received [3mevent_id[0m[2m=[0m"bolt.log.run" [3msignature[0m[2m=[0m"0x3F"
[2m2026-09-04T07:52:02.356160Z[0m [32m INFO[0m bolt sending responses [3mevent_id[0m[2m=[0m"bolt.log.run" [3mresponse_count[0m[2m=[0m2 [3mresponse_bytes[0m[2m=[0m163 [3mtransport[0m[2m=[0m"tcp"
[2m2026-09-04T07:52:02.356438Z[0m [32m INFO[0m bolt message received [3mevent_id[0m[2m=[0m"bolt.log.run" [3msignature[0m[2m=[0m"0x10"
[2m2026-09-04T07:52:02.370256Z[0m [32m INFO[0m [1mnornicdb.bolt.run[0m:[1mnornicdb.cypher.execute[0m: query phase breakdown [3mquery_hash[0m[2m=[0m1524916313068911758 [3mphase_parse_cache_us[0m[2m=[0m3 [3mphase_compliance_us[0m[2m=[0m1 [3mphase_pattern_us[0m[2m=[0m22 [3mphase_eval_us[0m[2m=[0m57025 [3mphase_audit_us[0m[2m=[0m221 [3mphase_total_us[0m[2m=[0m57272 [2m[3mdb.system[0m[2m=[0m"neo4j"[0m [2m[3mdb.operation.name[0m[2m=[0m"read"[0m
[2m2026-09-04T07:52:02.370460Z[0m [32m INFO[0m bolt RUN executed [3mevent_id[0m[2m=[0m"bolt.log.query" [3mquery[0m[2m=[0mUNWIND $rows AS row
		 MATCH (o:Order {orderID: row.orderID})
		 MATCH (p:Product {productID: row.productID})
		 CREATE (o)-[:ORDERS {quantity: row.quantity, discount: row.discount}]->(p) [3mfields[0m[2m=[0m[]
[2m2026-09-04T07:52:02.370559Z[0m [32m INFO[0m bolt message received [3mevent_id[0m[2m=[0m"bolt.log.run" [3msignature[0m[2m=[0m"0x3F"
[2m2026-09-04T07:52:02.370568Z[0m [32m INFO[0m bolt sending responses [3mevent_id[0m[2m=[0m"bolt.log.run" [3mresponse_count[0m[2m=[0m2 [3mresponse_bytes[0m[2m=[0m163 [3mtransport[0m[2m=[0m"tcp"
[2m2026-09-04T07:52:02.370896Z[0m [32m INFO[0m bolt message received [3mevent_id[0m[2m=[0m"bolt.log.run" [3msignature[0m[2m=[0m"0x10"
[2m2026-09-04T07:52:02.397621Z[0m [32m INFO[0m [1mnornicdb.bolt.run[0m:[1mnornicdb.cypher.execute[0m: query phase breakdown [3mquery_hash[0m[2m=[0m1524916313068911758 [3mphase_parse_cache_us[0m[2m=[0m3 [3mphase_compliance_us[0m[2m=[0m1 [3mphase_pattern_us[0m[2m=[0m22 [3mphase_eval_us[0m[2m=[0m57150 [3mphase_audit_us[0m[2m=[0m176 [3mphase_total_us[0m[2m=[0m57352 [2m[3mdb.system[0m[2m=[0m"neo4j"[0m [2m[3mdb.operation.name[0m[2m=[0m"read"[0m
[2m2026-09-04T07:52:02.397806Z[0m [32m INFO[0m bolt RUN executed [3mevent_id[0m[2m=[0m"bolt.log.query" [3mquery[0m[2m=[0mUNWIND $rows AS row
		 MATCH (o:Order {orderID: row.orderID})
		 MATCH (p:Product {productID: row.productID})
		 CREATE (o)-[:ORDERS {quantity: row.quantity, discount: row.discount}]->(p) [3mfields[0m[2m=[0m[]
[2m2026-09-04T07:52:02.397909Z[0m [32m INFO[0m bolt message received [3mevent_id[0m[2m=[0m"bolt.log.run" [3msignature[0m[2m=[0m"0x3F"
[2m2026-09-04T07:52:02.397919Z[0m [32m INFO[0m bolt sending responses [3mevent_id[0m[2m=[0m"bolt.log.run" [3mresponse_count[0m[2m=[0m2 [3mresponse_bytes[0m[2m=[0m163 [3mtransport[0m[2m=[0m"tcp"
[2m2026-09-04T07:52:02.398257Z[0m [32m INFO[0m bolt message received [3mevent_id[0m[2m=[0m"bolt.log.run" [3msignature[0m[2m=[0m"0x10"
[2m2026-09-04T07:52:02.406512Z[0m [32m INFO[0m [1mnornicdb.bolt.run[0m:[1mnornicdb.cypher.execute[0m: query phase breakdown [3mquery_hash[0m[2m=[0m1524916313068911758 [3mphase_parse_cache_us[0m[2m=[0m3 [3mphase_compliance_us[0m[2m=[0m1 [3mphase_pattern_us[0m[2m=[0m23 [3mphase_eval_us[0m[2m=[0m57113 [3mphase_audit_us[0m[2m=[0m552 [3mphase_total_us[0m[2m=[0m57692 [2m[3mdb.system[0m[2m=[0m"neo4j"[0m [2m[3mdb.operation.name[0m[2m=[0m"read"[0m
[2m2026-09-04T07:52:02.406732Z[0m [32m INFO[0m bolt RUN executed [3mevent_id[0m[2m=[0m"bolt.log.query" [3mquery[0m[2m=[0mUNWIND $rows AS row
		 MATCH (o:Order {orderID: row.orderID})
		 MATCH (p:Product {productID: row.productID})
		 CREATE (o)-[:ORDERS {quantity: row.quantity, discount: row.discount}]->(p) [3mfields[0m[2m=[0m[]
[2m2026-09-04T07:52:02.406834Z[0m [32m INFO[0m bolt message received [3mevent_id[0m[2m=[0m"bolt.log.run" [3msignature[0m[2m=[0m"0x3F"
[2m2026-09-04T07:52:02.406845Z[0m [32m INFO[0m bolt sending responses [3mevent_id[0m[2m=[0m"bolt.log.run" [3mresponse_count[0m[2m=[0m2 [3mresponse_bytes[0m[2m=[0m163 [3mtransport[0m[2m=[0m"tcp"
[2m2026-09-04T07:52:02.407165Z[0m [32m INFO[0m bolt message received [3mevent_id[0m[2m=[0m"bolt.log.run" [3msignature[0m[2m=[0m"0x10"
[2m2026-09-04T07:52:02.414263Z[0m [32m INFO[0m [1mnornicdb.bolt.run[0m:[1mnornicdb.cypher.execute[0m: query phase breakdown [3mquery_hash[0m[2m=[0m1524916313068911758 [3mphase_parse_cache_us[0m[2m=[0m2 [3mphase_compliance_us[0m[2m=[0m1 [3mphase_pattern_us[0m[2m=[0m21 [3mphase_eval_us[0m[2m=[0m57491 [3mphase_audit_us[0m[2m=[0m173 [3mphase_total_us[0m[2m=[0m57688 [2m[3mdb.system[0m[2m=[0m"neo4j"[0m [2m[3mdb.operation.name[0m[2m=[0m"read"[0m
[2m2026-09-04T07:52:02.414463Z[0m [32m INFO[0m bolt RUN executed [3mevent_id[0m[2m=[0m"bolt.log.query" [3mquery[0m[2m=[0mUNWIND $rows AS row
		 MATCH (o:Order {orderID: row.orderID})
		 MATCH (p:Product {productID: row.productID})
		 CREATE (o)-[:ORDERS {quantity: row.quantity, discount: row.discount}]->(p) [3mfields[0m[2m=[0m[]
[2m2026-09-04T07:52:02.414569Z[0m [32m INFO[0m bolt message received [3mevent_id[0m[2m=[0m"bolt.log.run" [3msignature[0m[2m=[0m"0x3F"
[2m2026-09-04T07:52:02.414579Z[0m [32m INFO[0m bolt sending responses [3mevent_id[0m[2m=[0m"bolt.log.run" [3mresponse_count[0m[2m=[0m2 [3mresponse_bytes[0m[2m=[0m163 [3mtransport[0m[2m=[0m"tcp"
[2m2026-09-04T07:52:02.414932Z[0m [32m INFO[0m bolt message received [3mevent_id[0m[2m=[0m"bolt.log.run" [3msignature[0m[2m=[0m"0x10"
[2m2026-09-04T07:52:02.426818Z[0m [32m INFO[0m [1mnornicdb.bolt.run[0m:[1mnornicdb.cypher.execute[0m: query phase breakdown [3mquery_hash[0m[2m=[0m1524916313068911758 [3mphase_parse_cache_us[0m[2m=[0m3 [3mphase_compliance_us[0m[2m=[0m1 [3mphase_pattern_us[0m[2m=[0m23 [3mphase_eval_us[0m[2m=[0m55528 [3mphase_audit_us[0m[2m=[0m194 [3mphase_total_us[0m[2m=[0m55749 [2m[3mdb.system[0m[2m=[0m"neo4j"[0m [2m[3mdb.operation.name[0m[2m=[0m"read"[0m
[2m2026-09-04T07:52:02.427023Z[0m [32m INFO[0m bolt RUN executed [3mevent_id[0m[2m=[0m"bolt.log.query" [3mquery[0m[2m=[0mUNWIND $rows AS row
		 MATCH (o:Order {orderID: row.orderID})
		 MATCH (p:Product {productID: row.productID})
		 CREATE (o)-[:ORDERS {quantity: row.quantity, discount: row.discount}]->(p) [3mfields[0m[2m=[0m[]
[2m2026-09-04T07:52:02.427117Z[0m [32m INFO[0m bolt message received [3mevent_id[0m[2m=[0m"bolt.log.run" [3msignature[0m[2m=[0m"0x3F"
[2m2026-09-04T07:52:02.427126Z[0m [32m INFO[0m bolt sending responses [3mevent_id[0m[2m=[0m"bolt.log.run" [3mresponse_count[0m[2m=[0m2 [3mresponse_bytes[0m[2m=[0m163 [3mtransport[0m[2m=[0m"tcp"
[2m2026-09-04T07:52:02.427457Z[0m [32m INFO[0m bolt message received [3mevent_id[0m[2m=[0m"bolt.log.run" [3msignature[0m[2m=[0m"0x10"
[2m2026-09-04T07:52:02.457661Z[0m [32m INFO[0m [1mnornicdb.bolt.run[0m:[1mnornicdb.cypher.execute[0m: query phase breakdown [3mquery_hash[0m[2m=[0m1524916313068911758 [3mphase_parse_cache_us[0m[2m=[0m2 [3mphase_compliance_us[0m[2m=[0m1 [3mphase_pattern_us[0m[2m=[0m23 [3mphase_eval_us[0m[2m=[0m59067 [3mphase_audit_us[0m[2m=[0m182 [3mphase_total_us[0m[2m=[0m59275 [2m[3mdb.system[0m[2m=[0m"neo4j"[0m [2m[3mdb.operation.name[0m[2m=[0m"read"[0m
[2m2026-09-04T07:52:02.457845Z[0m [32m INFO[0m bolt RUN executed [3mevent_id[0m[2m=[0m"bolt.log.query" [3mquery[0m[2m=[0mUNWIND $rows AS row
		 MATCH (o:Order {orderID: row.orderID})
		 MATCH (p:Product {productID: row.productID})
		 CREATE (o)-[:ORDERS {quantity: row.quantity, discount: row.discount}]->(p) [3mfields[0m[2m=[0m[]
[2m2026-09-04T07:52:02.457950Z[0m [32m INFO[0m bolt message received [3mevent_id[0m[2m=[0m"bolt.log.run" [3msignature[0m[2m=[0m"0x3F"
[2m2026-09-04T07:52:02.457959Z[0m [32m INFO[0m bolt sending responses [3mevent_id[0m[2m=[0m"bolt.log.run" [3mresponse_count[0m[2m=[0m2 [3mresponse_bytes[0m[2m=[0m163 [3mtransport[0m[2m=[0m"tcp"
[2m2026-09-04T07:52:02.458346Z[0m [32m INFO[0m bolt message received [3mevent_id[0m[2m=[0m"bolt.log.run" [3msignature[0m[2m=[0m"0x10"
[2m2026-09-04T07:52:02.477006Z[0m [32m INFO[0m [1mnornicdb.bolt.run[0m:[1mnornicdb.cypher.execute[0m: query phase breakdown [3mquery_hash[0m[2m=[0m1524916313068911758 [3mphase_parse_cache_us[0m[2m=[0m3 [3mphase_compliance_us[0m[2m=[0m1 [3mphase_pattern_us[0m[2m=[0m22 [3mphase_eval_us[0m[2m=[0m69515 [3mphase_audit_us[0m[2m=[0m177 [3mphase_total_us[0m[2m=[0m69718 [2m[3mdb.system[0m[2m=[0m"neo4j"[0m [2m[3mdb.operation.name[0m[2m=[0m"read"[0m
[2m2026-09-04T07:52:02.477188Z[0m [32m INFO[0m bolt RUN executed [3mevent_id[0m[2m=[0m"bolt.log.query" [3mquery[0m[2m=[0mUNWIND $rows AS row
		 MATCH (o:Order {orderID: row.orderID})
		 MATCH (p:Product {productID: row.productID})
		 CREATE (o)-[:ORDERS {quantity: row.quantity, discount: row.discount}]->(p) [3mfields[0m[2m=[0m[]
[2m2026-09-04T07:52:02.477288Z[0m [32m INFO[0m bolt message received [3mevent_id[0m[2m=[0m"bolt.log.run" [3msignature[0m[2m=[0m"0x3F"
[2m2026-09-04T07:52:02.477298Z[0m [32m INFO[0m bolt sending responses [3mevent_id[0m[2m=[0m"bolt.log.run" [3mresponse_count[0m[2m=[0m2 [3mresponse_bytes[0m[2m=[0m163 [3mtransport[0m[2m=[0m"tcp"
[2m2026-09-04T07:52:02.477701Z[0m [32m INFO[0m bolt message received [3mevent_id[0m[2m=[0m"bolt.log.run" [3msignature[0m[2m=[0m"0x10"
[2m2026-09-04T07:52:02.485437Z[0m [32m INFO[0m [1mnornicdb.bolt.run[0m:[1mnornicdb.cypher.execute[0m: query phase breakdown [3mquery_hash[0m[2m=[0m1524916313068911758 [3mphase_parse_cache_us[0m[2m=[0m3 [3mphase_compliance_us[0m[2m=[0m1 [3mphase_pattern_us[0m[2m=[0m21 [3mphase_eval_us[0m[2m=[0m70184 [3mphase_audit_us[0m[2m=[0m150 [3mphase_total_us[0m[2m=[0m70359 [2m[3mdb.system[0m[2m=[0m"neo4j"[0m [2m[3mdb.operation.name[0m[2m=[0m"read"[0m
[2m2026-09-04T07:52:02.485611Z[0m [32m INFO[0m bolt RUN executed [3mevent_id[0m[2m=[0m"bolt.log.query" [3mquery[0m[2m=[0mUNWIND $rows AS row
		 MATCH (o:Order {orderID: row.orderID})
		 MATCH (p:Product {productID: row.productID})
		 CREATE (o)-[:ORDERS {quantity: row.quantity, discount: row.discount}]->(p) [3mfields[0m[2m=[0m[]
[2m2026-09-04T07:52:02.485708Z[0m [32m INFO[0m bolt message received [3mevent_id[0m[2m=[0m"bolt.log.run" [3msignature[0m[2m=[0m"0x3F"
[2m2026-09-04T07:52:02.485716Z[0m [32m INFO[0m bolt sending responses [3mevent_id[0m[2m=[0m"bolt.log.run" [3mresponse_count[0m[2m=[0m2 [3mresponse_bytes[0m[2m=[0m163 [3mtransport[0m[2m=[0m"tcp"
[2m2026-09-04T07:52:02.486117Z[0m [32m INFO[0m bolt message received [3mevent_id[0m[2m=[0m"bolt.log.run" [3msignature[0m[2m=[0m"0x10"
[2m2026-09-04T07:52:02.494055Z[0m [32m INFO[0m [1mnornicdb.bolt.run[0m:[1mnornicdb.cypher.execute[0m: query phase breakdown [3mquery_hash[0m[2m=[0m1524916313068911758 [3mphase_parse_cache_us[0m[2m=[0m2 [3mphase_compliance_us[0m[2m=[0m1 [3mphase_pattern_us[0m[2m=[0m20 [3mphase_eval_us[0m[2m=[0m66212 [3mphase_audit_us[0m[2m=[0m202 [3mphase_total_us[0m[2m=[0m66437 [2m[3mdb.system[0m[2m=[0m"neo4j"[0m [2m[3mdb.operation.name[0m[2m=[0m"read"[0m
[2m2026-09-04T07:52:02.494253Z[0m [32m INFO[0m bolt RUN executed [3mevent_id[0m[2m=[0m"bolt.log.query" [3mquery[0m[2m=[0mUNWIND $rows AS row
		 MATCH (o:Order {orderID: row.orderID})
		 MATCH (p:Product {productID: row.productID})
		 CREATE (o)-[:ORDERS {quantity: row.quantity, discount: row.discount}]->(p) [3mfields[0m[2m=[0m[]
[2m2026-09-04T07:52:02.494355Z[0m [32m INFO[0m bolt message received [3mevent_id[0m[2m=[0m"bolt.log.run" [3msignature[0m[2m=[0m"0x3F"
[2m2026-09-04T07:52:02.494367Z[0m [32m INFO[0m bolt sending responses [3mevent_id[0m[2m=[0m"bolt.log.run" [3mresponse_count[0m[2m=[0m2 [3mresponse_bytes[0m[2m=[0m163 [3mtransport[0m[2m=[0m"tcp"
[2m2026-09-04T07:52:02.494730Z[0m [32m INFO[0m bolt message received [3mevent_id[0m[2m=[0m"bolt.log.run" [3msignature[0m[2m=[0m"0x10"
[2m2026-09-04T07:52:02.510442Z[0m [32m INFO[0m [1mnornicdb.bolt.run[0m:[1mnornicdb.cypher.execute[0m: query phase breakdown [3mquery_hash[0m[2m=[0m1524916313068911758 [3mphase_parse_cache_us[0m[2m=[0m3 [3mphase_compliance_us[0m[2m=[0m1 [3mphase_pattern_us[0m[2m=[0m22 [3mphase_eval_us[0m[2m=[0m51766 [3mphase_audit_us[0m[2m=[0m176 [3mphase_total_us[0m[2m=[0m51968 [2m[3mdb.system[0m[2m=[0m"neo4j"[0m [2m[3mdb.operation.name[0m[2m=[0m"read"[0m
[2m2026-09-04T07:52:02.510625Z[0m [32m INFO[0m bolt RUN executed [3mevent_id[0m[2m=[0m"bolt.log.query" [3mquery[0m[2m=[0mUNWIND $rows AS row
		 MATCH (o:Order {orderID: row.orderID})
		 MATCH (p:Product {productID: row.productID})
		 CREATE (o)-[:ORDERS {quantity: row.quantity, discount: row.discount}]->(p) [3mfields[0m[2m=[0m[]
[2m2026-09-04T07:52:02.510725Z[0m [32m INFO[0m bolt message received [3mevent_id[0m[2m=[0m"bolt.log.run" [3msignature[0m[2m=[0m"0x3F"
[2m2026-09-04T07:52:02.510733Z[0m [32m INFO[0m bolt sending responses [3mevent_id[0m[2m=[0m"bolt.log.run" [3mresponse_count[0m[2m=[0m2 [3mresponse_bytes[0m[2m=[0m163 [3mtransport[0m[2m=[0m"tcp"
[2m2026-09-04T07:52:02.511124Z[0m [32m INFO[0m bolt message received [3mevent_id[0m[2m=[0m"bolt.log.run" [3msignature[0m[2m=[0m"0x10"
[2m2026-09-04T07:52:02.536250Z[0m [32m INFO[0m [1mnornicdb.bolt.run[0m:[1mnornicdb.cypher.execute[0m: query phase breakdown [3mquery_hash[0m[2m=[0m1524916313068911758 [3mphase_parse_cache_us[0m[2m=[0m3 [3mphase_compliance_us[0m[2m=[0m2 [3mphase_pattern_us[0m[2m=[0m28 [3mphase_eval_us[0m[2m=[0m57477 [3mphase_audit_us[0m[2m=[0m860 [3mphase_total_us[0m[2m=[0m58370 [2m[3mdb.system[0m[2m=[0m"neo4j"[0m [2m[3mdb.operation.name[0m[2m=[0m"read"[0m
[2m2026-09-04T07:52:02.536459Z[0m [32m INFO[0m bolt RUN executed [3mevent_id[0m[2m=[0m"bolt.log.query" [3mquery[0m[2m=[0mUNWIND $rows AS row
		 MATCH (o:Order {orderID: row.orderID})
		 MATCH (p:Product {productID: row.productID})
		 CREATE (o)-[:ORDERS {quantity: row.quantity, discount: row.discount}]->(p) [3mfields[0m[2m=[0m[]
[2m2026-09-04T07:52:02.536560Z[0m [32m INFO[0m bolt message received [3mevent_id[0m[2m=[0m"bolt.log.run" [3msignature[0m[2m=[0m"0x3F"
[2m2026-09-04T07:52:02.536569Z[0m [32m INFO[0m bolt sending responses [3mevent_id[0m[2m=[0m"bolt.log.run" [3mresponse_count[0m[2m=[0m2 [3mresponse_bytes[0m[2m=[0m163 [3mtransport[0m[2m=[0m"tcp"
[2m2026-09-04T07:52:02.536936Z[0m [32m INFO[0m bolt message received [3mevent_id[0m[2m=[0m"bolt.log.run" [3msignature[0m[2m=[0m"0x10"
[2m2026-09-04T07:52:02.544559Z[0m [32m INFO[0m [1mnornicdb.bolt.run[0m:[1mnornicdb.cypher.execute[0m: query phase breakdown [3mquery_hash[0m[2m=[0m1524916313068911758 [3mphase_parse_cache_us[0m[2m=[0m3 [3mphase_compliance_us[0m[2m=[0m1 [3mphase_pattern_us[0m[2m=[0m21 [3mphase_eval_us[0m[2m=[0m58053 [3mphase_audit_us[0m[2m=[0m192 [3mphase_total_us[0m[2m=[0m58270 [2m[3mdb.system[0m[2m=[0m"neo4j"[0m [2m[3mdb.operation.name[0m[2m=[0m"read"[0m
[2m2026-09-04T07:52:02.544740Z[0m [32m INFO[0m bolt RUN executed [3mevent_id[0m[2m=[0m"bolt.log.query" [3mquery[0m[2m=[0mUNWIND $rows AS row
		 MATCH (o:Order {orderID: row.orderID})
		 MATCH (p:Product {productID: row.productID})
		 CREATE (o)-[:ORDERS {quantity: row.quantity, discount: row.discount}]->(p) [3mfields[0m[2m=[0m[]
[2m2026-09-04T07:52:02.544843Z[0m [32m INFO[0m bolt message received [3mevent_id[0m[2m=[0m"bolt.log.run" [3msignature[0m[2m=[0m"0x3F"
[2m2026-09-04T07:52:02.544852Z[0m [32m INFO[0m bolt sending responses [3mevent_id[0m[2m=[0m"bolt.log.run" [3mresponse_count[0m[2m=[0m2 [3mresponse_bytes[0m[2m=[0m163 [3mtransport[0m[2m=[0m"tcp"
[2m2026-09-04T07:52:02.545227Z[0m [32m INFO[0m bolt message received [3mevent_id[0m[2m=[0m"bolt.log.run" [3msignature[0m[2m=[0m"0x10"
[2m2026-09-04T07:52:02.553633Z[0m [32m INFO[0m [1mnornicdb.bolt.run[0m:[1mnornicdb.cypher.execute[0m: query phase breakdown [3mquery_hash[0m[2m=[0m1524916313068911758 [3mphase_parse_cache_us[0m[2m=[0m2 [3mphase_compliance_us[0m[2m=[0m1 [3mphase_pattern_us[0m[2m=[0m20 [3mphase_eval_us[0m[2m=[0m58594 [3mphase_audit_us[0m[2m=[0m157 [3mphase_total_us[0m[2m=[0m58774 [2m[3mdb.system[0m[2m=[0m"neo4j"[0m [2m[3mdb.operation.name[0m[2m=[0m"read"[0m
[2m2026-09-04T07:52:02.553816Z[0m [32m INFO[0m bolt RUN executed [3mevent_id[0m[2m=[0m"bolt.log.query" [3mquery[0m[2m=[0mUNWIND $rows AS row
		 MATCH (o:Order {orderID: row.orderID})
		 MATCH (p:Product {productID: row.productID})
		 CREATE (o)-[:ORDERS {quantity: row.quantity, discount: row.discount}]->(p) [3mfields[0m[2m=[0m[]
[2m2026-09-04T07:52:02.553908Z[0m [32m INFO[0m bolt message received [3mevent_id[0m[2m=[0m"bolt.log.run" [3msignature[0m[2m=[0m"0x3F"
[2m2026-09-04T07:52:02.553915Z[0m [32m INFO[0m bolt sending responses [3mevent_id[0m[2m=[0m"bolt.log.run" [3mresponse_count[0m[2m=[0m2 [3mresponse_bytes[0m[2m=[0m163 [3mtransport[0m[2m=[0m"tcp"
[2m2026-09-04T07:52:02.554305Z[0m [32m INFO[0m bolt message received [3mevent_id[0m[2m=[0m"bolt.log.run" [3msignature[0m[2m=[0m"0x10"
[2m2026-09-04T07:52:02.568644Z[0m [32m INFO[0m [1mnornicdb.bolt.run[0m:[1mnornicdb.cypher.execute[0m: query phase breakdown [3mquery_hash[0m[2m=[0m1524916313068911758 [3mphase_parse_cache_us[0m[2m=[0m2 [3mphase_compliance_us[0m[2m=[0m1 [3mphase_pattern_us[0m[2m=[0m22 [3mphase_eval_us[0m[2m=[0m57128 [3mphase_audit_us[0m[2m=[0m195 [3mphase_total_us[0m[2m=[0m57348 [2m[3mdb.system[0m[2m=[0m"neo4j"[0m [2m[3mdb.operation.name[0m[2m=[0m"read"[0m
[2m2026-09-04T07:52:02.568840Z[0m [32m INFO[0m bolt RUN executed [3mevent_id[0m[2m=[0m"bolt.log.query" [3mquery[0m[2m=[0mUNWIND $rows AS row
		 MATCH (o:Order {orderID: row.orderID})
		 MATCH (p:Product {productID: row.productID})
		 CREATE (o)-[:ORDERS {quantity: row.quantity, discount: row.discount}]->(p) [3mfields[0m[2m=[0m[]
[2m2026-09-04T07:52:02.568944Z[0m [32m INFO[0m bolt message received [3mevent_id[0m[2m=[0m"bolt.log.run" [3msignature[0m[2m=[0m"0x3F"
[2m2026-09-04T07:52:02.568954Z[0m [32m INFO[0m bolt sending responses [3mevent_id[0m[2m=[0m"bolt.log.run" [3mresponse_count[0m[2m=[0m2 [3mresponse_bytes[0m[2m=[0m163 [3mtransport[0m[2m=[0m"tcp"
[2m2026-09-04T07:52:02.569331Z[0m [32m INFO[0m bolt message received [3mevent_id[0m[2m=[0m"bolt.log.run" [3msignature[0m[2m=[0m"0x10"
[2m2026-09-04T07:52:02.595932Z[0m [32m INFO[0m [1mnornicdb.bolt.run[0m:[1mnornicdb.cypher.execute[0m: query phase breakdown [3mquery_hash[0m[2m=[0m1524916313068911758 [3mphase_parse_cache_us[0m[2m=[0m2 [3mphase_compliance_us[0m[2m=[0m1 [3mphase_pattern_us[0m[2m=[0m21 [3mphase_eval_us[0m[2m=[0m58295 [3mphase_audit_us[0m[2m=[0m552 [3mphase_total_us[0m[2m=[0m58871 [2m[3mdb.system[0m[2m=[0m"neo4j"[0m [2m[3mdb.operation.name[0m[2m=[0m"read"[0m
[2m2026-09-04T07:52:02.596130Z[0m [32m INFO[0m bolt RUN executed [3mevent_id[0m[2m=[0m"bolt.log.query" [3mquery[0m[2m=[0mUNWIND $rows AS row
		 MATCH (o:Order {orderID: row.orderID})
		 MATCH (p:Product {productID: row.productID})
		 CREATE (o)-[:ORDERS {quantity: row.quantity, discount: row.discount}]->(p) [3mfields[0m[2m=[0m[]
[2m2026-09-04T07:52:02.596239Z[0m [32m INFO[0m bolt message received [3mevent_id[0m[2m=[0m"bolt.log.run" [3msignature[0m[2m=[0m"0x3F"
[2m2026-09-04T07:52:02.596248Z[0m [32m INFO[0m bolt sending responses [3mevent_id[0m[2m=[0m"bolt.log.run" [3mresponse_count[0m[2m=[0m2 [3mresponse_bytes[0m[2m=[0m163 [3mtransport[0m[2m=[0m"tcp"
[2m2026-09-04T07:52:02.596652Z[0m [32m INFO[0m bolt message received [3mevent_id[0m[2m=[0m"bolt.log.run" [3msignature[0m[2m=[0m"0x10"
[2m2026-09-04T07:52:02.604980Z[0m [32m INFO[0m [1mnornicdb.bolt.run[0m:[1mnornicdb.cypher.execute[0m: query phase breakdown [3mquery_hash[0m[2m=[0m1524916313068911758 [3mphase_parse_cache_us[0m[2m=[0m2 [3mphase_compliance_us[0m[2m=[0m1 [3mphase_pattern_us[0m[2m=[0m20 [3mphase_eval_us[0m[2m=[0m58943 [3mphase_audit_us[0m[2m=[0m651 [3mphase_total_us[0m[2m=[0m59617 [2m[3mdb.system[0m[2m=[0m"neo4j"[0m [2m[3mdb.operation.name[0m[2m=[0m"read"[0m
[2m2026-09-04T07:52:02.605176Z[0m [32m INFO[0m bolt RUN executed [3mevent_id[0m[2m=[0m"bolt.log.query" [3mquery[0m[2m=[0mUNWIND $rows AS row
		 MATCH (o:Order {orderID: row.orderID})
		 MATCH (p:Product {productID: row.productID})
		 CREATE (o)-[:ORDERS {quantity: row.quantity, discount: row.discount}]->(p) [3mfields[0m[2m=[0m[]
[2m2026-09-04T07:52:02.605283Z[0m [32m INFO[0m bolt message received [3mevent_id[0m[2m=[0m"bolt.log.run" [3msignature[0m[2m=[0m"0x3F"
[2m2026-09-04T07:52:02.605292Z[0m [32m INFO[0m bolt sending responses [3mevent_id[0m[2m=[0m"bolt.log.run" [3mresponse_count[0m[2m=[0m2 [3mresponse_bytes[0m[2m=[0m163 [3mtransport[0m[2m=[0m"tcp"
[2m2026-09-04T07:52:02.605660Z[0m [32m INFO[0m bolt message received [3mevent_id[0m[2m=[0m"bolt.log.run" [3msignature[0m[2m=[0m"0x10"
[2m2026-09-04T07:52:02.613273Z[0m [32m INFO[0m [1mnornicdb.bolt.run[0m:[1mnornicdb.cypher.execute[0m: query phase breakdown [3mquery_hash[0m[2m=[0m1524916313068911758 [3mphase_parse_cache_us[0m[2m=[0m2 [3mphase_compliance_us[0m[2m=[0m1 [3mphase_pattern_us[0m[2m=[0m21 [3mphase_eval_us[0m[2m=[0m58587 [3mphase_audit_us[0m[2m=[0m184 [3mphase_total_us[0m[2m=[0m58795 [2m[3mdb.system[0m[2m=[0m"neo4j"[0m [2m[3mdb.operation.name[0m[2m=[0m"read"[0m
[2m2026-09-04T07:52:02.613476Z[0m [32m INFO[0m bolt RUN executed [3mevent_id[0m[2m=[0m"bolt.log.query" [3mquery[0m[2m=[0mUNWIND $rows AS row
		 MATCH (o:Order {orderID: row.orderID})
		 MATCH (p:Product {productID: row.productID})
		 CREATE (o)-[:ORDERS {quantity: row.quantity, discount: row.discount}]->(p) [3mfields[0m[2m=[0m[]
[2m2026-09-04T07:52:02.613572Z[0m [32m INFO[0m bolt message received [3mevent_id[0m[2m=[0m"bolt.log.run" [3msignature[0m[2m=[0m"0x3F"
[2m2026-09-04T07:52:02.613581Z[0m [32m INFO[0m bolt sending responses [3mevent_id[0m[2m=[0m"bolt.log.run" [3mresponse_count[0m[2m=[0m2 [3mresponse_bytes[0m[2m=[0m163 [3mtransport[0m[2m=[0m"tcp"
[2m2026-09-04T07:52:02.613942Z[0m [32m INFO[0m bolt message received [3mevent_id[0m[2m=[0m"bolt.log.run" [3msignature[0m[2m=[0m"0x10"
[2m2026-09-04T07:52:02.628117Z[0m [32m INFO[0m [1mnornicdb.bolt.run[0m:[1mnornicdb.cypher.execute[0m: query phase breakdown [3mquery_hash[0m[2m=[0m1524916313068911758 [3mphase_parse_cache_us[0m[2m=[0m2 [3mphase_compliance_us[0m[2m=[0m1 [3mphase_pattern_us[0m[2m=[0m21 [3mphase_eval_us[0m[2m=[0m58452 [3mphase_audit_us[0m[2m=[0m172 [3mphase_total_us[0m[2m=[0m58648 [2m[3mdb.system[0m[2m=[0m"neo4j"[0m [2m[3mdb.operation.name[0m[2m=[0m"read"[0m
[2m2026-09-04T07:52:02.628304Z[0m [32m INFO[0m bolt RUN executed [3mevent_id[0m[2m=[0m"bolt.log.query" [3mquery[0m[2m=[0mUNWIND $rows AS row
		 MATCH (o:Order {orderID: row.orderID})
		 MATCH (p:Product {productID: row.productID})
		 CREATE (o)-[:ORDERS {quantity: row.quantity, discount: row.discount}]->(p) [3mfields[0m[2m=[0m[]
[2m2026-09-04T07:52:02.628400Z[0m [32m INFO[0m bolt message received [3mevent_id[0m[2m=[0m"bolt.log.run" [3msignature[0m[2m=[0m"0x3F"
[2m2026-09-04T07:52:02.628408Z[0m [32m INFO[0m bolt sending responses [3mevent_id[0m[2m=[0m"bolt.log.run" [3mresponse_count[0m[2m=[0m2 [3mresponse_bytes[0m[2m=[0m163 [3mtransport[0m[2m=[0m"tcp"
[2m2026-09-04T07:52:02.628805Z[0m [32m INFO[0m bolt message received [3mevent_id[0m[2m=[0m"bolt.log.run" [3msignature[0m[2m=[0m"0x10"
[2m2026-09-04T07:52:02.654311Z[0m [32m INFO[0m [1mnornicdb.bolt.run[0m:[1mnornicdb.cypher.execute[0m: query phase breakdown [3mquery_hash[0m[2m=[0m1524916313068911758 [3mphase_parse_cache_us[0m[2m=[0m3 [3mphase_compliance_us[0m[2m=[0m1 [3mphase_pattern_us[0m[2m=[0m22 [3mphase_eval_us[0m[2m=[0m57332 [3mphase_audit_us[0m[2m=[0m166 [3mphase_total_us[0m[2m=[0m57524 [2m[3mdb.system[0m[2m=[0m"neo4j"[0m [2m[3mdb.operation.name[0m[2m=[0m"read"[0m
[2m2026-09-04T07:52:02.654484Z[0m [32m INFO[0m bolt RUN executed [3mevent_id[0m[2m=[0m"bolt.log.query" [3mquery[0m[2m=[0mUNWIND $rows AS row
		 MATCH (o:Order {orderID: row.orderID})
		 MATCH (p:Product {productID: row.productID})
		 CREATE (o)-[:ORDERS {quantity: row.quantity, discount: row.discount}]->(p) [3mfields[0m[2m=[0m[]
[2m2026-09-04T07:52:02.654576Z[0m [32m INFO[0m bolt message received [3mevent_id[0m[2m=[0m"bolt.log.run" [3msignature[0m[2m=[0m"0x3F"
[2m2026-09-04T07:52:02.654583Z[0m [32m INFO[0m bolt sending responses [3mevent_id[0m[2m=[0m"bolt.log.run" [3mresponse_count[0m[2m=[0m2 [3mresponse_bytes[0m[2m=[0m163 [3mtransport[0m[2m=[0m"tcp"
[2m2026-09-04T07:52:02.655016Z[0m [32m INFO[0m bolt message received [3mevent_id[0m[2m=[0m"bolt.log.run" [3msignature[0m[2m=[0m"0x10"
[2m2026-09-04T07:52:02.664042Z[0m [32m INFO[0m [1mnornicdb.bolt.run[0m:[1mnornicdb.cypher.execute[0m: query phase breakdown [3mquery_hash[0m[2m=[0m1524916313068911758 [3mphase_parse_cache_us[0m[2m=[0m2 [3mphase_compliance_us[0m[2m=[0m1 [3mphase_pattern_us[0m[2m=[0m21 [3mphase_eval_us[0m[2m=[0m57537 [3mphase_audit_us[0m[2m=[0m685 [3mphase_total_us[0m[2m=[0m58246 [2m[3mdb.system[0m[2m=[0m"neo4j"[0m [2m[3mdb.operation.name[0m[2m=[0m"read"[0m
[2m2026-09-04T07:52:02.664234Z[0m [32m INFO[0m bolt RUN executed [3mevent_id[0m[2m=[0m"bolt.log.query" [3mquery[0m[2m=[0mUNWIND $rows AS row
		 MATCH (o:Order {orderID: row.orderID})
		 MATCH (p:Product {productID: row.productID})
		 CREATE (o)-[:ORDERS {quantity: row.quantity, discount: row.discount}]->(p) [3mfields[0m[2m=[0m[]
[2m2026-09-04T07:52:02.664344Z[0m [32m INFO[0m bolt message received [3mevent_id[0m[2m=[0m"bolt.log.run" [3msignature[0m[2m=[0m"0x3F"
[2m2026-09-04T07:52:02.664354Z[0m [32m INFO[0m bolt sending responses [3mevent_id[0m[2m=[0m"bolt.log.run" [3mresponse_count[0m[2m=[0m2 [3mresponse_bytes[0m[2m=[0m163 [3mtransport[0m[2m=[0m"tcp"
[2m2026-09-04T07:52:02.664748Z[0m [32m INFO[0m bolt message received [3mevent_id[0m[2m=[0m"bolt.log.run" [3msignature[0m[2m=[0m"0x10"
[2m2026-09-04T07:52:02.672177Z[0m [32m INFO[0m [1mnornicdb.bolt.run[0m:[1mnornicdb.cypher.execute[0m: query phase breakdown [3mquery_hash[0m[2m=[0m1524916313068911758 [3mphase_parse_cache_us[0m[2m=[0m2 [3mphase_compliance_us[0m[2m=[0m1 [3mphase_pattern_us[0m[2m=[0m21 [3mphase_eval_us[0m[2m=[0m57913 [3mphase_audit_us[0m[2m=[0m162 [3mphase_total_us[0m[2m=[0m58099 [2m[3mdb.system[0m[2m=[0m"neo4j"[0m [2m[3mdb.operation.name[0m[2m=[0m"read"[0m
[2m2026-09-04T07:52:02.672364Z[0m [32m INFO[0m bolt RUN executed [3mevent_id[0m[2m=[0m"bolt.log.query" [3mquery[0m[2m=[0mUNWIND $rows AS row
		 MATCH (o:Order {orderID: row.orderID})
		 MATCH (p:Product {productID: row.productID})
		 CREATE (o)-[:ORDERS {quantity: row.quantity, discount: row.discount}]->(p) [3mfields[0m[2m=[0m[]
[2m2026-09-04T07:52:02.672456Z[0m [32m INFO[0m bolt message received [3mevent_id[0m[2m=[0m"bolt.log.run" [3msignature[0m[2m=[0m"0x3F"
[2m2026-09-04T07:52:02.672463Z[0m [32m INFO[0m bolt sending responses [3mevent_id[0m[2m=[0m"bolt.log.run" [3mresponse_count[0m[2m=[0m2 [3mresponse_bytes[0m[2m=[0m163 [3mtransport[0m[2m=[0m"tcp"
[2m2026-09-04T07:52:02.672856Z[0m [32m INFO[0m bolt message received [3mevent_id[0m[2m=[0m"bolt.log.run" [3msignature[0m[2m=[0m"0x10"
[2m2026-09-04T07:52:02.683177Z[0m [32m INFO[0m [1mnornicdb.bolt.run[0m:[1mnornicdb.cypher.execute[0m: query phase breakdown [3mquery_hash[0m[2m=[0m1524916313068911758 [3mphase_parse_cache_us[0m[2m=[0m3 [3mphase_compliance_us[0m[2m=[0m1 [3mphase_pattern_us[0m[2m=[0m22 [3mphase_eval_us[0m[2m=[0m53988 [3mphase_audit_us[0m[2m=[0m185 [3mphase_total_us[0m[2m=[0m54199 [2m[3mdb.system[0m[2m=[0m"neo4j"[0m [2m[3mdb.operation.name[0m[2m=[0m"read"[0m
[2m2026-09-04T07:52:02.683362Z[0m [32m INFO[0m bolt RUN executed [3mevent_id[0m[2m=[0m"bolt.log.query" [3mquery[0m[2m=[0mUNWIND $rows AS row
		 MATCH (o:Order {orderID: row.orderID})
		 MATCH (p:Product {productID: row.productID})
		 CREATE (o)-[:ORDERS {quantity: row.quantity, discount: row.discount}]->(p) [3mfields[0m[2m=[0m[]
[2m2026-09-04T07:52:02.683459Z[0m [32m INFO[0m bolt message received [3mevent_id[0m[2m=[0m"bolt.log.run" [3msignature[0m[2m=[0m"0x3F"
[2m2026-09-04T07:52:02.683467Z[0m [32m INFO[0m bolt sending responses [3mevent_id[0m[2m=[0m"bolt.log.run" [3mresponse_count[0m[2m=[0m2 [3mresponse_bytes[0m[2m=[0m163 [3mtransport[0m[2m=[0m"tcp"
[2m2026-09-04T07:52:02.683863Z[0m [32m INFO[0m bolt message received [3mevent_id[0m[2m=[0m"bolt.log.run" [3msignature[0m[2m=[0m"0x10"
[2m2026-09-04T07:52:02.713197Z[0m [32m INFO[0m [1mnornicdb.bolt.run[0m:[1mnornicdb.cypher.execute[0m: query phase breakdown [3mquery_hash[0m[2m=[0m1524916313068911758 [3mphase_parse_cache_us[0m[2m=[0m3 [3mphase_compliance_us[0m[2m=[0m1 [3mphase_pattern_us[0m[2m=[0m22 [3mphase_eval_us[0m[2m=[0m57196 [3mphase_audit_us[0m[2m=[0m786 [3mphase_total_us[0m[2m=[0m58008 [2m[3mdb.system[0m[2m=[0m"neo4j"[0m [2m[3mdb.operation.name[0m[2m=[0m"read"[0m
[2m2026-09-04T07:52:02.713433Z[0m [32m INFO[0m bolt RUN executed [3mevent_id[0m[2m=[0m"bolt.log.query" [3mquery[0m[2m=[0mUNWIND $rows AS row
		 MATCH (o:Order {orderID: row.orderID})
		 MATCH (p:Product {productID: row.productID})
		 CREATE (o)-[:ORDERS {quantity: row.quantity, discount: row.discount}]->(p) [3mfields[0m[2m=[0m[]
[2m2026-09-04T07:52:02.713550Z[0m [32m INFO[0m bolt message received [3mevent_id[0m[2m=[0m"bolt.log.run" [3msignature[0m[2m=[0m"0x3F"
[2m2026-09-04T07:52:02.713559Z[0m [32m INFO[0m bolt sending responses [3mevent_id[0m[2m=[0m"bolt.log.run" [3mresponse_count[0m[2m=[0m2 [3mresponse_bytes[0m[2m=[0m163 [3mtransport[0m[2m=[0m"tcp"
[2m2026-09-04T07:52:02.713964Z[0m [32m INFO[0m bolt message received [3mevent_id[0m[2m=[0m"bolt.log.run" [3msignature[0m[2m=[0m"0x10"
[2m2026-09-04T07:52:02.734574Z[0m [32m INFO[0m [1mnornicdb.bolt.run[0m:[1mnornicdb.cypher.execute[0m: query phase breakdown [3mquery_hash[0m[2m=[0m1524916313068911758 [3mphase_parse_cache_us[0m[2m=[0m3 [3mphase_compliance_us[0m[2m=[0m1 [3mphase_pattern_us[0m[2m=[0m21 [3mphase_eval_us[0m[2m=[0m69163 [3mphase_audit_us[0m[2m=[0m508 [3mphase_total_us[0m[2m=[0m69696 [2m[3mdb.system[0m[2m=[0m"neo4j"[0m [2m[3mdb.operation.name[0m[2m=[0m"read"[0m
[2m2026-09-04T07:52:02.734777Z[0m [32m INFO[0m bolt RUN executed [3mevent_id[0m[2m=[0m"bolt.log.query" [3mquery[0m[2m=[0mUNWIND $rows AS row
		 MATCH (o:Order {orderID: row.orderID})
		 MATCH (p:Product {productID: row.productID})
		 CREATE (o)-[:ORDERS {quantity: row.quantity, discount: row.discount}]->(p) [3mfields[0m[2m=[0m[]
[2m2026-09-04T07:52:02.734889Z[0m [32m INFO[0m bolt message received [3mevent_id[0m[2m=[0m"bolt.log.run" [3msignature[0m[2m=[0m"0x3F"
[2m2026-09-04T07:52:02.734899Z[0m [32m INFO[0m bolt sending responses [3mevent_id[0m[2m=[0m"bolt.log.run" [3mresponse_count[0m[2m=[0m2 [3mresponse_bytes[0m[2m=[0m163 [3mtransport[0m[2m=[0m"tcp"
[2m2026-09-04T07:52:02.735305Z[0m [32m INFO[0m bolt message received [3mevent_id[0m[2m=[0m"bolt.log.run" [3msignature[0m[2m=[0m"0x10"
[2m2026-09-04T07:52:02.742750Z[0m [32m INFO[0m [1mnornicdb.bolt.run[0m:[1mnornicdb.cypher.execute[0m: query phase breakdown [3mquery_hash[0m[2m=[0m1524916313068911758 [3mphase_parse_cache_us[0m[2m=[0m2 [3mphase_compliance_us[0m[2m=[0m1 [3mphase_pattern_us[0m[2m=[0m21 [3mphase_eval_us[0m[2m=[0m69543 [3mphase_audit_us[0m[2m=[0m163 [3mphase_total_us[0m[2m=[0m69730 [2m[3mdb.system[0m[2m=[0m"neo4j"[0m [2m[3mdb.operation.name[0m[2m=[0m"read"[0m
[2m2026-09-04T07:52:02.742937Z[0m [32m INFO[0m bolt RUN executed [3mevent_id[0m[2m=[0m"bolt.log.query" [3mquery[0m[2m=[0mUNWIND $rows AS row
		 MATCH (o:Order {orderID: row.orderID})
		 MATCH (p:Product {productID: row.productID})
		 CREATE (o)-[:ORDERS {quantity: row.quantity, discount: row.discount}]->(p) [3mfields[0m[2m=[0m[]
[2m2026-09-04T07:52:02.743031Z[0m [32m INFO[0m bolt message received [3mevent_id[0m[2m=[0m"bolt.log.run" [3msignature[0m[2m=[0m"0x3F"
[2m2026-09-04T07:52:02.743038Z[0m [32m INFO[0m bolt sending responses [3mevent_id[0m[2m=[0m"bolt.log.run" [3mresponse_count[0m[2m=[0m2 [3mresponse_bytes[0m[2m=[0m163 [3mtransport[0m[2m=[0m"tcp"
[2m2026-09-04T07:52:02.743420Z[0m [32m INFO[0m bolt message received [3mevent_id[0m[2m=[0m"bolt.log.run" [3msignature[0m[2m=[0m"0x10"
[2m2026-09-04T07:52:02.752221Z[0m [32m INFO[0m [1mnornicdb.bolt.run[0m:[1mnornicdb.cypher.execute[0m: query phase breakdown [3mquery_hash[0m[2m=[0m1524916313068911758 [3mphase_parse_cache_us[0m[2m=[0m2 [3mphase_compliance_us[0m[2m=[0m1 [3mphase_pattern_us[0m[2m=[0m22 [3mphase_eval_us[0m[2m=[0m67989 [3mphase_audit_us[0m[2m=[0m170 [3mphase_total_us[0m[2m=[0m68184 [2m[3mdb.system[0m[2m=[0m"neo4j"[0m [2m[3mdb.operation.name[0m[2m=[0m"read"[0m
[2m2026-09-04T07:52:02.752409Z[0m [32m INFO[0m bolt RUN executed [3mevent_id[0m[2m=[0m"bolt.log.query" [3mquery[0m[2m=[0mUNWIND $rows AS row
		 MATCH (o:Order {orderID: row.orderID})
		 MATCH (p:Product {productID: row.productID})
		 CREATE (o)-[:ORDERS {quantity: row.quantity, discount: row.discount}]->(p) [3mfields[0m[2m=[0m[]
[2m2026-09-04T07:52:02.752507Z[0m [32m INFO[0m bolt message received [3mevent_id[0m[2m=[0m"bolt.log.run" [3msignature[0m[2m=[0m"0x3F"
[2m2026-09-04T07:52:02.752514Z[0m [32m INFO[0m bolt sending responses [3mevent_id[0m[2m=[0m"bolt.log.run" [3mresponse_count[0m[2m=[0m2 [3mresponse_bytes[0m[2m=[0m163 [3mtransport[0m[2m=[0m"tcp"
[2m2026-09-04T07:52:02.752900Z[0m [32m INFO[0m bolt message received [3mevent_id[0m[2m=[0m"bolt.log.run" [3msignature[0m[2m=[0m"0x10"
[2m2026-09-04T07:52:02.764888Z[0m [32m INFO[0m [1mnornicdb.bolt.run[0m:[1mnornicdb.cypher.execute[0m: query phase breakdown [3mquery_hash[0m[2m=[0m1524916313068911758 [3mphase_parse_cache_us[0m[2m=[0m2 [3mphase_compliance_us[0m[2m=[0m1 [3mphase_pattern_us[0m[2m=[0m21 [3mphase_eval_us[0m[2m=[0m50604 [3mphase_audit_us[0m[2m=[0m160 [3mphase_total_us[0m[2m=[0m50788 [2m[3mdb.system[0m[2m=[0m"neo4j"[0m [2m[3mdb.operation.name[0m[2m=[0m"read"[0m
[2m2026-09-04T07:52:02.765074Z[0m [32m INFO[0m bolt RUN executed [3mevent_id[0m[2m=[0m"bolt.log.query" [3mquery[0m[2m=[0mUNWIND $rows AS row
		 MATCH (o:Order {orderID: row.orderID})
		 MATCH (p:Product {productID: row.productID})
		 CREATE (o)-[:ORDERS {quantity: row.quantity, discount: row.discount}]->(p) [3mfields[0m[2m=[0m[]
[2m2026-09-04T07:52:02.765168Z[0m [32m INFO[0m bolt message received [3mevent_id[0m[2m=[0m"bolt.log.run" [3msignature[0m[2m=[0m"0x3F"
[2m2026-09-04T07:52:02.765178Z[0m [32m INFO[0m bolt sending responses [3mevent_id[0m[2m=[0m"bolt.log.run" [3mresponse_count[0m[2m=[0m2 [3mresponse_bytes[0m[2m=[0m163 [3mtransport[0m[2m=[0m"tcp"
[2m2026-09-04T07:52:02.765572Z[0m [32m INFO[0m bolt message received [3mevent_id[0m[2m=[0m"bolt.log.run" [3msignature[0m[2m=[0m"0x10"
[2m2026-09-04T07:52:02.793747Z[0m [32m INFO[0m [1mnornicdb.bolt.run[0m:[1mnornicdb.cypher.execute[0m: query phase breakdown [3mquery_hash[0m[2m=[0m1524916313068911758 [3mphase_parse_cache_us[0m[2m=[0m2 [3mphase_compliance_us[0m[2m=[0m1 [3mphase_pattern_us[0m[2m=[0m20 [3mphase_eval_us[0m[2m=[0m57794 [3mphase_audit_us[0m[2m=[0m491 [3mphase_total_us[0m[2m=[0m58308 [2m[3mdb.system[0m[2m=[0m"neo4j"[0m [2m[3mdb.operation.name[0m[2m=[0m"read"[0m
[2m2026-09-04T07:52:02.793948Z[0m [32m INFO[0m bolt RUN executed [3mevent_id[0m[2m=[0m"bolt.log.query" [3mquery[0m[2m=[0mUNWIND $rows AS row
		 MATCH (o:Order {orderID: row.orderID})
		 MATCH (p:Product {productID: row.productID})
		 CREATE (o)-[:ORDERS {quantity: row.quantity, discount: row.discount}]->(p) [3mfields[0m[2m=[0m[]
[2m2026-09-04T07:52:02.794061Z[0m [32m INFO[0m bolt message received [3mevent_id[0m[2m=[0m"bolt.log.run" [3msignature[0m[2m=[0m"0x3F"
[2m2026-09-04T07:52:02.794071Z[0m [32m INFO[0m bolt sending responses [3mevent_id[0m[2m=[0m"bolt.log.run" [3mresponse_count[0m[2m=[0m2 [3mresponse_bytes[0m[2m=[0m163 [3mtransport[0m[2m=[0m"tcp"
[2m2026-09-04T07:52:02.794439Z[0m [32m INFO[0m bolt message received [3mevent_id[0m[2m=[0m"bolt.log.run" [3msignature[0m[2m=[0m"0x10"
[2m2026-09-04T07:52:02.802101Z[0m [32m INFO[0m [1mnornicdb.bolt.run[0m:[1mnornicdb.cypher.execute[0m: query phase breakdown [3mquery_hash[0m[2m=[0m1524916313068911758 [3mphase_parse_cache_us[0m[2m=[0m3 [3mphase_compliance_us[0m[2m=[0m1 [3mphase_pattern_us[0m[2m=[0m20 [3mphase_eval_us[0m[2m=[0m58241 [3mphase_audit_us[0m[2m=[0m244 [3mphase_total_us[0m[2m=[0m58509 [2m[3mdb.system[0m[2m=[0m"neo4j"[0m [2m[3mdb.operation.name[0m[2m=[0m"read"[0m
[2m2026-09-04T07:52:02.802299Z[0m [32m INFO[0m bolt RUN executed [3mevent_id[0m[2m=[0m"bolt.log.query" [3mquery[0m[2m=[0mUNWIND $rows AS row
		 MATCH (o:Order {orderID: row.orderID})
		 MATCH (p:Product {productID: row.productID})
		 CREATE (o)-[:ORDERS {quantity: row.quantity, discount: row.discount}]->(p) [3mfields[0m[2m=[0m[]
[2m2026-09-04T07:52:02.802406Z[0m [32m INFO[0m bolt message received [3mevent_id[0m[2m=[0m"bolt.log.run" [3msignature[0m[2m=[0m"0x3F"
[2m2026-09-04T07:52:02.802414Z[0m [32m INFO[0m bolt sending responses [3mevent_id[0m[2m=[0m"bolt.log.run" [3mresponse_count[0m[2m=[0m2 [3mresponse_bytes[0m[2m=[0m163 [3mtransport[0m[2m=[0m"tcp"
[2m2026-09-04T07:52:02.802763Z[0m [32m INFO[0m bolt message received [3mevent_id[0m[2m=[0m"bolt.log.run" [3msignature[0m[2m=[0m"0x10"
[2m2026-09-04T07:52:02.811550Z[0m [32m INFO[0m [1mnornicdb.bolt.run[0m:[1mnornicdb.cypher.execute[0m: query phase breakdown [3mquery_hash[0m[2m=[0m1524916313068911758 [3mphase_parse_cache_us[0m[2m=[0m3 [3mphase_compliance_us[0m[2m=[0m1 [3mphase_pattern_us[0m[2m=[0m21 [3mphase_eval_us[0m[2m=[0m58342 [3mphase_audit_us[0m[2m=[0m164 [3mphase_total_us[0m[2m=[0m58531 [2m[3mdb.system[0m[2m=[0m"neo4j"[0m [2m[3mdb.operation.name[0m[2m=[0m"read"[0m
[2m2026-09-04T07:52:02.811735Z[0m [32m INFO[0m bolt RUN executed [3mevent_id[0m[2m=[0m"bolt.log.query" [3mquery[0m[2m=[0mUNWIND $rows AS row
		 MATCH (o:Order {orderID: row.orderID})
		 MATCH (p:Product {productID: row.productID})
		 CREATE (o)-[:ORDERS {quantity: row.quantity, discount: row.discount}]->(p) [3mfields[0m[2m=[0m[]
[2m2026-09-04T07:52:02.811831Z[0m [32m INFO[0m bolt message received [3mevent_id[0m[2m=[0m"bolt.log.run" [3msignature[0m[2m=[0m"0x3F"
[2m2026-09-04T07:52:02.811842Z[0m [32m INFO[0m bolt sending responses [3mevent_id[0m[2m=[0m"bolt.log.run" [3mresponse_count[0m[2m=[0m2 [3mresponse_bytes[0m[2m=[0m163 [3mtransport[0m[2m=[0m"tcp"
[2m2026-09-04T07:52:02.812193Z[0m [32m INFO[0m bolt message received [3mevent_id[0m[2m=[0m"bolt.log.run" [3msignature[0m[2m=[0m"0x10"
[2m2026-09-04T07:52:02.823386Z[0m [32m INFO[0m [1mnornicdb.bolt.run[0m:[1mnornicdb.cypher.execute[0m: query phase breakdown [3mquery_hash[0m[2m=[0m1524916313068911758 [3mphase_parse_cache_us[0m[2m=[0m3 [3mphase_compliance_us[0m[2m=[0m1 [3mphase_pattern_us[0m[2m=[0m23 [3mphase_eval_us[0m[2m=[0m57413 [3mphase_audit_us[0m[2m=[0m197 [3mphase_total_us[0m[2m=[0m57637 [2m[3mdb.system[0m[2m=[0m"neo4j"[0m [2m[3mdb.operation.name[0m[2m=[0m"read"[0m
[2m2026-09-04T07:52:02.823570Z[0m [32m INFO[0m bolt RUN executed [3mevent_id[0m[2m=[0m"bolt.log.query" [3mquery[0m[2m=[0mUNWIND $rows AS row
		 MATCH (o:Order {orderID: row.orderID})
		 MATCH (p:Product {productID: row.productID})
		 CREATE (o)-[:ORDERS {quantity: row.quantity, discount: row.discount}]->(p) [3mfields[0m[2m=[0m[]
[2m2026-09-04T07:52:02.823667Z[0m [32m INFO[0m bolt message received [3mevent_id[0m[2m=[0m"bolt.log.run" [3msignature[0m[2m=[0m"0x3F"
[2m2026-09-04T07:52:02.823675Z[0m [32m INFO[0m bolt sending responses [3mevent_id[0m[2m=[0m"bolt.log.run" [3mresponse_count[0m[2m=[0m2 [3mresponse_bytes[0m[2m=[0m163 [3mtransport[0m[2m=[0m"tcp"
[2m2026-09-04T07:52:02.824028Z[0m [32m INFO[0m bolt message received [3mevent_id[0m[2m=[0m"bolt.log.run" [3msignature[0m[2m=[0m"0x10"
[2m2026-09-04T07:52:02.852476Z[0m [32m INFO[0m [1mnornicdb.bolt.run[0m:[1mnornicdb.cypher.execute[0m: query phase breakdown [3mquery_hash[0m[2m=[0m1524916313068911758 [3mphase_parse_cache_us[0m[2m=[0m3 [3mphase_compliance_us[0m[2m=[0m2 [3mphase_pattern_us[0m[2m=[0m23 [3mphase_eval_us[0m[2m=[0m57670 [3mphase_audit_us[0m[2m=[0m197 [3mphase_total_us[0m[2m=[0m57895 [2m[3mdb.system[0m[2m=[0m"neo4j"[0m [2m[3mdb.operation.name[0m[2m=[0m"read"[0m
[2m2026-09-04T07:52:02.852665Z[0m [32m INFO[0m bolt RUN executed [3mevent_id[0m[2m=[0m"bolt.log.query" [3mquery[0m[2m=[0mUNWIND $rows AS row
		 MATCH (o:Order {orderID: row.orderID})
		 MATCH (p:Product {productID: row.productID})
		 CREATE (o)-[:ORDERS {quantity: row.quantity, discount: row.discount}]->(p) [3mfields[0m[2m=[0m[]
[2m2026-09-04T07:52:02.852768Z[0m [32m INFO[0m bolt message received [3mevent_id[0m[2m=[0m"bolt.log.run" [3msignature[0m[2m=[0m"0x3F"
[2m2026-09-04T07:52:02.852776Z[0m [32m INFO[0m bolt sending responses [3mevent_id[0m[2m=[0m"bolt.log.run" [3mresponse_count[0m[2m=[0m2 [3mresponse_bytes[0m[2m=[0m163 [3mtransport[0m[2m=[0m"tcp"
[2m2026-09-04T07:52:02.853153Z[0m [32m INFO[0m bolt message received [3mevent_id[0m[2m=[0m"bolt.log.run" [3msignature[0m[2m=[0m"0x10"
[2m2026-09-04T07:52:02.862319Z[0m [32m INFO[0m [1mnornicdb.bolt.run[0m:[1mnornicdb.cypher.execute[0m: query phase breakdown [3mquery_hash[0m[2m=[0m1524916313068911758 [3mphase_parse_cache_us[0m[2m=[0m2 [3mphase_compliance_us[0m[2m=[0m1 [3mphase_pattern_us[0m[2m=[0m21 [3mphase_eval_us[0m[2m=[0m58546 [3mphase_audit_us[0m[2m=[0m842 [3mphase_total_us[0m[2m=[0m59412 [2m[3mdb.system[0m[2m=[0m"neo4j"[0m [2m[3mdb.operation.name[0m[2m=[0m"read"[0m
[2m2026-09-04T07:52:02.862505Z[0m [32m INFO[0m bolt RUN executed [3mevent_id[0m[2m=[0m"bolt.log.query" [3mquery[0m[2m=[0mUNWIND $rows AS row
		 MATCH (o:Order {orderID: row.orderID})
		 MATCH (p:Product {productID: row.productID})
		 CREATE (o)-[:ORDERS {quantity: row.quantity, discount: row.discount}]->(p) [3mfields[0m[2m=[0m[]
[2m2026-09-04T07:52:02.862603Z[0m [32m INFO[0m bolt message received [3mevent_id[0m[2m=[0m"bolt.log.run" [3msignature[0m[2m=[0m"0x3F"
[2m2026-09-04T07:52:02.862611Z[0m [32m INFO[0m bolt sending responses [3mevent_id[0m[2m=[0m"bolt.log.run" [3mresponse_count[0m[2m=[0m2 [3mresponse_bytes[0m[2m=[0m163 [3mtransport[0m[2m=[0m"tcp"
[2m2026-09-04T07:52:02.862997Z[0m [32m INFO[0m bolt message received [3mevent_id[0m[2m=[0m"bolt.log.run" [3msignature[0m[2m=[0m"0x10"
[2m2026-09-04T07:52:02.870716Z[0m [32m INFO[0m [1mnornicdb.bolt.run[0m:[1mnornicdb.cypher.execute[0m: query phase breakdown [3mquery_hash[0m[2m=[0m1524916313068911758 [3mphase_parse_cache_us[0m[2m=[0m2 [3mphase_compliance_us[0m[2m=[0m1 [3mphase_pattern_us[0m[2m=[0m20 [3mphase_eval_us[0m[2m=[0m58175 [3mphase_audit_us[0m[2m=[0m173 [3mphase_total_us[0m[2m=[0m58371 [2m[3mdb.system[0m[2m=[0m"neo4j"[0m [2m[3mdb.operation.name[0m[2m=[0m"read"[0m
[2m2026-09-04T07:52:02.870905Z[0m [32m INFO[0m bolt RUN executed [3mevent_id[0m[2m=[0m"bolt.log.query" [3mquery[0m[2m=[0mUNWIND $rows AS row
		 MATCH (o:Order {orderID: row.orderID})
		 MATCH (p:Product {productID: row.productID})
		 CREATE (o)-[:ORDERS {quantity: row.quantity, discount: row.discount}]->(p) [3mfields[0m[2m=[0m[]
[2m2026-09-04T07:52:02.871014Z[0m [32m INFO[0m bolt message received [3mevent_id[0m[2m=[0m"bolt.log.run" [3msignature[0m[2m=[0m"0x3F"
[2m2026-09-04T07:52:02.871022Z[0m [32m INFO[0m bolt sending responses [3mevent_id[0m[2m=[0m"bolt.log.run" [3mresponse_count[0m[2m=[0m2 [3mresponse_bytes[0m[2m=[0m163 [3mtransport[0m[2m=[0m"tcp"
[2m2026-09-04T07:52:02.871411Z[0m [32m INFO[0m bolt message received [3mevent_id[0m[2m=[0m"bolt.log.run" [3msignature[0m[2m=[0m"0x10"
[2m2026-09-04T07:52:02.881655Z[0m [32m INFO[0m [1mnornicdb.bolt.run[0m:[1mnornicdb.cypher.execute[0m: query phase breakdown [3mquery_hash[0m[2m=[0m1524916313068911758 [3mphase_parse_cache_us[0m[2m=[0m2 [3mphase_compliance_us[0m[2m=[0m1 [3mphase_pattern_us[0m[2m=[0m21 [3mphase_eval_us[0m[2m=[0m57283 [3mphase_audit_us[0m[2m=[0m187 [3mphase_total_us[0m[2m=[0m57494 [2m[3mdb.system[0m[2m=[0m"neo4j"[0m [2m[3mdb.operation.name[0m[2m=[0m"read"[0m
[2m2026-09-04T07:52:02.881853Z[0m [32m INFO[0m bolt RUN executed [3mevent_id[0m[2m=[0m"bolt.log.query" [3mquery[0m[2m=[0mUNWIND $rows AS row
		 MATCH (o:Order {orderID: row.orderID})
		 MATCH (p:Product {productID: row.productID})
		 CREATE (o)-[:ORDERS {quantity: row.quantity, discount: row.discount}]->(p) [3mfields[0m[2m=[0m[]
[2m2026-09-04T07:52:02.881954Z[0m [32m INFO[0m bolt message received [3mevent_id[0m[2m=[0m"bolt.log.run" [3msignature[0m[2m=[0m"0x3F"
[2m2026-09-04T07:52:02.881966Z[0m [32m INFO[0m bolt sending responses [3mevent_id[0m[2m=[0m"bolt.log.run" [3mresponse_count[0m[2m=[0m2 [3mresponse_bytes[0m[2m=[0m163 [3mtransport[0m[2m=[0m"tcp"
[2m2026-09-04T07:52:02.882365Z[0m [32m INFO[0m bolt message received [3mevent_id[0m[2m=[0m"bolt.log.run" [3msignature[0m[2m=[0m"0x10"
[2m2026-09-04T07:52:02.913524Z[0m [32m INFO[0m [1mnornicdb.bolt.run[0m:[1mnornicdb.cypher.execute[0m: query phase breakdown [3mquery_hash[0m[2m=[0m1524916313068911758 [3mphase_parse_cache_us[0m[2m=[0m3 [3mphase_compliance_us[0m[2m=[0m1 [3mphase_pattern_us[0m[2m=[0m21 [3mphase_eval_us[0m[2m=[0m59406 [3mphase_audit_us[0m[2m=[0m813 [3mphase_total_us[0m[2m=[0m60244 [2m[3mdb.system[0m[2m=[0m"neo4j"[0m [2m[3mdb.operation.name[0m[2m=[0m"read"[0m
[2m2026-09-04T07:52:02.913719Z[0m [32m INFO[0m bolt RUN executed [3mevent_id[0m[2m=[0m"bolt.log.query" [3mquery[0m[2m=[0mUNWIND $rows AS row
		 MATCH (o:Order {orderID: row.orderID})
		 MATCH (p:Product {productID: row.productID})
		 CREATE (o)-[:ORDERS {quantity: row.quantity, discount: row.discount}]->(p) [3mfields[0m[2m=[0m[]
[2m2026-09-04T07:52:02.913822Z[0m [32m INFO[0m bolt message received [3mevent_id[0m[2m=[0m"bolt.log.run" [3msignature[0m[2m=[0m"0x3F"
[2m2026-09-04T07:52:02.913830Z[0m [32m INFO[0m bolt sending responses [3mevent_id[0m[2m=[0m"bolt.log.run" [3mresponse_count[0m[2m=[0m2 [3mresponse_bytes[0m[2m=[0m163 [3mtransport[0m[2m=[0m"tcp"
[2m2026-09-04T07:52:02.914272Z[0m [32m INFO[0m bolt message received [3mevent_id[0m[2m=[0m"bolt.log.run" [3msignature[0m[2m=[0m"0x10"
[2m2026-09-04T07:52:02.922924Z[0m [32m INFO[0m [1mnornicdb.bolt.run[0m:[1mnornicdb.cypher.execute[0m: query phase breakdown [3mquery_hash[0m[2m=[0m1524916313068911758 [3mphase_parse_cache_us[0m[2m=[0m2 [3mphase_compliance_us[0m[2m=[0m1 [3mphase_pattern_us[0m[2m=[0m20 [3mphase_eval_us[0m[2m=[0m59252 [3mphase_audit_us[0m[2m=[0m522 [3mphase_total_us[0m[2m=[0m59797 [2m[3mdb.system[0m[2m=[0m"neo4j"[0m [2m[3mdb.operation.name[0m[2m=[0m"read"[0m
[2m2026-09-04T07:52:02.923119Z[0m [32m INFO[0m bolt RUN executed [3mevent_id[0m[2m=[0m"bolt.log.query" [3mquery[0m[2m=[0mUNWIND $rows AS row
		 MATCH (o:Order {orderID: row.orderID})
		 MATCH (p:Product {productID: row.productID})
		 CREATE (o)-[:ORDERS {quantity: row.quantity, discount: row.discount}]->(p) [3mfields[0m[2m=[0m[]
[2m2026-09-04T07:52:02.923216Z[0m [32m INFO[0m bolt message received [3mevent_id[0m[2m=[0m"bolt.log.run" [3msignature[0m[2m=[0m"0x3F"
[2m2026-09-04T07:52:02.923224Z[0m [32m INFO[0m bolt sending responses [3mevent_id[0m[2m=[0m"bolt.log.run" [3mresponse_count[0m[2m=[0m2 [3mresponse_bytes[0m[2m=[0m163 [3mtransport[0m[2m=[0m"tcp"
[2m2026-09-04T07:52:02.923371Z[0m [32m INFO[0m bolt message received [3mevent_id[0m[2m=[0m"bolt.log.run" [3msignature[0m[2m=[0m"0x10"
[2m2026-09-04T07:52:02.931361Z[0m [32m INFO[0m [1mnornicdb.bolt.run[0m:[1mnornicdb.cypher.execute[0m: query phase breakdown [3mquery_hash[0m[2m=[0m1524916313068911758 [3mphase_parse_cache_us[0m[2m=[0m2 [3mphase_compliance_us[0m[2m=[0m1 [3mphase_pattern_us[0m[2m=[0m21 [3mphase_eval_us[0m[2m=[0m7827 [3mphase_audit_us[0m[2m=[0m111 [3mphase_total_us[0m[2m=[0m7962 [2m[3mdb.system[0m[2m=[0m"neo4j"[0m [2m[3mdb.operation.name[0m[2m=[0m"read"[0m
[2m2026-09-04T07:52:02.931396Z[0m [32m INFO[0m bolt RUN executed [3mevent_id[0m[2m=[0m"bolt.log.query" [3mquery[0m[2m=[0mUNWIND $rows AS row
		 MATCH (o:Order {orderID: row.orderID})
		 MATCH (p:Product {productID: row.productID})
		 CREATE (o)-[:ORDERS {quantity: row.quantity, discount: row.discount}]->(p) [3mfields[0m[2m=[0m[]
[2m2026-09-04T07:52:02.931417Z[0m [32m INFO[0m bolt message received [3mevent_id[0m[2m=[0m"bolt.log.run" [3msignature[0m[2m=[0m"0x3F"
[2m2026-09-04T07:52:02.931424Z[0m [32m INFO[0m bolt sending responses [3mevent_id[0m[2m=[0m"bolt.log.run" [3mresponse_count[0m[2m=[0m2 [3mresponse_bytes[0m[2m=[0m159 [3mtransport[0m[2m=[0m"tcp"
[2m2026-09-04T07:52:02.931637Z[0m [32m INFO[0m [1mnornicdb.bolt.run[0m:[1mnornicdb.cypher.execute[0m: query phase breakdown [3mquery_hash[0m[2m=[0m1524916313068911758 [3mphase_parse_cache_us[0m[2m=[0m3 [3mphase_compliance_us[0m[2m=[0m1 [3mphase_pattern_us[0m[2m=[0m21 [3mphase_eval_us[0m[2m=[0m59897 [3mphase_audit_us[0m[2m=[0m155 [3mphase_total_us[0m[2m=[0m60077 [2m[3mdb.system[0m[2m=[0m"neo4j"[0m [2m[3mdb.operation.name[0m[2m=[0m"read"[0m
[2m2026-09-04T07:52:02.931823Z[0m [32m INFO[0m bolt RUN executed [3mevent_id[0m[2m=[0m"bolt.log.query" [3mquery[0m[2m=[0mUNWIND $rows AS row
		 MATCH (o:Order {orderID: row.orderID})
		 MATCH (p:Product {productID: row.productID})
		 CREATE (o)-[:ORDERS {quantity: row.quantity, discount: row.discount}]->(p) [3mfields[0m[2m=[0m[]
[2m2026-09-04T07:52:02.931929Z[0m [32m INFO[0m bolt message received [3mevent_id[0m[2m=[0m"bolt.log.run" [3msignature[0m[2m=[0m"0x3F"
[2m2026-09-04T07:52:02.931936Z[0m [32m INFO[0m bolt sending responses [3mevent_id[0m[2m=[0m"bolt.log.run" [3mresponse_count[0m[2m=[0m2 [3mresponse_bytes[0m[2m=[0m163 [3mtransport[0m[2m=[0m"tcp"
[2m2026-09-04T07:52:02.941199Z[0m [32m INFO[0m [1mnornicdb.bolt.run[0m:[1mnornicdb.cypher.execute[0m: query phase breakdown [3mquery_hash[0m[2m=[0m1524916313068911758 [3mphase_parse_cache_us[0m[2m=[0m3 [3mphase_compliance_us[0m[2m=[0m1 [3mphase_pattern_us[0m[2m=[0m21 [3mphase_eval_us[0m[2m=[0m58465 [3mphase_audit_us[0m[2m=[0m182 [3mphase_total_us[0m[2m=[0m58672 [2m[3mdb.system[0m[2m=[0m"neo4j"[0m [2m[3mdb.operation.name[0m[2m=[0m"read"[0m
[2m2026-09-04T07:52:02.941402Z[0m [32m INFO[0m bolt RUN executed [3mevent_id[0m[2m=[0m"bolt.log.query" [3mquery[0m[2m=[0mUNWIND $rows AS row
		 MATCH (o:Order {orderID: row.orderID})
		 MATCH (p:Product {productID: row.productID})
		 CREATE (o)-[:ORDERS {quantity: row.quantity, discount: row.discount}]->(p) [3mfields[0m[2m=[0m[]
[2m2026-09-04T07:52:02.941503Z[0m [32m INFO[0m bolt message received [3mevent_id[0m[2m=[0m"bolt.log.run" [3msignature[0m[2m=[0m"0x3F"
[2m2026-09-04T07:52:02.941510Z[0m [32m INFO[0m bolt sending responses [3mevent_id[0m[2m=[0m"bolt.log.run" [3mresponse_count[0m[2m=[0m2 [3mresponse_bytes[0m[2m=[0m163 [3mtransport[0m[2m=[0m"tcp"
[2m2026-09-04T07:52:02.961235Z[0m [32m INFO[0m [1mnornicdb.bolt.run[0m:[1mnornicdb.cypher.execute[0m: query phase breakdown [3mquery_hash[0m[2m=[0m1524916313068911758 [3mphase_parse_cache_us[0m[2m=[0m2 [3mphase_compliance_us[0m[2m=[0m1 [3mphase_pattern_us[0m[2m=[0m21 [3mphase_eval_us[0m[2m=[0m46634 [3mphase_audit_us[0m[2m=[0m182 [3mphase_total_us[0m[2m=[0m46840 [2m[3mdb.system[0m[2m=[0m"neo4j"[0m [2m[3mdb.operation.name[0m[2m=[0m"read"[0m
[2m2026-09-04T07:52:02.961418Z[0m [32m INFO[0m bolt RUN executed [3mevent_id[0m[2m=[0m"bolt.log.query" [3mquery[0m[2m=[0mUNWIND $rows AS row
		 MATCH (o:Order {orderID: row.orderID})
		 MATCH (p:Product {productID: row.productID})
		 CREATE (o)-[:ORDERS {quantity: row.quantity, discount: row.discount}]->(p) [3mfields[0m[2m=[0m[]
[2m2026-09-04T07:52:02.961514Z[0m [32m INFO[0m bolt message received [3mevent_id[0m[2m=[0m"bolt.log.run" [3msignature[0m[2m=[0m"0x3F"
[2m2026-09-04T07:52:02.961523Z[0m [32m INFO[0m bolt sending responses [3mevent_id[0m[2m=[0m"bolt.log.run" [3mresponse_count[0m[2m=[0m2 [3mresponse_bytes[0m[2m=[0m163 [3mtransport[0m[2m=[0m"tcp"
[2m2026-09-04T07:52:03.047980Z[0m [32m INFO[0m bolt message received [3mevent_id[0m[2m=[0m"bolt.log.run" [3msignature[0m[2m=[0m"0x10"
[2m2026-09-04T07:52:03.048890Z[0m [32m INFO[0m [1mnornicdb.bolt.run[0m:[1mnornicdb.cypher.execute[0m: query phase breakdown [3mquery_hash[0m[2m=[0m12952986839545753124 [3mphase_parse_cache_us[0m[2m=[0m14 [3mphase_compliance_us[0m[2m=[0m2 [3mphase_pattern_us[0m[2m=[0m13 [3mphase_eval_us[0m[2m=[0m794 [3mphase_audit_us[0m[2m=[0m48 [3mphase_total_us[0m[2m=[0m871 [2m[3mdb.system[0m[2m=[0m"neo4j"[0m [2m[3mdb.operation.name[0m[2m=[0m"read"[0m
[2m2026-09-04T07:52:03.048913Z[0m [32m INFO[0m bolt RUN executed [3mevent_id[0m[2m=[0m"bolt.log.query" [3mquery[0m[2m=[0mMATCH (n:Category) RETURN count(n) AS n [3mfields[0m[2m=[0m["n"]
[2m2026-09-04T07:52:03.048924Z[0m [32m INFO[0m bolt message received [3mevent_id[0m[2m=[0m"bolt.log.run" [3msignature[0m[2m=[0m"0x3F"
[2m2026-09-04T07:52:03.048930Z[0m [32m INFO[0m bolt sending responses [3mevent_id[0m[2m=[0m"bolt.log.run" [3mresponse_count[0m[2m=[0m3 [3mresponse_bytes[0m[2m=[0m68 [3mtransport[0m[2m=[0m"tcp"
[2m2026-09-04T07:52:03.049060Z[0m [32m INFO[0m bolt message received [3mevent_id[0m[2m=[0m"bolt.log.run" [3msignature[0m[2m=[0m"0x10"
[2m2026-09-04T07:52:03.050242Z[0m [32m INFO[0m [1mnornicdb.bolt.run[0m:[1mnornicdb.cypher.execute[0m: query phase breakdown [3mquery_hash[0m[2m=[0m3211677998280263876 [3mphase_parse_cache_us[0m[2m=[0m8 [3mphase_compliance_us[0m[2m=[0m0 [3mphase_pattern_us[0m[2m=[0m13 [3mphase_eval_us[0m[2m=[0m1139 [3mphase_audit_us[0m[2m=[0m3 [3mphase_total_us[0m[2m=[0m1163 [2m[3mdb.system[0m[2m=[0m"neo4j"[0m [2m[3mdb.operation.name[0m[2m=[0m"read"[0m
[2m2026-09-04T07:52:03.050257Z[0m [32m INFO[0m bolt RUN executed [3mevent_id[0m[2m=[0m"bolt.log.query" [3mquery[0m[2m=[0mMATCH (n:Supplier) RETURN count(n) AS n [3mfields[0m[2m=[0m["n"]
[2m2026-09-04T07:52:03.050265Z[0m [32m INFO[0m bolt message received [3mevent_id[0m[2m=[0m"bolt.log.run" [3msignature[0m[2m=[0m"0x3F"
[2m2026-09-04T07:52:03.050271Z[0m [32m INFO[0m bolt sending responses [3mevent_id[0m[2m=[0m"bolt.log.run" [3mresponse_count[0m[2m=[0m3 [3mresponse_bytes[0m[2m=[0m70 [3mtransport[0m[2m=[0m"tcp"
[2m2026-09-04T07:52:03.050359Z[0m [32m INFO[0m bolt message received [3mevent_id[0m[2m=[0m"bolt.log.run" [3msignature[0m[2m=[0m"0x10"
[2m2026-09-04T07:52:03.059271Z[0m [32m INFO[0m [1mnornicdb.bolt.run[0m:[1mnornicdb.cypher.execute[0m: query phase breakdown [3mquery_hash[0m[2m=[0m15518498637839585396 [3mphase_parse_cache_us[0m[2m=[0m4 [3mphase_compliance_us[0m[2m=[0m0 [3mphase_pattern_us[0m[2m=[0m11 [3mphase_eval_us[0m[2m=[0m8879 [3mphase_audit_us[0m[2m=[0m3 [3mphase_total_us[0m[2m=[0m8897 [2m[3mdb.system[0m[2m=[0m"neo4j"[0m [2m[3mdb.operation.name[0m[2m=[0m"read"[0m
[2m2026-09-04T07:52:03.059307Z[0m [32m INFO[0m bolt RUN executed [3mevent_id[0m[2m=[0m"bolt.log.query" [3mquery[0m[2m=[0mMATCH (n:Customer) RETURN count(n) AS n [3mfields[0m[2m=[0m["n"]
[2m2026-09-04T07:52:03.059322Z[0m [32m INFO[0m bolt message received [3mevent_id[0m[2m=[0m"bolt.log.run" [3msignature[0m[2m=[0m"0x3F"
[2m2026-09-04T07:52:03.059332Z[0m [32m INFO[0m bolt sending responses [3mevent_id[0m[2m=[0m"bolt.log.run" [3mresponse_count[0m[2m=[0m3 [3mresponse_bytes[0m[2m=[0m70 [3mtransport[0m[2m=[0m"tcp"
[2m2026-09-04T07:52:03.059520Z[0m [32m INFO[0m bolt message received [3mevent_id[0m[2m=[0m"bolt.log.run" [3msignature[0m[2m=[0m"0x10"
[2m2026-09-04T07:52:03.472568Z[0m [32m INFO[0m [1mnornicdb.bolt.run[0m:[1mnornicdb.cypher.execute[0m: query phase breakdown [3mquery_hash[0m[2m=[0m470870895039903913 [3mphase_parse_cache_us[0m[2m=[0m12 [3mphase_compliance_us[0m[2m=[0m1 [3mphase_pattern_us[0m[2m=[0m16 [3mphase_eval_us[0m[2m=[0m412974 [3mphase_audit_us[0m[2m=[0m3 [3mphase_total_us[0m[2m=[0m413006 [2m[3mdb.system[0m[2m=[0m"neo4j"[0m [2m[3mdb.operation.name[0m[2m=[0m"read"[0m
[2m2026-09-04T07:52:03.472650Z[0m [32m INFO[0m bolt RUN executed [3mevent_id[0m[2m=[0m"bolt.log.query" [3mquery[0m[2m=[0mMATCH (n:Product) RETURN count(n) AS n [3mfields[0m[2m=[0m["n"]
[2m2026-09-04T07:52:03.472669Z[0m [32m INFO[0m bolt message received [3mevent_id[0m[2m=[0m"bolt.log.run" [3msignature[0m[2m=[0m"0x3F"
[2m2026-09-04T07:52:03.472677Z[0m [32m INFO[0m bolt sending responses [3mevent_id[0m[2m=[0m"bolt.log.run" [3mresponse_count[0m[2m=[0m3 [3mresponse_bytes[0m[2m=[0m72 [3mtransport[0m[2m=[0m"tcp"
[2m2026-09-04T07:52:03.472859Z[0m [32m INFO[0m bolt message received [3mevent_id[0m[2m=[0m"bolt.log.run" [3msignature[0m[2m=[0m"0x10"
[2m2026-09-04T07:52:03.828773Z[0m [32m INFO[0m [1mnornicdb.bolt.run[0m:[1mnornicdb.cypher.execute[0m: query phase breakdown [3mquery_hash[0m[2m=[0m8691337875911516612 [3mphase_parse_cache_us[0m[2m=[0m29 [3mphase_compliance_us[0m[2m=[0m1 [3mphase_pattern_us[0m[2m=[0m11 [3mphase_eval_us[0m[2m=[0m355830 [3mphase_audit_us[0m[2m=[0m5 [3mphase_total_us[0m[2m=[0m355876 [2m[3mdb.system[0m[2m=[0m"neo4j"[0m [2m[3mdb.operation.name[0m[2m=[0m"read"[0m
[2m2026-09-04T07:52:03.828890Z[0m [32m INFO[0m bolt RUN executed [3mevent_id[0m[2m=[0m"bolt.log.query" [3mquery[0m[2m=[0mMATCH (n:Order) RETURN count(n) AS n [3mfields[0m[2m=[0m["n"]
[2m2026-09-04T07:52:03.828917Z[0m [32m INFO[0m bolt message received [3mevent_id[0m[2m=[0m"bolt.log.run" [3msignature[0m[2m=[0m"0x3F"
[2m2026-09-04T07:52:03.828931Z[0m [32m INFO[0m bolt sending responses [3mevent_id[0m[2m=[0m"bolt.log.run" [3mresponse_count[0m[2m=[0m3 [3mresponse_bytes[0m[2m=[0m72 [3mtransport[0m[2m=[0m"tcp"
[2m2026-09-04T07:52:03.829206Z[0m [32m INFO[0m bolt message received [3mevent_id[0m[2m=[0m"bolt.log.run" [3msignature[0m[2m=[0m"0x10"
[2m2026-09-04T07:52:05.420242Z[0m [32m INFO[0m [1mnornicdb.bolt.run[0m:[1mnornicdb.cypher.execute[0m: query phase breakdown [3mquery_hash[0m[2m=[0m6264521446979989694 [3mphase_parse_cache_us[0m[2m=[0m13 [3mphase_compliance_us[0m[2m=[0m2 [3mphase_pattern_us[0m[2m=[0m16 [3mphase_eval_us[0m[2m=[0m1590942 [3mphase_audit_us[0m[2m=[0m6 [3mphase_total_us[0m[2m=[0m1590979 [2m[3mdb.system[0m[2m=[0m"neo4j"[0m [2m[3mdb.operation.name[0m[2m=[0m"read"[0m
[2m2026-09-04T07:52:05.420327Z[0m [32m INFO[0m bolt RUN executed [3mevent_id[0m[2m=[0m"bolt.log.query" [3mquery[0m[2m=[0mMATCH ()-[r:PART_OF]->() RETURN count(r) AS n [3mfields[0m[2m=[0m["n"]
[2m2026-09-04T07:52:05.420354Z[0m [32m INFO[0m bolt message received [3mevent_id[0m[2m=[0m"bolt.log.run" [3msignature[0m[2m=[0m"0x3F"
[2m2026-09-04T07:52:05.420362Z[0m [32m INFO[0m bolt sending responses [3mevent_id[0m[2m=[0m"bolt.log.run" [3mresponse_count[0m[2m=[0m3 [3mresponse_bytes[0m[2m=[0m72 [3mtransport[0m[2m=[0m"tcp"
[2m2026-09-04T07:52:05.420630Z[0m [32m INFO[0m bolt message received [3mevent_id[0m[2m=[0m"bolt.log.run" [3msignature[0m[2m=[0m"0x10"
[2m2026-09-04T07:52:07.137156Z[0m [32m INFO[0m [1mnornicdb.bolt.run[0m:[1mnornicdb.cypher.execute[0m: query phase breakdown [3mquery_hash[0m[2m=[0m1511702728571924928 [3mphase_parse_cache_us[0m[2m=[0m19 [3mphase_compliance_us[0m[2m=[0m2 [3mphase_pattern_us[0m[2m=[0m18 [3mphase_eval_us[0m[2m=[0m1716427 [3mphase_audit_us[0m[2m=[0m5 [3mphase_total_us[0m[2m=[0m1716471 [2m[3mdb.system[0m[2m=[0m"neo4j"[0m [2m[3mdb.operation.name[0m[2m=[0m"read"[0m
[2m2026-09-04T07:52:07.137249Z[0m [32m INFO[0m bolt RUN executed [3mevent_id[0m[2m=[0m"bolt.log.query" [3mquery[0m[2m=[0mMATCH ()-[r:SUPPLIES]->() RETURN count(r) AS n [3mfields[0m[2m=[0m["n"]
[2m2026-09-04T07:52:07.137272Z[0m [32m INFO[0m bolt message received [3mevent_id[0m[2m=[0m"bolt.log.run" [3msignature[0m[2m=[0m"0x3F"
[2m2026-09-04T07:52:07.137282Z[0m [32m INFO[0m bolt sending responses [3mevent_id[0m[2m=[0m"bolt.log.run" [3mresponse_count[0m[2m=[0m3 [3mresponse_bytes[0m[2m=[0m72 [3mtransport[0m[2m=[0m"tcp"
[2m2026-09-04T07:52:07.137572Z[0m [32m INFO[0m bolt message received [3mevent_id[0m[2m=[0m"bolt.log.run" [3msignature[0m[2m=[0m"0x10"
[2m2026-09-04T07:52:08.776781Z[0m [32m INFO[0m [1mnornicdb.bolt.run[0m:[1mnornicdb.cypher.execute[0m: query phase breakdown [3mquery_hash[0m[2m=[0m15396510827514524868 [3mphase_parse_cache_us[0m[2m=[0m13 [3mphase_compliance_us[0m[2m=[0m2 [3mphase_pattern_us[0m[2m=[0m21 [3mphase_eval_us[0m[2m=[0m1639112 [3mphase_audit_us[0m[2m=[0m4 [3mphase_total_us[0m[2m=[0m1639152 [2m[3mdb.system[0m[2m=[0m"neo4j"[0m [2m[3mdb.operation.name[0m[2m=[0m"read"[0m
[2m2026-09-04T07:52:08.776878Z[0m [32m INFO[0m bolt RUN executed [3mevent_id[0m[2m=[0m"bolt.log.query" [3mquery[0m[2m=[0mMATCH ()-[r:PURCHASED]->() RETURN count(r) AS n [3mfields[0m[2m=[0m["n"]
[2m2026-09-04T07:52:08.776907Z[0m [32m INFO[0m bolt message received [3mevent_id[0m[2m=[0m"bolt.log.run" [3msignature[0m[2m=[0m"0x3F"
[2m2026-09-04T07:52:08.776918Z[0m [32m INFO[0m bolt sending responses [3mevent_id[0m[2m=[0m"bolt.log.run" [3mresponse_count[0m[2m=[0m3 [3mresponse_bytes[0m[2m=[0m72 [3mtransport[0m[2m=[0m"tcp"
[2m2026-09-04T07:52:08.777179Z[0m [32m INFO[0m bolt message received [3mevent_id[0m[2m=[0m"bolt.log.run" [3msignature[0m[2m=[0m"0x10"
[2m2026-09-04T07:52:12.590379Z[0m [32m INFO[0m [1mnornicdb.bolt.run[0m:[1mnornicdb.cypher.execute[0m: query phase breakdown [3mquery_hash[0m[2m=[0m13841907344038628166 [3mphase_parse_cache_us[0m[2m=[0m12 [3mphase_compliance_us[0m[2m=[0m2 [3mphase_pattern_us[0m[2m=[0m18 [3mphase_eval_us[0m[2m=[0m3813094 [3mphase_audit_us[0m[2m=[0m4 [3mphase_total_us[0m[2m=[0m3813130 [2m[3mdb.system[0m[2m=[0m"neo4j"[0m [2m[3mdb.operation.name[0m[2m=[0m"read"[0m
[2m2026-09-04T07:52:12.590560Z[0m [32m INFO[0m bolt RUN executed [3mevent_id[0m[2m=[0m"bolt.log.query" [3mquery[0m[2m=[0mMATCH ()-[r:ORDERS]->() RETURN count(r) AS n [3mfields[0m[2m=[0m["n"]
[2m2026-09-04T07:52:12.590591Z[0m [32m INFO[0m bolt message received [3mevent_id[0m[2m=[0m"bolt.log.run" [3msignature[0m[2m=[0m"0x3F"
[2m2026-09-04T07:52:12.590603Z[0m [32m INFO[0m bolt sending responses [3mevent_id[0m[2m=[0m"bolt.log.run" [3mresponse_count[0m[2m=[0m3 [3mresponse_bytes[0m[2m=[0m72 [3mtransport[0m[2m=[0m"tcp"
[2m2026-09-04T07:52:12.590898Z[0m [32m INFO[0m bolt message received [3mevent_id[0m[2m=[0m"bolt.log.run" [3msignature[0m[2m=[0m"0x10"
[2m2026-09-04T07:52:12.958933Z[0m [32m INFO[0m [1mnornicdb.bolt.run[0m:[1mnornicdb.cypher.execute[0m: query phase breakdown [3mquery_hash[0m[2m=[0m233693625554658055 [3mphase_parse_cache_us[0m[2m=[0m18 [3mphase_compliance_us[0m[2m=[0m3 [3mphase_pattern_us[0m[2m=[0m31 [3mphase_eval_us[0m[2m=[0m367923 [3mphase_audit_us[0m[2m=[0m5 [3mphase_total_us[0m[2m=[0m367980 [2m[3mdb.system[0m[2m=[0m"neo4j"[0m [2m[3mdb.operation.name[0m[2m=[0m"read"[0m
[2m2026-09-04T07:52:12.959014Z[0m [32m INFO[0m bolt RUN executed [3mevent_id[0m[2m=[0m"bolt.log.query" [3mquery[0m[2m=[0m
			MATCH (c:Category)<-[:PART_OF]-(p:Product)
			RETURN c.categoryName AS categoryName, count(p) AS productCount
			ORDER BY productCount DESC [3mfields[0m[2m=[0m["categoryName", "productCount"]
[2m2026-09-04T07:52:12.959036Z[0m [32m INFO[0m bolt message received [3mevent_id[0m[2m=[0m"bolt.log.run" [3msignature[0m[2m=[0m"0x3F"
[2m2026-09-04T07:52:12.959054Z[0m [32m INFO[0m bolt sending responses [3mevent_id[0m[2m=[0m"bolt.log.run" [3mresponse_count[0m[2m=[0m98 [3mresponse_bytes[0m[2m=[0m3243 [3mtransport[0m[2m=[0m"tcp"
[2m2026-09-04T07:52:12.959392Z[0m [32m INFO[0m bolt message received [3mevent_id[0m[2m=[0m"bolt.log.run" [3msignature[0m[2m=[0m"0x10"
[2m2026-09-04T07:52:12.959438Z[0m [32m INFO[0m [1mnornicdb.bolt.run[0m:[1mnornicdb.cypher.execute[0m: query result-cache hit phase breakdown [3mquery_hash[0m[2m=[0m233693625554658055 [3mphase_parse_cache_us[0m[2m=[0m4 [3mphase_compliance_us[0m[2m=[0m3 [3mphase_audit_spawn_us[0m[2m=[0m0 [3mphase_total_us[0m[2m=[0m12 [2m[3mdb.system[0m[2m=[0m"neo4j"[0m [2m[3mdb.operation.name[0m[2m=[0m"read"[0m
[2m2026-09-04T07:52:12.959455Z[0m [32m INFO[0m bolt RUN executed [3mevent_id[0m[2m=[0m"bolt.log.query" [3mquery[0m[2m=[0m
			MATCH (c:Category)<-[:PART_OF]-(p:Product)
			RETURN c.categoryName AS categoryName, count(p) AS productCount
			ORDER BY productCount DESC [3mfields[0m[2m=[0m["categoryName", "productCount"]
[2m2026-09-04T07:52:12.959463Z[0m [32m INFO[0m bolt message received [3mevent_id[0m[2m=[0m"bolt.log.run" [3msignature[0m[2m=[0m"0x3F"
[2m2026-09-04T07:52:12.959474Z[0m [32m INFO[0m bolt sending responses [3mevent_id[0m[2m=[0m"bolt.log.run" [3mresponse_count[0m[2m=[0m98 [3mresponse_bytes[0m[2m=[0m3243 [3mtransport[0m[2m=[0m"tcp"
[2m2026-09-04T07:52:12.959690Z[0m [32m INFO[0m bolt message received [3mevent_id[0m[2m=[0m"bolt.log.run" [3msignature[0m[2m=[0m"0x10"
[2m2026-09-04T07:52:12.959714Z[0m [32m INFO[0m [1mnornicdb.bolt.run[0m:[1mnornicdb.cypher.execute[0m: query result-cache hit phase breakdown [3mquery_hash[0m[2m=[0m233693625554658055 [3mphase_parse_cache_us[0m[2m=[0m1 [3mphase_compliance_us[0m[2m=[0m1 [3mphase_audit_spawn_us[0m[2m=[0m0 [3mphase_total_us[0m[2m=[0m4 [2m[3mdb.system[0m[2m=[0m"neo4j"[0m [2m[3mdb.operation.name[0m[2m=[0m"read"[0m
[2m2026-09-04T07:52:12.959726Z[0m [32m INFO[0m bolt RUN executed [3mevent_id[0m[2m=[0m"bolt.log.query" [3mquery[0m[2m=[0m
			MATCH (c:Category)<-[:PART_OF]-(p:Product)
			RETURN c.categoryName AS categoryName, count(p) AS productCount
			ORDER BY productCount DESC [3mfields[0m[2m=[0m["categoryName", "productCount"]
[2m2026-09-04T07:52:12.959755Z[0m [32m INFO[0m bolt message received [3mevent_id[0m[2m=[0m"bolt.log.run" [3msignature[0m[2m=[0m"0x3F"
[2m2026-09-04T07:52:12.959765Z[0m [32m INFO[0m bolt sending responses [3mevent_id[0m[2m=[0m"bolt.log.run" [3mresponse_count[0m[2m=[0m98 [3mresponse_bytes[0m[2m=[0m3243 [3mtransport[0m[2m=[0m"tcp"
[2m2026-09-04T07:52:12.959976Z[0m [32m INFO[0m bolt message received [3mevent_id[0m[2m=[0m"bolt.log.run" [3msignature[0m[2m=[0m"0x10"
[2m2026-09-04T07:52:12.959996Z[0m [32m INFO[0m [1mnornicdb.bolt.run[0m:[1mnornicdb.cypher.execute[0m: query result-cache hit phase breakdown [3mquery_hash[0m[2m=[0m233693625554658055 [3mphase_parse_cache_us[0m[2m=[0m1 [3mphase_compliance_us[0m[2m=[0m0 [3mphase_audit_spawn_us[0m[2m=[0m0 [3mphase_total_us[0m[2m=[0m3 [2m[3mdb.system[0m[2m=[0m"neo4j"[0m [2m[3mdb.operation.name[0m[2m=[0m"read"[0m
[2m2026-09-04T07:52:12.960005Z[0m [32m INFO[0m bolt RUN executed [3mevent_id[0m[2m=[0m"bolt.log.query" [3mquery[0m[2m=[0m
			MATCH (c:Category)<-[:PART_OF]-(p:Product)
			RETURN c.categoryName AS categoryName, count(p) AS productCount
			ORDER BY productCount DESC [3mfields[0m[2m=[0m["categoryName", "productCount"]
[2m2026-09-04T07:52:12.960012Z[0m [32m INFO[0m bolt message received [3mevent_id[0m[2m=[0m"bolt.log.run" [3msignature[0m[2m=[0m"0x3F"
[2m2026-09-04T07:52:12.960023Z[0m [32m INFO[0m bolt sending responses [3mevent_id[0m[2m=[0m"bolt.log.run" [3mresponse_count[0m[2m=[0m98 [3mresponse_bytes[0m[2m=[0m3243 [3mtransport[0m[2m=[0m"tcp"
[2m2026-09-04T07:52:12.960222Z[0m [32m INFO[0m bolt message received [3mevent_id[0m[2m=[0m"bolt.log.run" [3msignature[0m[2m=[0m"0x10"
[2m2026-09-04T07:52:12.960240Z[0m [32m INFO[0m [1mnornicdb.bolt.run[0m:[1mnornicdb.cypher.execute[0m: query result-cache hit phase breakdown [3mquery_hash[0m[2m=[0m233693625554658055 [3mphase_parse_cache_us[0m[2m=[0m1 [3mphase_compliance_us[0m[2m=[0m0 [3mphase_audit_spawn_us[0m[2m=[0m0 [3mphase_total_us[0m[2m=[0m3 [2m[3mdb.system[0m[2m=[0m"neo4j"[0m [2m[3mdb.operation.name[0m[2m=[0m"read"[0m
[2m2026-09-04T07:52:12.960248Z[0m [32m INFO[0m bolt RUN executed [3mevent_id[0m[2m=[0m"bolt.log.query" [3mquery[0m[2m=[0m
			MATCH (c:Category)<-[:PART_OF]-(p:Product)
			RETURN c.categoryName AS categoryName, count(p) AS productCount
			ORDER BY productCount DESC [3mfields[0m[2m=[0m["categoryName", "productCount"]
[2m2026-09-04T07:52:12.960253Z[0m [32m INFO[0m bolt message received [3mevent_id[0m[2m=[0m"bolt.log.run" [3msignature[0m[2m=[0m"0x3F"
[2m2026-09-04T07:52:12.960262Z[0m [32m INFO[0m bolt sending responses [3mevent_id[0m[2m=[0m"bolt.log.run" [3mresponse_count[0m[2m=[0m98 [3mresponse_bytes[0m[2m=[0m3243 [3mtransport[0m[2m=[0m"tcp"
[2m2026-09-04T07:52:12.960488Z[0m [32m INFO[0m bolt message received [3mevent_id[0m[2m=[0m"bolt.log.run" [3msignature[0m[2m=[0m"0x10"
[2m2026-09-04T07:52:12.960504Z[0m [32m INFO[0m [1mnornicdb.bolt.run[0m:[1mnornicdb.cypher.execute[0m: query result-cache hit phase breakdown [3mquery_hash[0m[2m=[0m233693625554658055 [3mphase_parse_cache_us[0m[2m=[0m1 [3mphase_compliance_us[0m[2m=[0m0 [3mphase_audit_spawn_us[0m[2m=[0m0 [3mphase_total_us[0m[2m=[0m2 [2m[3mdb.system[0m[2m=[0m"neo4j"[0m [2m[3mdb.operation.name[0m[2m=[0m"read"[0m
[2m2026-09-04T07:52:12.960511Z[0m [32m INFO[0m bolt RUN executed [3mevent_id[0m[2m=[0m"bolt.log.query" [3mquery[0m[2m=[0m
			MATCH (c:Category)<-[:PART_OF]-(p:Product)
			RETURN c.categoryName AS categoryName, count(p) AS productCount
			ORDER BY productCount DESC [3mfields[0m[2m=[0m["categoryName", "productCount"]
[2m2026-09-04T07:52:12.960516Z[0m [32m INFO[0m bolt message received [3mevent_id[0m[2m=[0m"bolt.log.run" [3msignature[0m[2m=[0m"0x3F"
[2m2026-09-04T07:52:12.960524Z[0m [32m INFO[0m bolt sending responses [3mevent_id[0m[2m=[0m"bolt.log.run" [3mresponse_count[0m[2m=[0m98 [3mresponse_bytes[0m[2m=[0m3243 [3mtransport[0m[2m=[0m"tcp"
[2m2026-09-04T07:52:12.960722Z[0m [32m INFO[0m bolt message received [3mevent_id[0m[2m=[0m"bolt.log.run" [3msignature[0m[2m=[0m"0x10"
[2m2026-09-04T07:52:12.960737Z[0m [32m INFO[0m [1mnornicdb.bolt.run[0m:[1mnornicdb.cypher.execute[0m: query result-cache hit phase breakdown [3mquery_hash[0m[2m=[0m233693625554658055 [3mphase_parse_cache_us[0m[2m=[0m1 [3mphase_compliance_us[0m[2m=[0m0 [3mphase_audit_spawn_us[0m[2m=[0m0 [3mphase_total_us[0m[2m=[0m3 [2m[3mdb.system[0m[2m=[0m"neo4j"[0m [2m[3mdb.operation.name[0m[2m=[0m"read"[0m
[2m2026-09-04T07:52:12.960745Z[0m [32m INFO[0m bolt RUN executed [3mevent_id[0m[2m=[0m"bolt.log.query" [3mquery[0m[2m=[0m
			MATCH (c:Category)<-[:PART_OF]-(p:Product)
			RETURN c.categoryName AS categoryName, count(p) AS productCount
			ORDER BY productCount DESC [3mfields[0m[2m=[0m["categoryName", "productCount"]
[2m2026-09-04T07:52:12.960751Z[0m [32m INFO[0m bolt message received [3mevent_id[0m[2m=[0m"bolt.log.run" [3msignature[0m[2m=[0m"0x3F"
[2m2026-09-04T07:52:12.960761Z[0m [32m INFO[0m bolt sending responses [3mevent_id[0m[2m=[0m"bolt.log.run" [3mresponse_count[0m[2m=[0m98 [3mresponse_bytes[0m[2m=[0m3243 [3mtransport[0m[2m=[0m"tcp"
[2m2026-09-04T07:52:12.960974Z[0m [32m INFO[0m bolt message received [3mevent_id[0m[2m=[0m"bolt.log.run" [3msignature[0m[2m=[0m"0x10"
[2m2026-09-04T07:52:12.960989Z[0m [32m INFO[0m [1mnornicdb.bolt.run[0m:[1mnornicdb.cypher.execute[0m: query result-cache hit phase breakdown [3mquery_hash[0m[2m=[0m233693625554658055 [3mphase_parse_cache_us[0m[2m=[0m1 [3mphase_compliance_us[0m[2m=[0m0 [3mphase_audit_spawn_us[0m[2m=[0m0 [3mphase_total_us[0m[2m=[0m3 [2m[3mdb.system[0m[2m=[0m"neo4j"[0m [2m[3mdb.operation.name[0m[2m=[0m"read"[0m
[2m2026-09-04T07:52:12.960997Z[0m [32m INFO[0m bolt RUN executed [3mevent_id[0m[2m=[0m"bolt.log.query" [3mquery[0m[2m=[0m
			MATCH (c:Category)<-[:PART_OF]-(p:Product)
			RETURN c.categoryName AS categoryName, count(p) AS productCount
			ORDER BY productCount DESC [3mfields[0m[2m=[0m["categoryName", "productCount"]
[2m2026-09-04T07:52:12.961003Z[0m [32m INFO[0m bolt message received [3mevent_id[0m[2m=[0m"bolt.log.run" [3msignature[0m[2m=[0m"0x3F"
[2m2026-09-04T07:52:12.961013Z[0m [32m INFO[0m bolt sending responses [3mevent_id[0m[2m=[0m"bolt.log.run" [3mresponse_count[0m[2m=[0m98 [3mresponse_bytes[0m[2m=[0m3243 [3mtransport[0m[2m=[0m"tcp"
[2m2026-09-04T07:52:12.961201Z[0m [32m INFO[0m bolt message received [3mevent_id[0m[2m=[0m"bolt.log.run" [3msignature[0m[2m=[0m"0x10"
[2m2026-09-04T07:52:12.961216Z[0m [32m INFO[0m [1mnornicdb.bolt.run[0m:[1mnornicdb.cypher.execute[0m: query result-cache hit phase breakdown [3mquery_hash[0m[2m=[0m233693625554658055 [3mphase_parse_cache_us[0m[2m=[0m1 [3mphase_compliance_us[0m[2m=[0m0 [3mphase_audit_spawn_us[0m[2m=[0m0 [3mphase_total_us[0m[2m=[0m3 [2m[3mdb.system[0m[2m=[0m"neo4j"[0m [2m[3mdb.operation.name[0m[2m=[0m"read"[0m
[2m2026-09-04T07:52:12.961224Z[0m [32m INFO[0m bolt RUN executed [3mevent_id[0m[2m=[0m"bolt.log.query" [3mquery[0m[2m=[0m
			MATCH (c:Category)<-[:PART_OF]-(p:Product)
			RETURN c.categoryName AS categoryName, count(p) AS productCount
			ORDER BY productCount DESC [3mfields[0m[2m=[0m["categoryName", "productCount"]
[2m2026-09-04T07:52:12.961230Z[0m [32m INFO[0m bolt message received [3mevent_id[0m[2m=[0m"bolt.log.run" [3msignature[0m[2m=[0m"0x3F"
[2m2026-09-04T07:52:12.961240Z[0m [32m INFO[0m bolt sending responses [3mevent_id[0m[2m=[0m"bolt.log.run" [3mresponse_count[0m[2m=[0m98 [3mresponse_bytes[0m[2m=[0m3243 [3mtransport[0m[2m=[0m"tcp"
[2m2026-09-04T07:52:12.961419Z[0m [32m INFO[0m bolt message received [3mevent_id[0m[2m=[0m"bolt.log.run" [3msignature[0m[2m=[0m"0x10"
[2m2026-09-04T07:52:12.961432Z[0m [32m INFO[0m [1mnornicdb.bolt.run[0m:[1mnornicdb.cypher.execute[0m: query result-cache hit phase breakdown [3mquery_hash[0m[2m=[0m233693625554658055 [3mphase_parse_cache_us[0m[2m=[0m1 [3mphase_compliance_us[0m[2m=[0m0 [3mphase_audit_spawn_us[0m[2m=[0m0 [3mphase_total_us[0m[2m=[0m2 [2m[3mdb.system[0m[2m=[0m"neo4j"[0m [2m[3mdb.operation.name[0m[2m=[0m"read"[0m
[2m2026-09-04T07:52:12.961439Z[0m [32m INFO[0m bolt RUN executed [3mevent_id[0m[2m=[0m"bolt.log.query" [3mquery[0m[2m=[0m
			MATCH (c:Category)<-[:PART_OF]-(p:Product)
			RETURN c.categoryName AS categoryName, count(p) AS productCount
			ORDER BY productCount DESC [3mfields[0m[2m=[0m["categoryName", "productCount"]
[2m2026-09-04T07:52:12.961444Z[0m [32m INFO[0m bolt message received [3mevent_id[0m[2m=[0m"bolt.log.run" [3msignature[0m[2m=[0m"0x3F"
[2m2026-09-04T07:52:12.961452Z[0m [32m INFO[0m bolt sending responses [3mevent_id[0m[2m=[0m"bolt.log.run" [3mresponse_count[0m[2m=[0m98 [3mresponse_bytes[0m[2m=[0m3243 [3mtransport[0m[2m=[0m"tcp"
[2m2026-09-04T07:52:12.961659Z[0m [32m INFO[0m bolt message received [3mevent_id[0m[2m=[0m"bolt.log.run" [3msignature[0m[2m=[0m"0x10"
[2m2026-09-04T07:52:12.961672Z[0m [32m INFO[0m [1mnornicdb.bolt.run[0m:[1mnornicdb.cypher.execute[0m: query result-cache hit phase breakdown [3mquery_hash[0m[2m=[0m233693625554658055 [3mphase_parse_cache_us[0m[2m=[0m1 [3mphase_compliance_us[0m[2m=[0m0 [3mphase_audit_spawn_us[0m[2m=[0m0 [3mphase_total_us[0m[2m=[0m2 [2m[3mdb.system[0m[2m=[0m"neo4j"[0m [2m[3mdb.operation.name[0m[2m=[0m"read"[0m
[2m2026-09-04T07:52:12.961680Z[0m [32m INFO[0m bolt RUN executed [3mevent_id[0m[2m=[0m"bolt.log.query" [3mquery[0m[2m=[0m
			MATCH (c:Category)<-[:PART_OF]-(p:Product)
			RETURN c.categoryName AS categoryName, count(p) AS productCount
			ORDER BY productCount DESC [3mfields[0m[2m=[0m["categoryName", "productCount"]
[2m2026-09-04T07:52:12.961685Z[0m [32m INFO[0m bolt message received [3mevent_id[0m[2m=[0m"bolt.log.run" [3msignature[0m[2m=[0m"0x3F"
[2m2026-09-04T07:52:12.961693Z[0m [32m INFO[0m bolt sending responses [3mevent_id[0m[2m=[0m"bolt.log.run" [3mresponse_count[0m[2m=[0m98 [3mresponse_bytes[0m[2m=[0m3243 [3mtransport[0m[2m=[0m"tcp"
[2m2026-09-04T07:52:12.961876Z[0m [32m INFO[0m bolt message received [3mevent_id[0m[2m=[0m"bolt.log.run" [3msignature[0m[2m=[0m"0x10"
[2m2026-09-04T07:52:12.961890Z[0m [32m INFO[0m [1mnornicdb.bolt.run[0m:[1mnornicdb.cypher.execute[0m: query result-cache hit phase breakdown [3mquery_hash[0m[2m=[0m233693625554658055 [3mphase_parse_cache_us[0m[2m=[0m1 [3mphase_compliance_us[0m[2m=[0m0 [3mphase_audit_spawn_us[0m[2m=[0m0 [3mphase_total_us[0m[2m=[0m2 [2m[3mdb.system[0m[2m=[0m"neo4j"[0m [2m[3mdb.operation.name[0m[2m=[0m"read"[0m
[2m2026-09-04T07:52:12.961898Z[0m [32m INFO[0m bolt RUN executed [3mevent_id[0m[2m=[0m"bolt.log.query" [3mquery[0m[2m=[0m
			MATCH (c:Category)<-[:PART_OF]-(p:Product)
			RETURN c.categoryName AS categoryName, count(p) AS productCount
			ORDER BY productCount DESC [3mfields[0m[2m=[0m["categoryName", "productCount"]
[2m2026-09-04T07:52:12.961904Z[0m [32m INFO[0m bolt message received [3mevent_id[0m[2m=[0m"bolt.log.run" [3msignature[0m[2m=[0m"0x3F"
[2m2026-09-04T07:52:12.961914Z[0m [32m INFO[0m bolt sending responses [3mevent_id[0m[2m=[0m"bolt.log.run" [3mresponse_count[0m[2m=[0m98 [3mresponse_bytes[0m[2m=[0m3243 [3mtransport[0m[2m=[0m"tcp"
[2m2026-09-04T07:52:12.962117Z[0m [32m INFO[0m bolt message received [3mevent_id[0m[2m=[0m"bolt.log.run" [3msignature[0m[2m=[0m"0x10"
[2m2026-09-04T07:52:14.488512Z[0m [32m INFO[0m [1mnornicdb.bolt.run[0m:[1mnornicdb.cypher.execute[0m: query phase breakdown [3mquery_hash[0m[2m=[0m14416929923106065123 [3mphase_parse_cache_us[0m[2m=[0m21 [3mphase_compliance_us[0m[2m=[0m0 [3mphase_pattern_us[0m[2m=[0m65 [3mphase_eval_us[0m[2m=[0m1526280 [3mphase_audit_us[0m[2m=[0m3 [3mphase_total_us[0m[2m=[0m1526369 [2m[3mdb.system[0m[2m=[0m"neo4j"[0m [2m[3mdb.operation.name[0m[2m=[0m"read"[0m
[2m2026-09-04T07:52:14.488584Z[0m [32m INFO[0m bolt RUN executed [3mevent_id[0m[2m=[0m"bolt.log.query" [3mquery[0m[2m=[0m
			MATCH (c:Customer)-[:PURCHASED]->(o:Order)-[:ORDERS]->(p:Product)-[:PART_OF]->(cat:Category)
			RETURN c.companyName AS companyName, cat.categoryName AS categoryName, count(DISTINCT o) AS orders
			ORDER BY orders DESC, companyName ASC, categoryName ASC
			LIMIT 10 [3mfields[0m[2m=[0m["companyName", "categoryName", "orders"]
[2m2026-09-04T07:52:14.488609Z[0m [32m INFO[0m bolt message received [3mevent_id[0m[2m=[0m"bolt.log.run" [3msignature[0m[2m=[0m"0x3F"
[2m2026-09-04T07:52:14.488620Z[0m [32m INFO[0m bolt sending responses [3mevent_id[0m[2m=[0m"bolt.log.run" [3mresponse_count[0m[2m=[0m12 [3mresponse_bytes[0m[2m=[0m671 [3mtransport[0m[2m=[0m"tcp"
[2m2026-09-04T07:52:14.488885Z[0m [32m INFO[0m bolt message received [3mevent_id[0m[2m=[0m"bolt.log.run" [3msignature[0m[2m=[0m"0x10"
[2m2026-09-04T07:52:14.488940Z[0m [32m INFO[0m [1mnornicdb.bolt.run[0m:[1mnornicdb.cypher.execute[0m: query result-cache hit phase breakdown [3mquery_hash[0m[2m=[0m14416929923106065123 [3mphase_parse_cache_us[0m[2m=[0m6 [3mphase_compliance_us[0m[2m=[0m8 [3mphase_audit_spawn_us[0m[2m=[0m0 [3mphase_total_us[0m[2m=[0m20 [2m[3mdb.system[0m[2m=[0m"neo4j"[0m [2m[3mdb.operation.name[0m[2m=[0m"read"[0m
[2m2026-09-04T07:52:14.488955Z[0m [32m INFO[0m bolt RUN executed [3mevent_id[0m[2m=[0m"bolt.log.query" [3mquery[0m[2m=[0m
			MATCH (c:Customer)-[:PURCHASED]->(o:Order)-[:ORDERS]->(p:Product)-[:PART_OF]->(cat:Category)
			RETURN c.companyName AS companyName, cat.categoryName AS categoryName, count(DISTINCT o) AS orders
			ORDER BY orders DESC, companyName ASC, categoryName ASC
			LIMIT 10 [3mfields[0m[2m=[0m["companyName", "categoryName", "orders"]
[2m2026-09-04T07:52:14.488962Z[0m [32m INFO[0m bolt message received [3mevent_id[0m[2m=[0m"bolt.log.run" [3msignature[0m[2m=[0m"0x3F"
[2m2026-09-04T07:52:14.488968Z[0m [32m INFO[0m bolt sending responses [3mevent_id[0m[2m=[0m"bolt.log.run" [3mresponse_count[0m[2m=[0m12 [3mresponse_bytes[0m[2m=[0m671 [3mtransport[0m[2m=[0m"tcp"
[2m2026-09-04T07:52:14.489112Z[0m [32m INFO[0m bolt message received [3mevent_id[0m[2m=[0m"bolt.log.run" [3msignature[0m[2m=[0m"0x10"
[2m2026-09-04T07:52:14.489136Z[0m [32m INFO[0m [1mnornicdb.bolt.run[0m:[1mnornicdb.cypher.execute[0m: query result-cache hit phase breakdown [3mquery_hash[0m[2m=[0m14416929923106065123 [3mphase_parse_cache_us[0m[2m=[0m2 [3mphase_compliance_us[0m[2m=[0m1 [3mphase_audit_spawn_us[0m[2m=[0m0 [3mphase_total_us[0m[2m=[0m5 [2m[3mdb.system[0m[2m=[0m"neo4j"[0m [2m[3mdb.operation.name[0m[2m=[0m"read"[0m
[2m2026-09-04T07:52:14.489147Z[0m [32m INFO[0m bolt RUN executed [3mevent_id[0m[2m=[0m"bolt.log.query" [3mquery[0m[2m=[0m
			MATCH (c:Customer)-[:PURCHASED]->(o:Order)-[:ORDERS]->(p:Product)-[:PART_OF]->(cat:Category)
			RETURN c.companyName AS companyName, cat.categoryName AS categoryName, count(DISTINCT o) AS orders
			ORDER BY orders DESC, companyName ASC, categoryName ASC
			LIMIT 10 [3mfields[0m[2m=[0m["companyName", "categoryName", "orders"]
[2m2026-09-04T07:52:14.489153Z[0m [32m INFO[0m bolt message received [3mevent_id[0m[2m=[0m"bolt.log.run" [3msignature[0m[2m=[0m"0x3F"
[2m2026-09-04T07:52:14.489159Z[0m [32m INFO[0m bolt sending responses [3mevent_id[0m[2m=[0m"bolt.log.run" [3mresponse_count[0m[2m=[0m12 [3mresponse_bytes[0m[2m=[0m671 [3mtransport[0m[2m=[0m"tcp"
[2m2026-09-04T07:52:14.489288Z[0m [32m INFO[0m bolt message received [3mevent_id[0m[2m=[0m"bolt.log.run" [3msignature[0m[2m=[0m"0x10"
[2m2026-09-04T07:52:14.489311Z[0m [32m INFO[0m [1mnornicdb.bolt.run[0m:[1mnornicdb.cypher.execute[0m: query result-cache hit phase breakdown [3mquery_hash[0m[2m=[0m14416929923106065123 [3mphase_parse_cache_us[0m[2m=[0m2 [3mphase_compliance_us[0m[2m=[0m1 [3mphase_audit_spawn_us[0m[2m=[0m0 [3mphase_total_us[0m[2m=[0m4 [2m[3mdb.system[0m[2m=[0m"neo4j"[0m [2m[3mdb.operation.name[0m[2m=[0m"read"[0m
[2m2026-09-04T07:52:14.489322Z[0m [32m INFO[0m bolt RUN executed [3mevent_id[0m[2m=[0m"bolt.log.query" [3mquery[0m[2m=[0m
			MATCH (c:Customer)-[:PURCHASED]->(o:Order)-[:ORDERS]->(p:Product)-[:PART_OF]->(cat:Category)
			RETURN c.companyName AS companyName, cat.categoryName AS categoryName, count(DISTINCT o) AS orders
			ORDER BY orders DESC, companyName ASC, categoryName ASC
			LIMIT 10 [3mfields[0m[2m=[0m["companyName", "categoryName", "orders"]
[2m2026-09-04T07:52:14.489328Z[0m [32m INFO[0m bolt message received [3mevent_id[0m[2m=[0m"bolt.log.run" [3msignature[0m[2m=[0m"0x3F"
[2m2026-09-04T07:52:14.489333Z[0m [32m INFO[0m bolt sending responses [3mevent_id[0m[2m=[0m"bolt.log.run" [3mresponse_count[0m[2m=[0m12 [3mresponse_bytes[0m[2m=[0m671 [3mtransport[0m[2m=[0m"tcp"
[2m2026-09-04T07:52:14.489449Z[0m [32m INFO[0m bolt message received [3mevent_id[0m[2m=[0m"bolt.log.run" [3msignature[0m[2m=[0m"0x10"
[2m2026-09-04T07:52:14.489471Z[0m [32m INFO[0m [1mnornicdb.bolt.run[0m:[1mnornicdb.cypher.execute[0m: query result-cache hit phase breakdown [3mquery_hash[0m[2m=[0m14416929923106065123 [3mphase_parse_cache_us[0m[2m=[0m2 [3mphase_compliance_us[0m[2m=[0m0 [3mphase_audit_spawn_us[0m[2m=[0m0 [3mphase_total_us[0m[2m=[0m9 [2m[3mdb.system[0m[2m=[0m"neo4j"[0m [2m[3mdb.operation.name[0m[2m=[0m"read"[0m
[2m2026-09-04T07:52:14.489479Z[0m [32m INFO[0m bolt RUN executed [3mevent_id[0m[2m=[0m"bolt.log.query" [3mquery[0m[2m=[0m
			MATCH (c:Customer)-[:PURCHASED]->(o:Order)-[:ORDERS]->(p:Product)-[:PART_OF]->(cat:Category)
			RETURN c.companyName AS companyName, cat.categoryName AS categoryName, count(DISTINCT o) AS orders
			ORDER BY orders DESC, companyName ASC, categoryName ASC
			LIMIT 10 [3mfields[0m[2m=[0m["companyName", "categoryName", "orders"]
[2m2026-09-04T07:52:14.489484Z[0m [32m INFO[0m bolt message received [3mevent_id[0m[2m=[0m"bolt.log.run" [3msignature[0m[2m=[0m"0x3F"
[2m2026-09-04T07:52:14.489488Z[0m [32m INFO[0m bolt sending responses [3mevent_id[0m[2m=[0m"bolt.log.run" [3mresponse_count[0m[2m=[0m12 [3mresponse_bytes[0m[2m=[0m671 [3mtransport[0m[2m=[0m"tcp"
[2m2026-09-04T07:52:14.489613Z[0m [32m INFO[0m bolt message received [3mevent_id[0m[2m=[0m"bolt.log.run" [3msignature[0m[2m=[0m"0x10"
[2m2026-09-04T07:52:14.489629Z[0m [32m INFO[0m [1mnornicdb.bolt.run[0m:[1mnornicdb.cypher.execute[0m: query result-cache hit phase breakdown [3mquery_hash[0m[2m=[0m14416929923106065123 [3mphase_parse_cache_us[0m[2m=[0m1 [3mphase_compliance_us[0m[2m=[0m0 [3mphase_audit_spawn_us[0m[2m=[0m0 [3mphase_total_us[0m[2m=[0m3 [2m[3mdb.system[0m[2m=[0m"neo4j"[0m [2m[3mdb.operation.name[0m[2m=[0m"read"[0m
[2m2026-09-04T07:52:14.489637Z[0m [32m INFO[0m bolt RUN executed [3mevent_id[0m[2m=[0m"bolt.log.query" [3mquery[0m[2m=[0m
			MATCH (c:Customer)-[:PURCHASED]->(o:Order)-[:ORDERS]->(p:Product)-[:PART_OF]->(cat:Category)
			RETURN c.companyName AS companyName, cat.categoryName AS categoryName, count(DISTINCT o) AS orders
			ORDER BY orders DESC, companyName ASC, categoryName ASC
			LIMIT 10 [3mfields[0m[2m=[0m["companyName", "categoryName", "orders"]
[2m2026-09-04T07:52:14.489643Z[0m [32m INFO[0m bolt message received [3mevent_id[0m[2m=[0m"bolt.log.run" [3msignature[0m[2m=[0m"0x3F"
[2m2026-09-04T07:52:14.489648Z[0m [32m INFO[0m bolt sending responses [3mevent_id[0m[2m=[0m"bolt.log.run" [3mresponse_count[0m[2m=[0m12 [3mresponse_bytes[0m[2m=[0m671 [3mtransport[0m[2m=[0m"tcp"
[2m2026-09-04T07:52:14.489764Z[0m [32m INFO[0m bolt message received [3mevent_id[0m[2m=[0m"bolt.log.run" [3msignature[0m[2m=[0m"0x10"
[2m2026-09-04T07:52:14.489778Z[0m [32m INFO[0m [1mnornicdb.bolt.run[0m:[1mnornicdb.cypher.execute[0m: query result-cache hit phase breakdown [3mquery_hash[0m[2m=[0m14416929923106065123 [3mphase_parse_cache_us[0m[2m=[0m1 [3mphase_compliance_us[0m[2m=[0m0 [3mphase_audit_spawn_us[0m[2m=[0m0 [3mphase_total_us[0m[2m=[0m3 [2m[3mdb.system[0m[2m=[0m"neo4j"[0m [2m[3mdb.operation.name[0m[2m=[0m"read"[0m
[2m2026-09-04T07:52:14.489786Z[0m [32m INFO[0m bolt RUN executed [3mevent_id[0m[2m=[0m"bolt.log.query" [3mquery[0m[2m=[0m
			MATCH (c:Customer)-[:PURCHASED]->(o:Order)-[:ORDERS]->(p:Product)-[:PART_OF]->(cat:Category)
			RETURN c.companyName AS companyName, cat.categoryName AS categoryName, count(DISTINCT o) AS orders
			ORDER BY orders DESC, companyName ASC, categoryName ASC
			LIMIT 10 [3mfields[0m[2m=[0m["companyName", "categoryName", "orders"]
[2m2026-09-04T07:52:14.489790Z[0m [32m INFO[0m bolt message received [3mevent_id[0m[2m=[0m"bolt.log.run" [3msignature[0m[2m=[0m"0x3F"
[2m2026-09-04T07:52:14.489804Z[0m [32m INFO[0m bolt sending responses [3mevent_id[0m[2m=[0m"bolt.log.run" [3mresponse_count[0m[2m=[0m12 [3mresponse_bytes[0m[2m=[0m671 [3mtransport[0m[2m=[0m"tcp"
[2m2026-09-04T07:52:14.489914Z[0m [32m INFO[0m bolt message received [3mevent_id[0m[2m=[0m"bolt.log.run" [3msignature[0m[2m=[0m"0x10"
[2m2026-09-04T07:52:14.489928Z[0m [32m INFO[0m [1mnornicdb.bolt.run[0m:[1mnornicdb.cypher.execute[0m: query result-cache hit phase breakdown [3mquery_hash[0m[2m=[0m14416929923106065123 [3mphase_parse_cache_us[0m[2m=[0m1 [3mphase_compliance_us[0m[2m=[0m0 [3mphase_audit_spawn_us[0m[2m=[0m0 [3mphase_total_us[0m[2m=[0m3 [2m[3mdb.system[0m[2m=[0m"neo4j"[0m [2m[3mdb.operation.name[0m[2m=[0m"read"[0m
[2m2026-09-04T07:52:14.489936Z[0m [32m INFO[0m bolt RUN executed [3mevent_id[0m[2m=[0m"bolt.log.query" [3mquery[0m[2m=[0m
			MATCH (c:Customer)-[:PURCHASED]->(o:Order)-[:ORDERS]->(p:Product)-[:PART_OF]->(cat:Category)
			RETURN c.companyName AS companyName, cat.categoryName AS categoryName, count(DISTINCT o) AS orders
			ORDER BY orders DESC, companyName ASC, categoryName ASC
			LIMIT 10 [3mfields[0m[2m=[0m["companyName", "categoryName", "orders"]
[2m2026-09-04T07:52:14.489940Z[0m [32m INFO[0m bolt message received [3mevent_id[0m[2m=[0m"bolt.log.run" [3msignature[0m[2m=[0m"0x3F"
[2m2026-09-04T07:52:14.489944Z[0m [32m INFO[0m bolt sending responses [3mevent_id[0m[2m=[0m"bolt.log.run" [3mresponse_count[0m[2m=[0m12 [3mresponse_bytes[0m[2m=[0m671 [3mtransport[0m[2m=[0m"tcp"
[2m2026-09-04T07:52:14.490070Z[0m [32m INFO[0m bolt message received [3mevent_id[0m[2m=[0m"bolt.log.run" [3msignature[0m[2m=[0m"0x10"
[2m2026-09-04T07:52:14.490084Z[0m [32m INFO[0m [1mnornicdb.bolt.run[0m:[1mnornicdb.cypher.execute[0m: query result-cache hit phase breakdown [3mquery_hash[0m[2m=[0m14416929923106065123 [3mphase_parse_cache_us[0m[2m=[0m1 [3mphase_compliance_us[0m[2m=[0m0 [3mphase_audit_spawn_us[0m[2m=[0m0 [3mphase_total_us[0m[2m=[0m3 [2m[3mdb.system[0m[2m=[0m"neo4j"[0m [2m[3mdb.operation.name[0m[2m=[0m"read"[0m
[2m2026-09-04T07:52:14.490092Z[0m [32m INFO[0m bolt RUN executed [3mevent_id[0m[2m=[0m"bolt.log.query" [3mquery[0m[2m=[0m
			MATCH (c:Customer)-[:PURCHASED]->(o:Order)-[:ORDERS]->(p:Product)-[:PART_OF]->(cat:Category)
			RETURN c.companyName AS companyName, cat.categoryName AS categoryName, count(DISTINCT o) AS orders
			ORDER BY orders DESC, companyName ASC, categoryName ASC
			LIMIT 10 [3mfields[0m[2m=[0m["companyName", "categoryName", "orders"]
[2m2026-09-04T07:52:14.490096Z[0m [32m INFO[0m bolt message received [3mevent_id[0m[2m=[0m"bolt.log.run" [3msignature[0m[2m=[0m"0x3F"
[2m2026-09-04T07:52:14.490100Z[0m [32m INFO[0m bolt sending responses [3mevent_id[0m[2m=[0m"bolt.log.run" [3mresponse_count[0m[2m=[0m12 [3mresponse_bytes[0m[2m=[0m671 [3mtransport[0m[2m=[0m"tcp"
[2m2026-09-04T07:52:14.490228Z[0m [32m INFO[0m bolt message received [3mevent_id[0m[2m=[0m"bolt.log.run" [3msignature[0m[2m=[0m"0x10"
[2m2026-09-04T07:52:14.490243Z[0m [32m INFO[0m [1mnornicdb.bolt.run[0m:[1mnornicdb.cypher.execute[0m: query result-cache hit phase breakdown [3mquery_hash[0m[2m=[0m14416929923106065123 [3mphase_parse_cache_us[0m[2m=[0m1 [3mphase_compliance_us[0m[2m=[0m0 [3mphase_audit_spawn_us[0m[2m=[0m0 [3mphase_total_us[0m[2m=[0m3 [2m[3mdb.system[0m[2m=[0m"neo4j"[0m [2m[3mdb.operation.name[0m[2m=[0m"read"[0m
[2m2026-09-04T07:52:14.490252Z[0m [32m INFO[0m bolt RUN executed [3mevent_id[0m[2m=[0m"bolt.log.query" [3mquery[0m[2m=[0m
			MATCH (c:Customer)-[:PURCHASED]->(o:Order)-[:ORDERS]->(p:Product)-[:PART_OF]->(cat:Category)
			RETURN c.companyName AS companyName, cat.categoryName AS categoryName, count(DISTINCT o) AS orders
			ORDER BY orders DESC, companyName ASC, categoryName ASC
			LIMIT 10 [3mfields[0m[2m=[0m["companyName", "categoryName", "orders"]
[2m2026-09-04T07:52:14.490257Z[0m [32m INFO[0m bolt message received [3mevent_id[0m[2m=[0m"bolt.log.run" [3msignature[0m[2m=[0m"0x3F"
[2m2026-09-04T07:52:14.490261Z[0m [32m INFO[0m bolt sending responses [3mevent_id[0m[2m=[0m"bolt.log.run" [3mresponse_count[0m[2m=[0m12 [3mresponse_bytes[0m[2m=[0m671 [3mtransport[0m[2m=[0m"tcp"
[2m2026-09-04T07:52:14.490386Z[0m [32m INFO[0m bolt message received [3mevent_id[0m[2m=[0m"bolt.log.run" [3msignature[0m[2m=[0m"0x10"
[2m2026-09-04T07:52:14.490400Z[0m [32m INFO[0m [1mnornicdb.bolt.run[0m:[1mnornicdb.cypher.execute[0m: query result-cache hit phase breakdown [3mquery_hash[0m[2m=[0m14416929923106065123 [3mphase_parse_cache_us[0m[2m=[0m1 [3mphase_compliance_us[0m[2m=[0m0 [3mphase_audit_spawn_us[0m[2m=[0m0 [3mphase_total_us[0m[2m=[0m3 [2m[3mdb.system[0m[2m=[0m"neo4j"[0m [2m[3mdb.operation.name[0m[2m=[0m"read"[0m
[2m2026-09-04T07:52:14.490408Z[0m [32m INFO[0m bolt RUN executed [3mevent_id[0m[2m=[0m"bolt.log.query" [3mquery[0m[2m=[0m
			MATCH (c:Customer)-[:PURCHASED]->(o:Order)-[:ORDERS]->(p:Product)-[:PART_OF]->(cat:Category)
			RETURN c.companyName AS companyName, cat.categoryName AS categoryName, count(DISTINCT o) AS orders
			ORDER BY orders DESC, companyName ASC, categoryName ASC
			LIMIT 10 [3mfields[0m[2m=[0m["companyName", "categoryName", "orders"]
[2m2026-09-04T07:52:14.490412Z[0m [32m INFO[0m bolt message received [3mevent_id[0m[2m=[0m"bolt.log.run" [3msignature[0m[2m=[0m"0x3F"
[2m2026-09-04T07:52:14.490416Z[0m [32m INFO[0m bolt sending responses [3mevent_id[0m[2m=[0m"bolt.log.run" [3mresponse_count[0m[2m=[0m12 [3mresponse_bytes[0m[2m=[0m671 [3mtransport[0m[2m=[0m"tcp"
[2m2026-09-04T07:52:14.490546Z[0m [32m INFO[0m bolt message received [3mevent_id[0m[2m=[0m"bolt.log.run" [3msignature[0m[2m=[0m"0x10"
[2m2026-09-04T07:52:14.490573Z[0m [32m INFO[0m [1mnornicdb.bolt.run[0m:[1mnornicdb.cypher.execute[0m: query result-cache hit phase breakdown [3mquery_hash[0m[2m=[0m14416929923106065123 [3mphase_parse_cache_us[0m[2m=[0m3 [3mphase_compliance_us[0m[2m=[0m1 [3mphase_audit_spawn_us[0m[2m=[0m0 [3mphase_total_us[0m[2m=[0m6 [2m[3mdb.system[0m[2m=[0m"neo4j"[0m [2m[3mdb.operation.name[0m[2m=[0m"read"[0m
[2m2026-09-04T07:52:14.490585Z[0m [32m INFO[0m bolt RUN executed [3mevent_id[0m[2m=[0m"bolt.log.query" [3mquery[0m[2m=[0m
			MATCH (c:Customer)-[:PURCHASED]->(o:Order)-[:ORDERS]->(p:Product)-[:PART_OF]->(cat:Category)
			RETURN c.companyName AS companyName, cat.categoryName AS categoryName, count(DISTINCT o) AS orders
			ORDER BY orders DESC, companyName ASC, categoryName ASC
			LIMIT 10 [3mfields[0m[2m=[0m["companyName", "categoryName", "orders"]
[2m2026-09-04T07:52:14.490595Z[0m [32m INFO[0m bolt message received [3mevent_id[0m[2m=[0m"bolt.log.run" [3msignature[0m[2m=[0m"0x3F"
[2m2026-09-04T07:52:14.490602Z[0m [32m INFO[0m bolt sending responses [3mevent_id[0m[2m=[0m"bolt.log.run" [3mresponse_count[0m[2m=[0m12 [3mresponse_bytes[0m[2m=[0m671 [3mtransport[0m[2m=[0m"tcp"
[2m2026-09-04T07:52:14.490774Z[0m [32m INFO[0m bolt message received [3mevent_id[0m[2m=[0m"bolt.log.run" [3msignature[0m[2m=[0m"0x10"
[2m2026-09-04T07:52:15.028495Z[0m [32m INFO[0m [1mnornicdb.bolt.run[0m:[1mnornicdb.cypher.execute[0m: query phase breakdown [3mquery_hash[0m[2m=[0m8477763540912732236 [3mphase_parse_cache_us[0m[2m=[0m76 [3mphase_compliance_us[0m[2m=[0m0 [3mphase_pattern_us[0m[2m=[0m47 [3mphase_eval_us[0m[2m=[0m537570 [3mphase_audit_us[0m[2m=[0m5 [3mphase_total_us[0m[2m=[0m537698 [2m[3mdb.system[0m[2m=[0m"neo4j"[0m [2m[3mdb.operation.name[0m[2m=[0m"read"[0m
[2m2026-09-04T07:52:15.028596Z[0m [32m INFO[0m bolt RUN executed [3mevent_id[0m[2m=[0m"bolt.log.query" [3mquery[0m[2m=[0m
			MATCH (p:Product)
			OPTIONAL MATCH (p)<-[r:ORDERS]-(o:Order)
			RETURN p.productName AS productName, count(o) AS orderCount
			ORDER BY orderCount DESC, productName ASC
			LIMIT 100 [3mfields[0m[2m=[0m["productName", "orderCount"]
[2m2026-09-04T07:52:15.028620Z[0m [32m INFO[0m bolt message received [3mevent_id[0m[2m=[0m"bolt.log.run" [3msignature[0m[2m=[0m"0x3F"
[2m2026-09-04T07:52:15.028637Z[0m [32m INFO[0m bolt sending responses [3mevent_id[0m[2m=[0m"bolt.log.run" [3mresponse_count[0m[2m=[0m102 [3mresponse_bytes[0m[2m=[0m3233 [3mtransport[0m[2m=[0m"tcp"
[2m2026-09-04T07:52:15.028982Z[0m [32m INFO[0m bolt message received [3mevent_id[0m[2m=[0m"bolt.log.run" [3msignature[0m[2m=[0m"0x10"
[2m2026-09-04T07:52:15.029031Z[0m [32m INFO[0m [1mnornicdb.bolt.run[0m:[1mnornicdb.cypher.execute[0m: query result-cache hit phase breakdown [3mquery_hash[0m[2m=[0m8477763540912732236 [3mphase_parse_cache_us[0m[2m=[0m8 [3mphase_compliance_us[0m[2m=[0m2 [3mphase_audit_spawn_us[0m[2m=[0m0 [3mphase_total_us[0m[2m=[0m13 [2m[3mdb.system[0m[2m=[0m"neo4j"[0m [2m[3mdb.operation.name[0m[2m=[0m"read"[0m
[2m2026-09-04T07:52:15.029046Z[0m [32m INFO[0m bolt RUN executed [3mevent_id[0m[2m=[0m"bolt.log.query" [3mquery[0m[2m=[0m
			MATCH (p:Product)
			OPTIONAL MATCH (p)<-[r:ORDERS]-(o:Order)
			RETURN p.productName AS productName, count(o) AS orderCount
			ORDER BY orderCount DESC, productName ASC
			LIMIT 100 [3mfields[0m[2m=[0m["productName", "orderCount"]
[2m2026-09-04T07:52:15.029053Z[0m [32m INFO[0m bolt message received [3mevent_id[0m[2m=[0m"bolt.log.run" [3msignature[0m[2m=[0m"0x3F"
[2m2026-09-04T07:52:15.029064Z[0m [32m INFO[0m bolt sending responses [3mevent_id[0m[2m=[0m"bolt.log.run" [3mresponse_count[0m[2m=[0m102 [3mresponse_bytes[0m[2m=[0m3233 [3mtransport[0m[2m=[0m"tcp"
[2m2026-09-04T07:52:15.029271Z[0m [32m INFO[0m bolt message received [3mevent_id[0m[2m=[0m"bolt.log.run" [3msignature[0m[2m=[0m"0x10"
[2m2026-09-04T07:52:15.029292Z[0m [32m INFO[0m [1mnornicdb.bolt.run[0m:[1mnornicdb.cypher.execute[0m: query result-cache hit phase breakdown [3mquery_hash[0m[2m=[0m8477763540912732236 [3mphase_parse_cache_us[0m[2m=[0m1 [3mphase_compliance_us[0m[2m=[0m0 [3mphase_audit_spawn_us[0m[2m=[0m0 [3mphase_total_us[0m[2m=[0m4 [2m[3mdb.system[0m[2m=[0m"neo4j"[0m [2m[3mdb.operation.name[0m[2m=[0m"read"[0m
[2m2026-09-04T07:52:15.029301Z[0m [32m INFO[0m bolt RUN executed [3mevent_id[0m[2m=[0m"bolt.log.query" [3mquery[0m[2m=[0m
			MATCH (p:Product)
			OPTIONAL MATCH (p)<-[r:ORDERS]-(o:Order)
			RETURN p.productName AS productName, count(o) AS orderCount
			ORDER BY orderCount DESC, productName ASC
			LIMIT 100 [3mfields[0m[2m=[0m["productName", "orderCount"]
[2m2026-09-04T07:52:15.029306Z[0m [32m INFO[0m bolt message received [3mevent_id[0m[2m=[0m"bolt.log.run" [3msignature[0m[2m=[0m"0x3F"
[2m2026-09-04T07:52:15.029316Z[0m [32m INFO[0m bolt sending responses [3mevent_id[0m[2m=[0m"bolt.log.run" [3mresponse_count[0m[2m=[0m102 [3mresponse_bytes[0m[2m=[0m3233 [3mtransport[0m[2m=[0m"tcp"
[2m2026-09-04T07:52:15.029502Z[0m [32m INFO[0m bolt message received [3mevent_id[0m[2m=[0m"bolt.log.run" [3msignature[0m[2m=[0m"0x10"
[2m2026-09-04T07:52:15.029520Z[0m [32m INFO[0m [1mnornicdb.bolt.run[0m:[1mnornicdb.cypher.execute[0m: query result-cache hit phase breakdown [3mquery_hash[0m[2m=[0m8477763540912732236 [3mphase_parse_cache_us[0m[2m=[0m1 [3mphase_compliance_us[0m[2m=[0m0 [3mphase_audit_spawn_us[0m[2m=[0m0 [3mphase_total_us[0m[2m=[0m3 [2m[3mdb.system[0m[2m=[0m"neo4j"[0m [2m[3mdb.operation.name[0m[2m=[0m"read"[0m
[2m2026-09-04T07:52:15.029528Z[0m [32m INFO[0m bolt RUN executed [3mevent_id[0m[2m=[0m"bolt.log.query" [3mquery[0m[2m=[0m
			MATCH (p:Product)
			OPTIONAL MATCH (p)<-[r:ORDERS]-(o:Order)
			RETURN p.productName AS productName, count(o) AS orderCount
			ORDER BY orderCount DESC, productName ASC
			LIMIT 100 [3mfields[0m[2m=[0m["productName", "orderCount"]
[2m2026-09-04T07:52:15.029533Z[0m [32m INFO[0m bolt message received [3mevent_id[0m[2m=[0m"bolt.log.run" [3msignature[0m[2m=[0m"0x3F"
[2m2026-09-04T07:52:15.029542Z[0m [32m INFO[0m bolt sending responses [3mevent_id[0m[2m=[0m"bolt.log.run" [3mresponse_count[0m[2m=[0m102 [3mresponse_bytes[0m[2m=[0m3233 [3mtransport[0m[2m=[0m"tcp"
[2m2026-09-04T07:52:15.029733Z[0m [32m INFO[0m bolt message received [3mevent_id[0m[2m=[0m"bolt.log.run" [3msignature[0m[2m=[0m"0x10"
[2m2026-09-04T07:52:15.029749Z[0m [32m INFO[0m [1mnornicdb.bolt.run[0m:[1mnornicdb.cypher.execute[0m: query result-cache hit phase breakdown [3mquery_hash[0m[2m=[0m8477763540912732236 [3mphase_parse_cache_us[0m[2m=[0m1 [3mphase_compliance_us[0m[2m=[0m0 [3mphase_audit_spawn_us[0m[2m=[0m0 [3mphase_total_us[0m[2m=[0m3 [2m[3mdb.system[0m[2m=[0m"neo4j"[0m [2m[3mdb.operation.name[0m[2m=[0m"read"[0m
[2m2026-09-04T07:52:15.029757Z[0m [32m INFO[0m bolt RUN executed [3mevent_id[0m[2m=[0m"bolt.log.query" [3mquery[0m[2m=[0m
			MATCH (p:Product)
			OPTIONAL MATCH (p)<-[r:ORDERS]-(o:Order)
			RETURN p.productName AS productName, count(o) AS orderCount
			ORDER BY orderCount DESC, productName ASC
			LIMIT 100 [3mfields[0m[2m=[0m["productName", "orderCount"]
[2m2026-09-04T07:52:15.029761Z[0m [32m INFO[0m bolt message received [3mevent_id[0m[2m=[0m"bolt.log.run" [3msignature[0m[2m=[0m"0x3F"
[2m2026-09-04T07:52:15.029770Z[0m [32m INFO[0m bolt sending responses [3mevent_id[0m[2m=[0m"bolt.log.run" [3mresponse_count[0m[2m=[0m102 [3mresponse_bytes[0m[2m=[0m3233 [3mtransport[0m[2m=[0m"tcp"
[2m2026-09-04T07:52:15.029951Z[0m [32m INFO[0m bolt message received [3mevent_id[0m[2m=[0m"bolt.log.run" [3msignature[0m[2m=[0m"0x10"
[2m2026-09-04T07:52:15.029966Z[0m [32m INFO[0m [1mnornicdb.bolt.run[0m:[1mnornicdb.cypher.execute[0m: query result-cache hit phase breakdown [3mquery_hash[0m[2m=[0m8477763540912732236 [3mphase_parse_cache_us[0m[2m=[0m1 [3mphase_compliance_us[0m[2m=[0m0 [3mphase_audit_spawn_us[0m[2m=[0m0 [3mphase_total_us[0m[2m=[0m3 [2m[3mdb.system[0m[2m=[0m"neo4j"[0m [2m[3mdb.operation.name[0m[2m=[0m"read"[0m
[2m2026-09-04T07:52:15.029974Z[0m [32m INFO[0m bolt RUN executed [3mevent_id[0m[2m=[0m"bolt.log.query" [3mquery[0m[2m=[0m
			MATCH (p:Product)
			OPTIONAL MATCH (p)<-[r:ORDERS]-(o:Order)
			RETURN p.productName AS productName, count(o) AS orderCount
			ORDER BY orderCount DESC, productName ASC
			LIMIT 100 [3mfields[0m[2m=[0m["productName", "orderCount"]
[2m2026-09-04T07:52:15.029979Z[0m [32m INFO[0m bolt message received [3mevent_id[0m[2m=[0m"bolt.log.run" [3msignature[0m[2m=[0m"0x3F"
[2m2026-09-04T07:52:15.029987Z[0m [32m INFO[0m bolt sending responses [3mevent_id[0m[2m=[0m"bolt.log.run" [3mresponse_count[0m[2m=[0m102 [3mresponse_bytes[0m[2m=[0m3233 [3mtransport[0m[2m=[0m"tcp"
[2m2026-09-04T07:52:15.030164Z[0m [32m INFO[0m bolt message received [3mevent_id[0m[2m=[0m"bolt.log.run" [3msignature[0m[2m=[0m"0x10"
[2m2026-09-04T07:52:15.030178Z[0m [32m INFO[0m [1mnornicdb.bolt.run[0m:[1mnornicdb.cypher.execute[0m: query result-cache hit phase breakdown [3mquery_hash[0m[2m=[0m8477763540912732236 [3mphase_parse_cache_us[0m[2m=[0m1 [3mphase_compliance_us[0m[2m=[0m0 [3mphase_audit_spawn_us[0m[2m=[0m0 [3mphase_total_us[0m[2m=[0m3 [2m[3mdb.system[0m[2m=[0m"neo4j"[0m [2m[3mdb.operation.name[0m[2m=[0m"read"[0m
[2m2026-09-04T07:52:15.030186Z[0m [32m INFO[0m bolt RUN executed [3mevent_id[0m[2m=[0m"bolt.log.query" [3mquery[0m[2m=[0m
			MATCH (p:Product)
			OPTIONAL MATCH (p)<-[r:ORDERS]-(o:Order)
			RETURN p.productName AS productName, count(o) AS orderCount
			ORDER BY orderCount DESC, productName ASC
			LIMIT 100 [3mfields[0m[2m=[0m["productName", "orderCount"]
[2m2026-09-04T07:52:15.030191Z[0m [32m INFO[0m bolt message received [3mevent_id[0m[2m=[0m"bolt.log.run" [3msignature[0m[2m=[0m"0x3F"
[2m2026-09-04T07:52:15.030199Z[0m [32m INFO[0m bolt sending responses [3mevent_id[0m[2m=[0m"bolt.log.run" [3mresponse_count[0m[2m=[0m102 [3mresponse_bytes[0m[2m=[0m3233 [3mtransport[0m[2m=[0m"tcp"
[2m2026-09-04T07:52:15.030391Z[0m [32m INFO[0m bolt message received [3mevent_id[0m[2m=[0m"bolt.log.run" [3msignature[0m[2m=[0m"0x10"
[2m2026-09-04T07:52:15.030406Z[0m [32m INFO[0m [1mnornicdb.bolt.run[0m:[1mnornicdb.cypher.execute[0m: query result-cache hit phase breakdown [3mquery_hash[0m[2m=[0m8477763540912732236 [3mphase_parse_cache_us[0m[2m=[0m1 [3mphase_compliance_us[0m[2m=[0m0 [3mphase_audit_spawn_us[0m[2m=[0m0 [3mphase_total_us[0m[2m=[0m3 [2m[3mdb.system[0m[2m=[0m"neo4j"[0m [2m[3mdb.operation.name[0m[2m=[0m"read"[0m
[2m2026-09-04T07:52:15.030414Z[0m [32m INFO[0m bolt RUN executed [3mevent_id[0m[2m=[0m"bolt.log.query" [3mquery[0m[2m=[0m
			MATCH (p:Product)
			OPTIONAL MATCH (p)<-[r:ORDERS]-(o:Order)
			RETURN p.productName AS productName, count(o) AS orderCount
			ORDER BY orderCount DESC, productName ASC
			LIMIT 100 [3mfields[0m[2m=[0m["productName", "orderCount"]
[2m2026-09-04T07:52:15.030419Z[0m [32m INFO[0m bolt message received [3mevent_id[0m[2m=[0m"bolt.log.run" [3msignature[0m[2m=[0m"0x3F"
[2m2026-09-04T07:52:15.030430Z[0m [32m INFO[0m bolt sending responses [3mevent_id[0m[2m=[0m"bolt.log.run" [3mresponse_count[0m[2m=[0m102 [3mresponse_bytes[0m[2m=[0m3233 [3mtransport[0m[2m=[0m"tcp"
[2m2026-09-04T07:52:15.030632Z[0m [32m INFO[0m bolt message received [3mevent_id[0m[2m=[0m"bolt.log.run" [3msignature[0m[2m=[0m"0x10"
[2m2026-09-04T07:52:15.030647Z[0m [32m INFO[0m [1mnornicdb.bolt.run[0m:[1mnornicdb.cypher.execute[0m: query result-cache hit phase breakdown [3mquery_hash[0m[2m=[0m8477763540912732236 [3mphase_parse_cache_us[0m[2m=[0m1 [3mphase_compliance_us[0m[2m=[0m0 [3mphase_audit_spawn_us[0m[2m=[0m0 [3mphase_total_us[0m[2m=[0m3 [2m[3mdb.system[0m[2m=[0m"neo4j"[0m [2m[3mdb.operation.name[0m[2m=[0m"read"[0m
[2m2026-09-04T07:52:15.030655Z[0m [32m INFO[0m bolt RUN executed [3mevent_id[0m[2m=[0m"bolt.log.query" [3mquery[0m[2m=[0m
			MATCH (p:Product)
			OPTIONAL MATCH (p)<-[r:ORDERS]-(o:Order)
			RETURN p.productName AS productName, count(o) AS orderCount
			ORDER BY orderCount DESC, productName ASC
			LIMIT 100 [3mfields[0m[2m=[0m["productName", "orderCount"]
[2m2026-09-04T07:52:15.030661Z[0m [32m INFO[0m bolt message received [3mevent_id[0m[2m=[0m"bolt.log.run" [3msignature[0m[2m=[0m"0x3F"
[2m2026-09-04T07:52:15.030672Z[0m [32m INFO[0m bolt sending responses [3mevent_id[0m[2m=[0m"bolt.log.run" [3mresponse_count[0m[2m=[0m102 [3mresponse_bytes[0m[2m=[0m3233 [3mtransport[0m[2m=[0m"tcp"
[2m2026-09-04T07:52:15.030860Z[0m [32m INFO[0m bolt message received [3mevent_id[0m[2m=[0m"bolt.log.run" [3msignature[0m[2m=[0m"0x10"
[2m2026-09-04T07:52:15.030874Z[0m [32m INFO[0m [1mnornicdb.bolt.run[0m:[1mnornicdb.cypher.execute[0m: query result-cache hit phase breakdown [3mquery_hash[0m[2m=[0m8477763540912732236 [3mphase_parse_cache_us[0m[2m=[0m1 [3mphase_compliance_us[0m[2m=[0m0 [3mphase_audit_spawn_us[0m[2m=[0m0 [3mphase_total_us[0m[2m=[0m3 [2m[3mdb.system[0m[2m=[0m"neo4j"[0m [2m[3mdb.operation.name[0m[2m=[0m"read"[0m
[2m2026-09-04T07:52:15.030882Z[0m [32m INFO[0m bolt RUN executed [3mevent_id[0m[2m=[0m"bolt.log.query" [3mquery[0m[2m=[0m
			MATCH (p:Product)
			OPTIONAL MATCH (p)<-[r:ORDERS]-(o:Order)
			RETURN p.productName AS productName, count(o) AS orderCount
			ORDER BY orderCount DESC, productName ASC
			LIMIT 100 [3mfields[0m[2m=[0m["productName", "orderCount"]
[2m2026-09-04T07:52:15.030888Z[0m [32m INFO[0m bolt message received [3mevent_id[0m[2m=[0m"bolt.log.run" [3msignature[0m[2m=[0m"0x3F"
[2m2026-09-04T07:52:15.030899Z[0m [32m INFO[0m bolt sending responses [3mevent_id[0m[2m=[0m"bolt.log.run" [3mresponse_count[0m[2m=[0m102 [3mresponse_bytes[0m[2m=[0m3233 [3mtransport[0m[2m=[0m"tcp"
[2m2026-09-04T07:52:15.031090Z[0m [32m INFO[0m bolt message received [3mevent_id[0m[2m=[0m"bolt.log.run" [3msignature[0m[2m=[0m"0x10"
[2m2026-09-04T07:52:15.031104Z[0m [32m INFO[0m [1mnornicdb.bolt.run[0m:[1mnornicdb.cypher.execute[0m: query result-cache hit phase breakdown [3mquery_hash[0m[2m=[0m8477763540912732236 [3mphase_parse_cache_us[0m[2m=[0m1 [3mphase_compliance_us[0m[2m=[0m0 [3mphase_audit_spawn_us[0m[2m=[0m0 [3mphase_total_us[0m[2m=[0m3 [2m[3mdb.system[0m[2m=[0m"neo4j"[0m [2m[3mdb.operation.name[0m[2m=[0m"read"[0m
[2m2026-09-04T07:52:15.031112Z[0m [32m INFO[0m bolt RUN executed [3mevent_id[0m[2m=[0m"bolt.log.query" [3mquery[0m[2m=[0m
			MATCH (p:Product)
			OPTIONAL MATCH (p)<-[r:ORDERS]-(o:Order)
			RETURN p.productName AS productName, count(o) AS orderCount
			ORDER BY orderCount DESC, productName ASC
			LIMIT 100 [3mfields[0m[2m=[0m["productName", "orderCount"]
[2m2026-09-04T07:52:15.031117Z[0m [32m INFO[0m bolt message received [3mevent_id[0m[2m=[0m"bolt.log.run" [3msignature[0m[2m=[0m"0x3F"
[2m2026-09-04T07:52:15.031128Z[0m [32m INFO[0m bolt sending responses [3mevent_id[0m[2m=[0m"bolt.log.run" [3mresponse_count[0m[2m=[0m102 [3mresponse_bytes[0m[2m=[0m3233 [3mtransport[0m[2m=[0m"tcp"
[2m2026-09-04T07:52:15.031312Z[0m [32m INFO[0m bolt message received [3mevent_id[0m[2m=[0m"bolt.log.run" [3msignature[0m[2m=[0m"0x10"
[2m2026-09-04T07:52:15.031325Z[0m [32m INFO[0m [1mnornicdb.bolt.run[0m:[1mnornicdb.cypher.execute[0m: query result-cache hit phase breakdown [3mquery_hash[0m[2m=[0m8477763540912732236 [3mphase_parse_cache_us[0m[2m=[0m1 [3mphase_compliance_us[0m[2m=[0m0 [3mphase_audit_spawn_us[0m[2m=[0m0 [3mphase_total_us[0m[2m=[0m2 [2m[3mdb.system[0m[2m=[0m"neo4j"[0m [2m[3mdb.operation.name[0m[2m=[0m"read"[0m
[2m2026-09-04T07:52:15.031333Z[0m [32m INFO[0m bolt RUN executed [3mevent_id[0m[2m=[0m"bolt.log.query" [3mquery[0m[2m=[0m
			MATCH (p:Product)
			OPTIONAL MATCH (p)<-[r:ORDERS]-(o:Order)
			RETURN p.productName AS productName, count(o) AS orderCount
			ORDER BY orderCount DESC, productName ASC
			LIMIT 100 [3mfields[0m[2m=[0m["productName", "orderCount"]
[2m2026-09-04T07:52:15.031337Z[0m [32m INFO[0m bolt message received [3mevent_id[0m[2m=[0m"bolt.log.run" [3msignature[0m[2m=[0m"0x3F"
[2m2026-09-04T07:52:15.031345Z[0m [32m INFO[0m bolt sending responses [3mevent_id[0m[2m=[0m"bolt.log.run" [3mresponse_count[0m[2m=[0m102 [3mresponse_bytes[0m[2m=[0m3233 [3mtransport[0m[2m=[0m"tcp"
[2m2026-09-04T07:52:15.031547Z[0m [32m INFO[0m bolt message received [3mevent_id[0m[2m=[0m"bolt.log.run" [3msignature[0m[2m=[0m"0x10"
[2m2026-09-04T07:52:15.601692Z[0m [32m INFO[0m [1mnornicdb.bolt.run[0m:[1mnornicdb.cypher.execute[0m: query phase breakdown [3mquery_hash[0m[2m=[0m10401505851687644304 [3mphase_parse_cache_us[0m[2m=[0m55 [3mphase_compliance_us[0m[2m=[0m1 [3mphase_pattern_us[0m[2m=[0m24 [3mphase_eval_us[0m[2m=[0m570038 [3mphase_audit_us[0m[2m=[0m4 [3mphase_total_us[0m[2m=[0m570122 [2m[3mdb.system[0m[2m=[0m"neo4j"[0m [2m[3mdb.operation.name[0m[2m=[0m"read"[0m
[2m2026-09-04T07:52:15.601773Z[0m [32m INFO[0m bolt RUN executed [3mevent_id[0m[2m=[0m"bolt.log.query" [3mquery[0m[2m=[0m
			MATCH (p:Product)<-[r:ORDERS]-(:Order)
			WITH p, sum(p.unitPrice * r.quantity) AS revenue
			RETURN p.productName AS productName, revenue
			ORDER BY revenue DESC, productName ASC
			LIMIT 10 [3mfields[0m[2m=[0m["productName", "revenue"]
[2m2026-09-04T07:52:15.601797Z[0m [32m INFO[0m bolt message received [3mevent_id[0m[2m=[0m"bolt.log.run" [3msignature[0m[2m=[0m"0x3F"
[2m2026-09-04T07:52:15.601808Z[0m [32m INFO[0m bolt sending responses [3mevent_id[0m[2m=[0m"bolt.log.run" [3mresponse_count[0m[2m=[0m12 [3mresponse_bytes[0m[2m=[0m480 [3mtransport[0m[2m=[0m"tcp"
[2m2026-09-04T07:52:15.602042Z[0m [32m INFO[0m bolt message received [3mevent_id[0m[2m=[0m"bolt.log.run" [3msignature[0m[2m=[0m"0x10"
[2m2026-09-04T07:52:15.602095Z[0m [32m INFO[0m [1mnornicdb.bolt.run[0m:[1mnornicdb.cypher.execute[0m: query result-cache hit phase breakdown [3mquery_hash[0m[2m=[0m10401505851687644304 [3mphase_parse_cache_us[0m[2m=[0m11 [3mphase_compliance_us[0m[2m=[0m2 [3mphase_audit_spawn_us[0m[2m=[0m0 [3mphase_total_us[0m[2m=[0m16 [2m[3mdb.system[0m[2m=[0m"neo4j"[0m [2m[3mdb.operation.name[0m[2m=[0m"read"[0m
[2m2026-09-04T07:52:15.602110Z[0m [32m INFO[0m bolt RUN executed [3mevent_id[0m[2m=[0m"bolt.log.query" [3mquery[0m[2m=[0m
			MATCH (p:Product)<-[r:ORDERS]-(:Order)
			WITH p, sum(p.unitPrice * r.quantity) AS revenue
			RETURN p.productName AS productName, revenue
			ORDER BY revenue DESC, productName ASC
			LIMIT 10 [3mfields[0m[2m=[0m["productName", "revenue"]
[2m2026-09-04T07:52:15.602120Z[0m [32m INFO[0m bolt message received [3mevent_id[0m[2m=[0m"bolt.log.run" [3msignature[0m[2m=[0m"0x3F"
[2m2026-09-04T07:52:15.602126Z[0m [32m INFO[0m bolt sending responses [3mevent_id[0m[2m=[0m"bolt.log.run" [3mresponse_count[0m[2m=[0m12 [3mresponse_bytes[0m[2m=[0m480 [3mtransport[0m[2m=[0m"tcp"
[2m2026-09-04T07:52:15.602248Z[0m [32m INFO[0m bolt message received [3mevent_id[0m[2m=[0m"bolt.log.run" [3msignature[0m[2m=[0m"0x10"
[2m2026-09-04T07:52:15.602269Z[0m [32m INFO[0m [1mnornicdb.bolt.run[0m:[1mnornicdb.cypher.execute[0m: query result-cache hit phase breakdown [3mquery_hash[0m[2m=[0m10401505851687644304 [3mphase_parse_cache_us[0m[2m=[0m2 [3mphase_compliance_us[0m[2m=[0m0 [3mphase_audit_spawn_us[0m[2m=[0m0 [3mphase_total_us[0m[2m=[0m4 [2m[3mdb.system[0m[2m=[0m"neo4j"[0m [2m[3mdb.operation.name[0m[2m=[0m"read"[0m
[2m2026-09-04T07:52:15.602281Z[0m [32m INFO[0m bolt RUN executed [3mevent_id[0m[2m=[0m"bolt.log.query" [3mquery[0m[2m=[0m
			MATCH (p:Product)<-[r:ORDERS]-(:Order)
			WITH p, sum(p.unitPrice * r.quantity) AS revenue
			RETURN p.productName AS productName, revenue
			ORDER BY revenue DESC, productName ASC
			LIMIT 10 [3mfields[0m[2m=[0m["productName", "revenue"]
[2m2026-09-04T07:52:15.602289Z[0m [32m INFO[0m bolt message received [3mevent_id[0m[2m=[0m"bolt.log.run" [3msignature[0m[2m=[0m"0x3F"
[2m2026-09-04T07:52:15.602295Z[0m [32m INFO[0m bolt sending responses [3mevent_id[0m[2m=[0m"bolt.log.run" [3mresponse_count[0m[2m=[0m12 [3mresponse_bytes[0m[2m=[0m480 [3mtransport[0m[2m=[0m"tcp"
[2m2026-09-04T07:52:15.602418Z[0m [32m INFO[0m bolt message received [3mevent_id[0m[2m=[0m"bolt.log.run" [3msignature[0m[2m=[0m"0x10"
[2m2026-09-04T07:52:15.602436Z[0m [32m INFO[0m [1mnornicdb.bolt.run[0m:[1mnornicdb.cypher.execute[0m: query result-cache hit phase breakdown [3mquery_hash[0m[2m=[0m10401505851687644304 [3mphase_parse_cache_us[0m[2m=[0m1 [3mphase_compliance_us[0m[2m=[0m0 [3mphase_audit_spawn_us[0m[2m=[0m0 [3mphase_total_us[0m[2m=[0m3 [2m[3mdb.system[0m[2m=[0m"neo4j"[0m [2m[3mdb.operation.name[0m[2m=[0m"read"[0m
[2m2026-09-04T07:52:15.602443Z[0m [32m INFO[0m bolt RUN executed [3mevent_id[0m[2m=[0m"bolt.log.query" [3mquery[0m[2m=[0m
			MATCH (p:Product)<-[r:ORDERS]-(:Order)
			WITH p, sum(p.unitPrice * r.quantity) AS revenue
			RETURN p.productName AS productName, revenue
			ORDER BY revenue DESC, productName ASC
			LIMIT 10 [3mfields[0m[2m=[0m["productName", "revenue"]
[2m2026-09-04T07:52:15.602448Z[0m [32m INFO[0m bolt message received [3mevent_id[0m[2m=[0m"bolt.log.run" [3msignature[0m[2m=[0m"0x3F"
[2m2026-09-04T07:52:15.602453Z[0m [32m INFO[0m bolt sending responses [3mevent_id[0m[2m=[0m"bolt.log.run" [3mresponse_count[0m[2m=[0m12 [3mresponse_bytes[0m[2m=[0m480 [3mtransport[0m[2m=[0m"tcp"
[2m2026-09-04T07:52:15.602571Z[0m [32m INFO[0m bolt message received [3mevent_id[0m[2m=[0m"bolt.log.run" [3msignature[0m[2m=[0m"0x10"
[2m2026-09-04T07:52:15.602587Z[0m [32m INFO[0m [1mnornicdb.bolt.run[0m:[1mnornicdb.cypher.execute[0m: query result-cache hit phase breakdown [3mquery_hash[0m[2m=[0m10401505851687644304 [3mphase_parse_cache_us[0m[2m=[0m1 [3mphase_compliance_us[0m[2m=[0m0 [3mphase_audit_spawn_us[0m[2m=[0m0 [3mphase_total_us[0m[2m=[0m3 [2m[3mdb.system[0m[2m=[0m"neo4j"[0m [2m[3mdb.operation.name[0m[2m=[0m"read"[0m
[2m2026-09-04T07:52:15.602594Z[0m [32m INFO[0m bolt RUN executed [3mevent_id[0m[2m=[0m"bolt.log.query" [3mquery[0m[2m=[0m
			MATCH (p:Product)<-[r:ORDERS]-(:Order)
			WITH p, sum(p.unitPrice * r.quantity) AS revenue
			RETURN p.productName AS productName, revenue
			ORDER BY revenue DESC, productName ASC
			LIMIT 10 [3mfields[0m[2m=[0m["productName", "revenue"]
[2m2026-09-04T07:52:15.602599Z[0m [32m INFO[0m bolt message received [3mevent_id[0m[2m=[0m"bolt.log.run" [3msignature[0m[2m=[0m"0x3F"
[2m2026-09-04T07:52:15.602604Z[0m [32m INFO[0m bolt sending responses [3mevent_id[0m[2m=[0m"bolt.log.run" [3mresponse_count[0m[2m=[0m12 [3mresponse_bytes[0m[2m=[0m480 [3mtransport[0m[2m=[0m"tcp"
[2m2026-09-04T07:52:15.602715Z[0m [32m INFO[0m bolt message received [3mevent_id[0m[2m=[0m"bolt.log.run" [3msignature[0m[2m=[0m"0x10"
[2m2026-09-04T07:52:15.602730Z[0m [32m INFO[0m [1mnornicdb.bolt.run[0m:[1mnornicdb.cypher.execute[0m: query result-cache hit phase breakdown [3mquery_hash[0m[2m=[0m10401505851687644304 [3mphase_parse_cache_us[0m[2m=[0m1 [3mphase_compliance_us[0m[2m=[0m0 [3mphase_audit_spawn_us[0m[2m=[0m0 [3mphase_total_us[0m[2m=[0m3 [2m[3mdb.system[0m[2m=[0m"neo4j"[0m [2m[3mdb.operation.name[0m[2m=[0m"read"[0m
[2m2026-09-04T07:52:15.602737Z[0m [32m INFO[0m bolt RUN executed [3mevent_id[0m[2m=[0m"bolt.log.query" [3mquery[0m[2m=[0m
			MATCH (p:Product)<-[r:ORDERS]-(:Order)
			WITH p, sum(p.unitPrice * r.quantity) AS revenue
			RETURN p.productName AS productName, revenue
			ORDER BY revenue DESC, productName ASC
			LIMIT 10 [3mfields[0m[2m=[0m["productName", "revenue"]
[2m2026-09-04T07:52:15.602742Z[0m [32m INFO[0m bolt message received [3mevent_id[0m[2m=[0m"bolt.log.run" [3msignature[0m[2m=[0m"0x3F"
[2m2026-09-04T07:52:15.602746Z[0m [32m INFO[0m bolt sending responses [3mevent_id[0m[2m=[0m"bolt.log.run" [3mresponse_count[0m[2m=[0m12 [3mresponse_bytes[0m[2m=[0m480 [3mtransport[0m[2m=[0m"tcp"
[2m2026-09-04T07:52:15.602864Z[0m [32m INFO[0m bolt message received [3mevent_id[0m[2m=[0m"bolt.log.run" [3msignature[0m[2m=[0m"0x10"
[2m2026-09-04T07:52:15.602878Z[0m [32m INFO[0m [1mnornicdb.bolt.run[0m:[1mnornicdb.cypher.execute[0m: query result-cache hit phase breakdown [3mquery_hash[0m[2m=[0m10401505851687644304 [3mphase_parse_cache_us[0m[2m=[0m1 [3mphase_compliance_us[0m[2m=[0m0 [3mphase_audit_spawn_us[0m[2m=[0m0 [3mphase_total_us[0m[2m=[0m3 [2m[3mdb.system[0m[2m=[0m"neo4j"[0m [2m[3mdb.operation.name[0m[2m=[0m"read"[0m
[2m2026-09-04T07:52:15.602886Z[0m [32m INFO[0m bolt RUN executed [3mevent_id[0m[2m=[0m"bolt.log.query" [3mquery[0m[2m=[0m
			MATCH (p:Product)<-[r:ORDERS]-(:Order)
			WITH p, sum(p.unitPrice * r.quantity) AS revenue
			RETURN p.productName AS productName, revenue
			ORDER BY revenue DESC, productName ASC
			LIMIT 10 [3mfields[0m[2m=[0m["productName", "revenue"]
[2m2026-09-04T07:52:15.602891Z[0m [32m INFO[0m bolt message received [3mevent_id[0m[2m=[0m"bolt.log.run" [3msignature[0m[2m=[0m"0x3F"
[2m2026-09-04T07:52:15.602895Z[0m [32m INFO[0m bolt sending responses [3mevent_id[0m[2m=[0m"bolt.log.run" [3mresponse_count[0m[2m=[0m12 [3mresponse_bytes[0m[2m=[0m480 [3mtransport[0m[2m=[0m"tcp"
[2m2026-09-04T07:52:15.603017Z[0m [32m INFO[0m bolt message received [3mevent_id[0m[2m=[0m"bolt.log.run" [3msignature[0m[2m=[0m"0x10"
[2m2026-09-04T07:52:15.603031Z[0m [32m INFO[0m [1mnornicdb.bolt.run[0m:[1mnornicdb.cypher.execute[0m: query result-cache hit phase breakdown [3mquery_hash[0m[2m=[0m10401505851687644304 [3mphase_parse_cache_us[0m[2m=[0m1 [3mphase_compliance_us[0m[2m=[0m0 [3mphase_audit_spawn_us[0m[2m=[0m0 [3mphase_total_us[0m[2m=[0m3 [2m[3mdb.system[0m[2m=[0m"neo4j"[0m [2m[3mdb.operation.name[0m[2m=[0m"read"[0m
[2m2026-09-04T07:52:15.603039Z[0m [32m INFO[0m bolt RUN executed [3mevent_id[0m[2m=[0m"bolt.log.query" [3mquery[0m[2m=[0m
			MATCH (p:Product)<-[r:ORDERS]-(:Order)
			WITH p, sum(p.unitPrice * r.quantity) AS revenue
			RETURN p.productName AS productName, revenue
			ORDER BY revenue DESC, productName ASC
			LIMIT 10 [3mfields[0m[2m=[0m["productName", "revenue"]
[2m2026-09-04T07:52:15.603043Z[0m [32m INFO[0m bolt message received [3mevent_id[0m[2m=[0m"bolt.log.run" [3msignature[0m[2m=[0m"0x3F"
[2m2026-09-04T07:52:15.603047Z[0m [32m INFO[0m bolt sending responses [3mevent_id[0m[2m=[0m"bolt.log.run" [3mresponse_count[0m[2m=[0m12 [3mresponse_bytes[0m[2m=[0m480 [3mtransport[0m[2m=[0m"tcp"
[2m2026-09-04T07:52:15.603179Z[0m [32m INFO[0m bolt message received [3mevent_id[0m[2m=[0m"bolt.log.run" [3msignature[0m[2m=[0m"0x10"
[2m2026-09-04T07:52:15.603193Z[0m [32m INFO[0m [1mnornicdb.bolt.run[0m:[1mnornicdb.cypher.execute[0m: query result-cache hit phase breakdown [3mquery_hash[0m[2m=[0m10401505851687644304 [3mphase_parse_cache_us[0m[2m=[0m1 [3mphase_compliance_us[0m[2m=[0m0 [3mphase_audit_spawn_us[0m[2m=[0m0 [3mphase_total_us[0m[2m=[0m3 [2m[3mdb.system[0m[2m=[0m"neo4j"[0m [2m[3mdb.operation.name[0m[2m=[0m"read"[0m
[2m2026-09-04T07:52:15.603201Z[0m [32m INFO[0m bolt RUN executed [3mevent_id[0m[2m=[0m"bolt.log.query" [3mquery[0m[2m=[0m
			MATCH (p:Product)<-[r:ORDERS]-(:Order)
			WITH p, sum(p.unitPrice * r.quantity) AS revenue
			RETURN p.productName AS productName, revenue
			ORDER BY revenue DESC, productName ASC
			LIMIT 10 [3mfields[0m[2m=[0m["productName", "revenue"]
[2m2026-09-04T07:52:15.603205Z[0m [32m INFO[0m bolt message received [3mevent_id[0m[2m=[0m"bolt.log.run" [3msignature[0m[2m=[0m"0x3F"
[2m2026-09-04T07:52:15.603209Z[0m [32m INFO[0m bolt sending responses [3mevent_id[0m[2m=[0m"bolt.log.run" [3mresponse_count[0m[2m=[0m12 [3mresponse_bytes[0m[2m=[0m480 [3mtransport[0m[2m=[0m"tcp"
[2m2026-09-04T07:52:15.603329Z[0m [32m INFO[0m bolt message received [3mevent_id[0m[2m=[0m"bolt.log.run" [3msignature[0m[2m=[0m"0x10"
[2m2026-09-04T07:52:15.603343Z[0m [32m INFO[0m [1mnornicdb.bolt.run[0m:[1mnornicdb.cypher.execute[0m: query result-cache hit phase breakdown [3mquery_hash[0m[2m=[0m10401505851687644304 [3mphase_parse_cache_us[0m[2m=[0m1 [3mphase_compliance_us[0m[2m=[0m0 [3mphase_audit_spawn_us[0m[2m=[0m0 [3mphase_total_us[0m[2m=[0m3 [2m[3mdb.system[0m[2m=[0m"neo4j"[0m [2m[3mdb.operation.name[0m[2m=[0m"read"[0m
[2m2026-09-04T07:52:15.603351Z[0m [32m INFO[0m bolt RUN executed [3mevent_id[0m[2m=[0m"bolt.log.query" [3mquery[0m[2m=[0m
			MATCH (p:Product)<-[r:ORDERS]-(:Order)
			WITH p, sum(p.unitPrice * r.quantity) AS revenue
			RETURN p.productName AS productName, revenue
			ORDER BY revenue DESC, productName ASC
			LIMIT 10 [3mfields[0m[2m=[0m["productName", "revenue"]
[2m2026-09-04T07:52:15.603356Z[0m [32m INFO[0m bolt message received [3mevent_id[0m[2m=[0m"bolt.log.run" [3msignature[0m[2m=[0m"0x3F"
[2m2026-09-04T07:52:15.603360Z[0m [32m INFO[0m bolt sending responses [3mevent_id[0m[2m=[0m"bolt.log.run" [3mresponse_count[0m[2m=[0m12 [3mresponse_bytes[0m[2m=[0m480 [3mtransport[0m[2m=[0m"tcp"
[2m2026-09-04T07:52:15.603477Z[0m [32m INFO[0m bolt message received [3mevent_id[0m[2m=[0m"bolt.log.run" [3msignature[0m[2m=[0m"0x10"
[2m2026-09-04T07:52:15.603495Z[0m [32m INFO[0m [1mnornicdb.bolt.run[0m:[1mnornicdb.cypher.execute[0m: query result-cache hit phase breakdown [3mquery_hash[0m[2m=[0m10401505851687644304 [3mphase_parse_cache_us[0m[2m=[0m1 [3mphase_compliance_us[0m[2m=[0m5 [3mphase_audit_spawn_us[0m[2m=[0m0 [3mphase_total_us[0m[2m=[0m7 [2m[3mdb.system[0m[2m=[0m"neo4j"[0m [2m[3mdb.operation.name[0m[2m=[0m"read"[0m
[2m2026-09-04T07:52:15.603502Z[0m [32m INFO[0m bolt RUN executed [3mevent_id[0m[2m=[0m"bolt.log.query" [3mquery[0m[2m=[0m
			MATCH (p:Product)<-[r:ORDERS]-(:Order)
			WITH p, sum(p.unitPrice * r.quantity) AS revenue
			RETURN p.productName AS productName, revenue
			ORDER BY revenue DESC, productName ASC
			LIMIT 10 [3mfields[0m[2m=[0m["productName", "revenue"]
[2m2026-09-04T07:52:15.603506Z[0m [32m INFO[0m bolt message received [3mevent_id[0m[2m=[0m"bolt.log.run" [3msignature[0m[2m=[0m"0x3F"
[2m2026-09-04T07:52:15.603511Z[0m [32m INFO[0m bolt sending responses [3mevent_id[0m[2m=[0m"bolt.log.run" [3mresponse_count[0m[2m=[0m12 [3mresponse_bytes[0m[2m=[0m480 [3mtransport[0m[2m=[0m"tcp"
[2m2026-09-04T07:52:15.603629Z[0m [32m INFO[0m bolt message received [3mevent_id[0m[2m=[0m"bolt.log.run" [3msignature[0m[2m=[0m"0x10"
[2m2026-09-04T07:52:15.603642Z[0m [32m INFO[0m [1mnornicdb.bolt.run[0m:[1mnornicdb.cypher.execute[0m: query result-cache hit phase breakdown [3mquery_hash[0m[2m=[0m10401505851687644304 [3mphase_parse_cache_us[0m[2m=[0m1 [3mphase_compliance_us[0m[2m=[0m0 [3mphase_audit_spawn_us[0m[2m=[0m0 [3mphase_total_us[0m[2m=[0m2 [2m[3mdb.system[0m[2m=[0m"neo4j"[0m [2m[3mdb.operation.name[0m[2m=[0m"read"[0m
[2m2026-09-04T07:52:15.603649Z[0m [32m INFO[0m bolt RUN executed [3mevent_id[0m[2m=[0m"bolt.log.query" [3mquery[0m[2m=[0m
			MATCH (p:Product)<-[r:ORDERS]-(:Order)
			WITH p, sum(p.unitPrice * r.quantity) AS revenue
			RETURN p.productName AS productName, revenue
			ORDER BY revenue DESC, productName ASC
			LIMIT 10 [3mfields[0m[2m=[0m["productName", "revenue"]
[2m2026-09-04T07:52:15.603653Z[0m [32m INFO[0m bolt message received [3mevent_id[0m[2m=[0m"bolt.log.run" [3msignature[0m[2m=[0m"0x3F"
[2m2026-09-04T07:52:15.603658Z[0m [32m INFO[0m bolt sending responses [3mevent_id[0m[2m=[0m"bolt.log.run" [3mresponse_count[0m[2m=[0m12 [3mresponse_bytes[0m[2m=[0m480 [3mtransport[0m[2m=[0m"tcp"
